{
  "id" : "f8968202-d092-4d57-ba4f-10263bd813f4",
  "name" : "Employees2SelectOffsetLimit",
  "component_id" : "dc16ccf6-67f4-4135-95ca-42e055af53c4",
  "endpoint_id" : "ecf90047-17bc-45a0-86c8-3e5a36d04d91",
  "action_id" : "e12c41a9-992a-41fd-b611-1deca6ef4b57",
  "structure_json" : {
    "type" : "jsonb",
    "value" : "{}",
    "null" : false
  },
  "config_json" : {
    "type" : "jsonb",
    "value" : "{\"count\": null, \"joins\": [], \"limit\": null, \"nulls\": \"\", \"where\": {\"predicates\": []}, \"action\": \"Custom\", \"fields\": {\"input\": [{\"key\": \"/Employees2SelectOffsetLimitInput/parameters[]\", \"type\": \"array\", \"title\": \"parameters\", \"value\": {\"type\": \"array\"}, \"children\": [{\"id\": \"b1af12d9-54b9-46e0-b755-22e47767261b\", \"key\": \"/Employees2SelectOffsetLimitInput/parameters[]/limit\", \"type\": \"node\", \"order\": 1, \"title\": \"limit\", \"value\": {\"type\": \"integer\"}, \"children\": [], \"editAllow\": true, \"actualType\": \"integer\", \"childrenSet\": false, \"hasChildren\": false, \"dataElementType\": \"integer\", \"encryption_required\": false}, {\"id\": \"f1c066dd-7f1a-4ec3-a9a8-2fb082fdd6a0\", \"key\": \"/Employees2SelectOffsetLimitInput/parameters[]/offset\", \"type\": \"node\", \"order\": 1, \"title\": \"offset\", \"value\": {\"type\": \"integer\"}, \"children\": [], \"editAllow\": true, \"actualType\": \"integer\", \"childrenSet\": false, \"hasChildren\": false, \"dataElementType\": \"integer\", \"encryption_required\": false}], \"childrenSet\": false, \"hasChildren\": false, \"dataElementType\": \"documentArray\", \"encryption_required\": false}], \"output\": [{\"key\": \"/Employees2SelectOffsetLimitOutput\", \"type\": \"object\", \"title\": \"Employees2SelectOffsetLimitOutput\", \"value\": {\"type\": \"object\"}, \"children\": [{\"key\": \"/Employees2SelectOffsetLimitOutput/success\", \"type\": \"boolean\", \"title\": \"success\", \"value\": {\"type\": \"object\"}, \"childrenSet\": false, \"hasChildren\": false, \"dataElementType\": \"boolean\", \"encryption_required\": false}, {\"key\": \"/Employees2SelectOffsetLimitOutput/response\", \"type\": \"object\", \"title\": \"response\", \"value\": {\"type\": \"object\"}, \"children\": [{\"key\": \"/Employees2SelectOffsetLimitOutput/response/resultSet[]\", \"type\": \"array\", \"title\": \"resultSet\", \"value\": {\"type\": \"array\"}, \"children\": [{\"id\": \"53e98e60-2571-4d10-8f4c-9bbd1fe47316\", \"key\": \"/Employees2SelectOffsetLimitOutput/response/resultSet[]/id\", \"type\": \"node\", \"order\": 1, \"title\": \"id\", \"value\": {\"type\": \"number\"}, \"children\": [], \"editAllow\": true, \"actualType\": \"number\", \"childrenSet\": false, \"hasChildren\": false, \"dataElementType\": \"number\", \"encryption_required\": false}, {\"id\": \"0d4413de-4ac3-4f49-acc7-b5e40d94c3e0\", \"key\": \"/Employees2SelectOffsetLimitOutput/response/resultSet[]/first_name\", \"type\": \"node\", \"order\": 1, \"title\": \"first_name\", \"value\": {\"type\": \"string\"}, \"children\": [], \"editAllow\": true, \"actualType\": \"text\", \"childrenSet\": false, \"hasChildren\": false, \"dataElementType\": \"string\", \"encryption_required\": false}, {\"id\": \"f56fe290-d3c1-4324-89a7-a96f4bee94f3\", \"key\": \"/Employees2SelectOffsetLimitOutput/response/resultSet[]/last_name\", \"type\": \"node\", \"order\": 1, \"title\": \"last_name\", \"value\": {\"type\": \"string\"}, \"children\": [], \"editAllow\": true, \"actualType\": \"text\", \"childrenSet\": false, \"hasChildren\": false, \"dataElementType\": \"string\", \"encryption_required\": false}, {\"id\": \"f86c9141-e96c-4142-b165-54995661b33b\", \"key\": \"/Employees2SelectOffsetLimitOutput/response/resultSet[]/email\", \"type\": \"node\", \"order\": 1, \"title\": \"email\", \"value\": {\"type\": \"string\"}, \"children\": [], \"editAllow\": true, \"actualType\": \"text\", \"childrenSet\": false, \"hasChildren\": false, \"dataElementType\": \"string\", \"encryption_required\": false}, {\"id\": \"f7648635-4d78-4825-8365-47f7adaeedb5\", \"key\": \"/Employees2SelectOffsetLimitOutput/response/resultSet[]/gender\", \"type\": \"node\", \"order\": 1, \"title\": \"gender\", \"value\": {\"type\": \"string\"}, \"children\": [], \"editAllow\": true, \"actualType\": \"text\", \"childrenSet\": false, \"hasChildren\": false, \"dataElementType\": \"string\", \"encryption_required\": false}, {\"id\": \"44ccf543-e1bf-4470-9d9d-498c0584a99c\", \"key\": \"/Employees2SelectOffsetLimitOutput/response/resultSet[]/job_title\", \"type\": \"node\", \"order\": 1, \"title\": \"job_title\", \"value\": {\"type\": \"string\"}, \"children\": [], \"editAllow\": true, \"actualType\": \"text\", \"childrenSet\": false, \"hasChildren\": false, \"dataElementType\": \"string\", \"encryption_required\": false}, {\"id\": \"b3f48df1-bf16-4dc6-a2f7-20b868f8c499\", \"key\": \"/Employees2SelectOffsetLimitOutput/response/resultSet[]/state\", \"type\": \"node\", \"order\": 1, \"title\": \"state\", \"value\": {\"type\": \"string\"}, \"children\": [], \"editAllow\": true, \"actualType\": \"text\", \"childrenSet\": false, \"hasChildren\": false, \"dataElementType\": \"string\", \"encryption_required\": false}, {\"id\": \"bc465604-c777-4f96-b6de-688942d55623\", \"key\": \"/Employees2SelectOffsetLimitOutput/response/resultSet[]/city\", \"type\": \"node\", \"order\": 1, \"title\": \"city\", \"value\": {\"type\": \"string\"}, \"children\": [], \"editAllow\": true, \"actualType\": \"text\", \"childrenSet\": false, \"hasChildren\": false, \"dataElementType\": \"string\", \"encryption_required\": false}], \"childrenSet\": false, \"hasChildren\": false, \"dataElementType\": \"documentArray\", \"encryption_required\": false}], \"childrenSet\": false, \"hasChildren\": true, \"dataElementType\": \"document\", \"encryption_required\": false}, {\"key\": \"/Employees2SelectOffsetLimitOutput/errors[]\", \"type\": \"array\", \"title\": \"errors\", \"value\": {}, \"children\": [{\"key\": \"/Employees2SelectOffsetLimitOutput/errors[]/error\", \"type\": \"object\", \"title\": \"error\", \"value\": {\"type\": \"object\"}, \"children\": [{\"key\": \"/Employees2SelectOffsetLimitOutput/errors[]/error/message\", \"type\": \"string\", \"title\": \"message\", \"value\": {\"type\": \"object\"}, \"childrenSet\": false, \"hasChildren\": false, \"dataElementType\": \"string\", \"encryption_required\": false}], \"childrenSet\": false, \"hasChildren\": true, \"dataElementType\": \"document\", \"encryption_required\": false}], \"childrenSet\": false, \"hasChildren\": true, \"dataElementType\": \"documentArray\", \"encryption_required\": false}], \"childrenSet\": false, \"hasChildren\": true, \"dataElementType\": \"document\", \"encryption_required\": false}]}, \"uiConfig\": {\"selectedTableList\": [], \"batchConfiguration\": {}}, \"databaseType\": \"PostgreSql\"}",
    "null" : false
  },
  "display_query" : "SELECT employees2.id AS id , employees2.first_name AS first_name , employees2.last_name AS last_name , employees2.email AS email , employees2.gender AS gender , employees2.job_title AS job_title , employees2.state AS state , employees2.city AS city\nFROM public.employees2\nORDER BY id\nLIMIT :limit OFFSET :offset;",
  "input_structure" : {
    "type" : "jsonb",
    "value" : "[{\"key\": \"/Employees2SelectOffsetLimitInput\", \"type\": \"object\", \"title\": \"Employees2SelectOffsetLimitInput\", \"value\": {\"type\": \"object\"}, \"children\": [{\"key\": \"/Employees2SelectOffsetLimitInput/parameters[]\", \"type\": \"array\", \"title\": \"parameters\", \"value\": {\"type\": \"array\"}, \"children\": [{\"id\": \"b1af12d9-54b9-46e0-b755-22e47767261b\", \"key\": \"/Employees2SelectOffsetLimitInput/parameters[]/limit\", \"type\": \"node\", \"order\": 1, \"title\": \"limit\", \"value\": {\"type\": \"integer\"}, \"children\": [], \"editAllow\": true, \"actualType\": \"integer\", \"childrenSet\": false, \"hasChildren\": false, \"dataElementType\": \"integer\", \"encryption_required\": false}, {\"id\": \"f1c066dd-7f1a-4ec3-a9a8-2fb082fdd6a0\", \"key\": \"/Employees2SelectOffsetLimitInput/parameters[]/offset\", \"type\": \"node\", \"order\": 1, \"title\": \"offset\", \"value\": {\"type\": \"integer\"}, \"children\": [], \"editAllow\": true, \"actualType\": \"integer\", \"childrenSet\": false, \"hasChildren\": false, \"dataElementType\": \"integer\", \"encryption_required\": false}], \"childrenSet\": false, \"hasChildren\": false, \"dataElementType\": \"documentArray\", \"encryption_required\": false}], \"childrenSet\": false, \"hasChildren\": true, \"dataElementType\": \"document\", \"encryption_required\": false}]",
    "null" : false
  },
  "output_structure" : {
    "type" : "jsonb",
    "value" : "[{\"key\": \"/Employees2SelectOffsetLimitOutput\", \"type\": \"object\", \"title\": \"Employees2SelectOffsetLimitOutput\", \"value\": {\"type\": \"object\"}, \"children\": [{\"key\": \"/Employees2SelectOffsetLimitOutput/success\", \"type\": \"boolean\", \"title\": \"success\", \"value\": {\"type\": \"object\"}, \"childrenSet\": false, \"hasChildren\": false, \"dataElementType\": \"boolean\", \"encryption_required\": false}, {\"key\": \"/Employees2SelectOffsetLimitOutput/response\", \"type\": \"object\", \"title\": \"response\", \"value\": {\"type\": \"object\"}, \"children\": [{\"key\": \"/Employees2SelectOffsetLimitOutput/response/resultSet[]\", \"type\": \"array\", \"title\": \"resultSet\", \"value\": {\"type\": \"array\"}, \"children\": [{\"id\": \"53e98e60-2571-4d10-8f4c-9bbd1fe47316\", \"key\": \"/Employees2SelectOffsetLimitOutput/response/resultSet[]/id\", \"type\": \"node\", \"order\": 1, \"title\": \"id\", \"value\": {\"type\": \"number\"}, \"children\": [], \"editAllow\": true, \"actualType\": \"number\", \"childrenSet\": false, \"hasChildren\": false, \"dataElementType\": \"number\", \"encryption_required\": false}, {\"id\": \"0d4413de-4ac3-4f49-acc7-b5e40d94c3e0\", \"key\": \"/Employees2SelectOffsetLimitOutput/response/resultSet[]/first_name\", \"type\": \"node\", \"order\": 1, \"title\": \"first_name\", \"value\": {\"type\": \"string\"}, \"children\": [], \"editAllow\": true, \"actualType\": \"text\", \"childrenSet\": false, \"hasChildren\": false, \"dataElementType\": \"string\", \"encryption_required\": false}, {\"id\": \"f56fe290-d3c1-4324-89a7-a96f4bee94f3\", \"key\": \"/Employees2SelectOffsetLimitOutput/response/resultSet[]/last_name\", \"type\": \"node\", \"order\": 1, \"title\": \"last_name\", \"value\": {\"type\": \"string\"}, \"children\": [], \"editAllow\": true, \"actualType\": \"text\", \"childrenSet\": false, \"hasChildren\": false, \"dataElementType\": \"string\", \"encryption_required\": false}, {\"id\": \"f86c9141-e96c-4142-b165-54995661b33b\", \"key\": \"/Employees2SelectOffsetLimitOutput/response/resultSet[]/email\", \"type\": \"node\", \"order\": 1, \"title\": \"email\", \"value\": {\"type\": \"string\"}, \"children\": [], \"editAllow\": true, \"actualType\": \"text\", \"childrenSet\": false, \"hasChildren\": false, \"dataElementType\": \"string\", \"encryption_required\": false}, {\"id\": \"f7648635-4d78-4825-8365-47f7adaeedb5\", \"key\": \"/Employees2SelectOffsetLimitOutput/response/resultSet[]/gender\", \"type\": \"node\", \"order\": 1, \"title\": \"gender\", \"value\": {\"type\": \"string\"}, \"children\": [], \"editAllow\": true, \"actualType\": \"text\", \"childrenSet\": false, \"hasChildren\": false, \"dataElementType\": \"string\", \"encryption_required\": false}, {\"id\": \"44ccf543-e1bf-4470-9d9d-498c0584a99c\", \"key\": \"/Employees2SelectOffsetLimitOutput/response/resultSet[]/job_title\", \"type\": \"node\", \"order\": 1, \"title\": \"job_title\", \"value\": {\"type\": \"string\"}, \"children\": [], \"editAllow\": true, \"actualType\": \"text\", \"childrenSet\": false, \"hasChildren\": false, \"dataElementType\": \"string\", \"encryption_required\": false}, {\"id\": \"b3f48df1-bf16-4dc6-a2f7-20b868f8c499\", \"key\": \"/Employees2SelectOffsetLimitOutput/response/resultSet[]/state\", \"type\": \"node\", \"order\": 1, \"title\": \"state\", \"value\": {\"type\": \"string\"}, \"children\": [], \"editAllow\": true, \"actualType\": \"text\", \"childrenSet\": false, \"hasChildren\": false, \"dataElementType\": \"string\", \"encryption_required\": false}, {\"id\": \"bc465604-c777-4f96-b6de-688942d55623\", \"key\": \"/Employees2SelectOffsetLimitOutput/response/resultSet[]/city\", \"type\": \"node\", \"order\": 1, \"title\": \"city\", \"value\": {\"type\": \"string\"}, \"children\": [], \"editAllow\": true, \"actualType\": \"text\", \"childrenSet\": false, \"hasChildren\": false, \"dataElementType\": \"string\", \"encryption_required\": false}], \"childrenSet\": false, \"hasChildren\": false, \"dataElementType\": \"documentArray\", \"encryption_required\": false}], \"childrenSet\": false, \"hasChildren\": true, \"dataElementType\": \"document\", \"encryption_required\": false}, {\"key\": \"/Employees2SelectOffsetLimitOutput/errors[]\", \"type\": \"array\", \"title\": \"errors\", \"value\": {}, \"children\": [{\"key\": \"/Employees2SelectOffsetLimitOutput/errors[]/error\", \"type\": \"object\", \"title\": \"error\", \"value\": {\"type\": \"object\"}, \"children\": [{\"key\": \"/Employees2SelectOffsetLimitOutput/errors[]/error/message\", \"type\": \"string\", \"title\": \"message\", \"value\": {\"type\": \"object\"}, \"childrenSet\": false, \"hasChildren\": false, \"dataElementType\": \"string\", \"encryption_required\": false}], \"childrenSet\": false, \"hasChildren\": true, \"dataElementType\": \"document\", \"encryption_required\": false}], \"childrenSet\": false, \"hasChildren\": true, \"dataElementType\": \"documentArray\", \"encryption_required\": false}], \"childrenSet\": false, \"hasChildren\": true, \"dataElementType\": \"document\", \"encryption_required\": false}]",
    "null" : false
  },
  "description" : "Employees2SelectOffsetLimit",
  "comments" : "",
  "db_query" : "SELECT employees2.id AS id , employees2.first_name AS first_name , employees2.last_name AS last_name , employees2.email AS email , employees2.gender AS gender , employees2.job_title AS job_title , employees2.state AS state , employees2.city AS city\nFROM public.employees2\nORDER BY id\nLIMIT :limit OFFSET :offset;",
  "tag" : "V23",
  "active" : false,
  "is_changed" : false,
  "endpoint_tag" : "EMPTY",
  "endpoint_project_id" : "94afffa5-622e-4445-9e23-5019119fbd0b",
  "endpoint_project_tag" : "EMPTY",
  "comment" : "Added Decimal Format example",
  "input_data_object_id" : null,
  "input_data_object_tag" : "EMPTY",
  "input_data_object_project_id" : null,
  "input_data_object_project_tag" : "EMPTY",
  "output_data_object_id" : null,
  "output_data_object_tag" : "EMPTY",
  "output_data_object_project_id" : null,
  "output_data_object_project_tag" : "EMPTY",
  "base_tag" : "V22",
  "endpoint_project_mode_id" : "112c1cb8-4b9e-4d1a-a042-0bd031dc7d05",
  "input_data_object_project_mode_id" : "112c1cb8-4b9e-4d1a-a042-0bd031dc7d05",
  "output_data_object_project_mode_id" : "112c1cb8-4b9e-4d1a-a042-0bd031dc7d05",
  "test_input" : {
    "type" : "jsonb",
    "value" : "{}",
    "null" : false
  },
  "test_input_structure" : {
    "type" : "jsonb",
    "value" : "[{\"key\": \"/Employees2SelectOffsetLimitInput\", \"type\": \"object\", \"title\": \"Employees2SelectOffsetLimitInput\", \"value\": {\"type\": \"object\"}, \"children\": [{\"key\": \"/Employees2SelectOffsetLimitInput/parameters[]\", \"type\": \"array\", \"title\": \"parameters\", \"value\": {\"type\": \"array\"}, \"children\": [{\"id\": \"b1af12d9-54b9-46e0-b755-22e47767261b\", \"key\": \"/Employees2SelectOffsetLimitInput/parameters[]/limit\", \"type\": \"node\", \"order\": 1, \"title\": \"limit\", \"value\": {\"type\": \"integer\"}, \"children\": [], \"editAllow\": true, \"actualType\": \"integer\", \"childrenSet\": false, \"hasChildren\": false, \"dataElementType\": \"integer\", \"encryption_required\": false}, {\"id\": \"f1c066dd-7f1a-4ec3-a9a8-2fb082fdd6a0\", \"key\": \"/Employees2SelectOffsetLimitInput/parameters[]/offset\", \"type\": \"node\", \"order\": 1, \"title\": \"offset\", \"value\": {\"type\": \"integer\"}, \"children\": [], \"editAllow\": true, \"actualType\": \"integer\", \"childrenSet\": false, \"hasChildren\": false, \"dataElementType\": \"integer\", \"encryption_required\": false}], \"childrenSet\": false, \"hasChildren\": false, \"dataElementType\": \"documentArray\", \"encryption_required\": false}], \"childrenSet\": false, \"hasChildren\": true, \"dataElementType\": \"document\", \"encryption_required\": false}]",
    "null" : false
  }
}