{
  "id" : "56e54d7e-f797-4800-b820-133beb4a517b",
  "name" : "Employees2SelectAll",
  "component_id" : "dc16ccf6-67f4-4135-95ca-42e055af53c4",
  "endpoint_id" : "ecf90047-17bc-45a0-86c8-3e5a36d04d91",
  "action_id" : "0a8b5a47-8cb0-4eb5-8b73-7e811ba14a57",
  "structure_json" : {
    "type" : "jsonb",
    "value" : "{\"batch\": false, \"count\": null, \"joins\": [], \"limit\": null, \"nulls\": \"\", \"where\": {\"predicates\": []}, \"action\": \"Select\", \"entity\": \"{\\\"name\\\":\\\"public\\\",\\\"label\\\":\\\"public\\\",\\\"hasChildren\\\":true,\\\"children\\\":{\\\"displayName\\\":\\\"Tables\\\",\\\"items\\\":[{\\\"name\\\":\\\"employees2\\\",\\\"label\\\":\\\"employees2\\\",\\\"checked\\\":true,\\\"mainEntity\\\":false,\\\"hasChildren\\\":false,\\\"nextDropdown\\\":false}]},\\\"nextDropdown\\\":false,\\\"mainEntity\\\":false,\\\"displayName\\\":\\\"Schemas\\\"}\", \"uiConfig\": {\"keys\": [\"employees2.id\", \"employees2.first_name\", \"employees2.last_name\", \"employees2.email\", \"employees2.gender\", \"employees2.job_title\", \"employees2.state\", \"employees2.city\", \"employees2\"], \"limit\": true, \"where\": true, \"orderBy\": true, \"inputKeys\": [], \"operators\": {\"join\": [\"=\", \"!=\", \">\", \"<\", \">=\", \"<=\", \"IS NOT NULL\", \"IS NULL\"], \"where\": [\"=\", \"!=\", \">\", \"<\", \">=\", \"<=\", \"IS NOT NULL\", \"IS NULL\", \"BETWEEN\", \"IN\"]}, \"skippable\": false, \"supportJoin\": true, \"disableFields\": false, \"metadataKeyName\": \"projections\", \"selectedTableList\": [{\"name\": \"employees2\", \"label\": \"employees2\", \"checked\": true, \"mainEntity\": false, \"hasChildren\": false, \"nextDropdown\": false}], \"batchConfiguration\": {\"skippable\": false, \"maxBatchSize\": 0, \"batchSupported\": false}, \"includeReferenceFields\": false, \"supportsExternalFields\": false, \"supportsReferenceFields\": false}, \"allOrNone\": false, \"inputKeys\": [], \"inputFields\": {}, \"projections\": [{\"key\": \"employees2\", \"name\": \"employees2\", \"path\": \"employees2\", \"type\": \"document\", \"label\": \"employees2\", \"checked\": true, \"children\": [{\"key\": \"/employees2/id\", \"name\": \"employees2.id\", \"path\": \"employees2.id\", \"type\": \"number\", \"label\": \"id\", \"checked\": true, \"readonly\": false, \"required\": true, \"actualType\": \"serial\", \"columnIndex\": 0, \"hasChildren\": false, \"inputCategory\": false, \"dataElementPath\": \"employees2.id\"}, {\"key\": \"/employees2/first_name\", \"name\": \"employees2.first_name\", \"path\": \"employees2.first_name\", \"type\": \"string\", \"label\": \"first_name\", \"checked\": true, \"readonly\": false, \"required\": false, \"actualType\": \"varchar\", \"columnIndex\": 0, \"hasChildren\": false, \"inputCategory\": false, \"dataElementPath\": \"employees2.first_name\"}, {\"key\": \"/employees2/last_name\", \"name\": \"employees2.last_name\", \"path\": \"employees2.last_name\", \"type\": \"string\", \"label\": \"last_name\", \"checked\": true, \"readonly\": false, \"required\": false, \"actualType\": \"varchar\", \"columnIndex\": 0, \"hasChildren\": false, \"inputCategory\": false, \"dataElementPath\": \"employees2.last_name\"}, {\"key\": \"/employees2/email\", \"name\": \"employees2.email\", \"path\": \"employees2.email\", \"type\": \"string\", \"label\": \"email\", \"checked\": true, \"readonly\": false, \"required\": false, \"actualType\": \"varchar\", \"columnIndex\": 0, \"hasChildren\": false, \"inputCategory\": false, \"dataElementPath\": \"employees2.email\"}, {\"key\": \"/employees2/gender\", \"name\": \"employees2.gender\", \"path\": \"employees2.gender\", \"type\": \"string\", \"label\": \"gender\", \"checked\": true, \"readonly\": false, \"required\": false, \"actualType\": \"varchar\", \"columnIndex\": 0, \"hasChildren\": false, \"inputCategory\": false, \"dataElementPath\": \"employees2.gender\"}, {\"key\": \"/employees2/job_title\", \"name\": \"employees2.job_title\", \"path\": \"employees2.job_title\", \"type\": \"string\", \"label\": \"job_title\", \"checked\": true, \"readonly\": false, \"required\": false, \"actualType\": \"varchar\", \"columnIndex\": 0, \"hasChildren\": false, \"inputCategory\": false, \"dataElementPath\": \"employees2.job_title\"}, {\"key\": \"/employees2/state\", \"name\": \"employees2.state\", \"path\": \"employees2.state\", \"type\": \"string\", \"label\": \"state\", \"checked\": true, \"readonly\": false, \"required\": false, \"actualType\": \"varchar\", \"columnIndex\": 0, \"hasChildren\": false, \"inputCategory\": false, \"dataElementPath\": \"employees2.state\"}, {\"key\": \"/employees2/city\", \"name\": \"employees2.city\", \"path\": \"employees2.city\", \"type\": \"string\", \"label\": \"city\", \"checked\": true, \"readonly\": false, \"required\": false, \"actualType\": \"varchar\", \"columnIndex\": 0, \"hasChildren\": false, \"inputCategory\": false, \"dataElementPath\": \"employees2.city\"}], \"hasChildren\": true, \"indeterminate\": false, \"dataElementPath\": \"employees2\"}], \"databaseType\": \"PostgreSql\", \"externalFields\": [], \"referenceFields\": []}",
    "null" : false
  },
  "config_json" : {
    "type" : "jsonb",
    "value" : "{\"batch\": false, \"count\": null, \"joins\": [], \"limit\": null, \"nulls\": \"\", \"where\": {\"predicates\": []}, \"action\": \"Select\", \"entity\": \"{\\\"name\\\":\\\"public\\\",\\\"label\\\":\\\"public\\\",\\\"hasChildren\\\":true,\\\"children\\\":{\\\"displayName\\\":\\\"Tables\\\",\\\"items\\\":[{\\\"name\\\":\\\"employees2\\\",\\\"label\\\":\\\"employees2\\\",\\\"checked\\\":true,\\\"mainEntity\\\":false,\\\"hasChildren\\\":false,\\\"nextDropdown\\\":false}]},\\\"nextDropdown\\\":false,\\\"mainEntity\\\":false,\\\"displayName\\\":\\\"Schemas\\\"}\", \"uiConfig\": {\"keys\": [\"employees2.id\", \"employees2.first_name\", \"employees2.last_name\", \"employees2.email\", \"employees2.gender\", \"employees2.job_title\", \"employees2.state\", \"employees2.city\", \"employees2\"], \"limit\": true, \"where\": true, \"orderBy\": true, \"inputKeys\": [], \"operators\": {\"join\": [\"=\", \"!=\", \">\", \"<\", \">=\", \"<=\", \"IS NOT NULL\", \"IS NULL\"], \"where\": [\"=\", \"!=\", \">\", \"<\", \">=\", \"<=\", \"IS NOT NULL\", \"IS NULL\", \"BETWEEN\", \"IN\"]}, \"skippable\": false, \"supportJoin\": true, \"disableFields\": false, \"metadataKeyName\": \"projections\", \"selectedTableList\": [{\"name\": \"employees2\", \"label\": \"employees2\", \"checked\": true, \"mainEntity\": false, \"hasChildren\": false, \"nextDropdown\": false}], \"batchConfiguration\": {\"skippable\": false, \"maxBatchSize\": 0, \"batchSupported\": false}, \"includeReferenceFields\": false, \"supportsExternalFields\": false, \"supportsReferenceFields\": false}, \"allOrNone\": false, \"inputKeys\": [], \"inputFields\": {}, \"projections\": [{\"key\": \"employees2\", \"name\": \"employees2\", \"path\": \"employees2\", \"type\": \"document\", \"label\": \"employees2\", \"checked\": true, \"children\": [{\"key\": \"/employees2/id\", \"name\": \"employees2.id\", \"path\": \"employees2.id\", \"type\": \"number\", \"label\": \"id\", \"checked\": true, \"readonly\": false, \"required\": true, \"actualType\": \"serial\", \"columnIndex\": 0, \"hasChildren\": false, \"inputCategory\": false, \"dataElementPath\": \"employees2.id\"}, {\"key\": \"/employees2/first_name\", \"name\": \"employees2.first_name\", \"path\": \"employees2.first_name\", \"type\": \"string\", \"label\": \"first_name\", \"checked\": true, \"readonly\": false, \"required\": false, \"actualType\": \"varchar\", \"columnIndex\": 0, \"hasChildren\": false, \"inputCategory\": false, \"dataElementPath\": \"employees2.first_name\"}, {\"key\": \"/employees2/last_name\", \"name\": \"employees2.last_name\", \"path\": \"employees2.last_name\", \"type\": \"string\", \"label\": \"last_name\", \"checked\": true, \"readonly\": false, \"required\": false, \"actualType\": \"varchar\", \"columnIndex\": 0, \"hasChildren\": false, \"inputCategory\": false, \"dataElementPath\": \"employees2.last_name\"}, {\"key\": \"/employees2/email\", \"name\": \"employees2.email\", \"path\": \"employees2.email\", \"type\": \"string\", \"label\": \"email\", \"checked\": true, \"readonly\": false, \"required\": false, \"actualType\": \"varchar\", \"columnIndex\": 0, \"hasChildren\": false, \"inputCategory\": false, \"dataElementPath\": \"employees2.email\"}, {\"key\": \"/employees2/gender\", \"name\": \"employees2.gender\", \"path\": \"employees2.gender\", \"type\": \"string\", \"label\": \"gender\", \"checked\": true, \"readonly\": false, \"required\": false, \"actualType\": \"varchar\", \"columnIndex\": 0, \"hasChildren\": false, \"inputCategory\": false, \"dataElementPath\": \"employees2.gender\"}, {\"key\": \"/employees2/job_title\", \"name\": \"employees2.job_title\", \"path\": \"employees2.job_title\", \"type\": \"string\", \"label\": \"job_title\", \"checked\": true, \"readonly\": false, \"required\": false, \"actualType\": \"varchar\", \"columnIndex\": 0, \"hasChildren\": false, \"inputCategory\": false, \"dataElementPath\": \"employees2.job_title\"}, {\"key\": \"/employees2/state\", \"name\": \"employees2.state\", \"path\": \"employees2.state\", \"type\": \"string\", \"label\": \"state\", \"checked\": true, \"readonly\": false, \"required\": false, \"actualType\": \"varchar\", \"columnIndex\": 0, \"hasChildren\": false, \"inputCategory\": false, \"dataElementPath\": \"employees2.state\"}, {\"key\": \"/employees2/city\", \"name\": \"employees2.city\", \"path\": \"employees2.city\", \"type\": \"string\", \"label\": \"city\", \"checked\": true, \"readonly\": false, \"required\": false, \"actualType\": \"varchar\", \"columnIndex\": 0, \"hasChildren\": false, \"inputCategory\": false, \"dataElementPath\": \"employees2.city\"}], \"hasChildren\": true, \"indeterminate\": false, \"dataElementPath\": \"employees2\"}], \"databaseType\": \"PostgreSql\", \"externalFields\": [], \"referenceFields\": []}",
    "null" : false
  },
  "display_query" : "SELECT employees2.id AS employees2_id , employees2.first_name AS employees2_first_name , employees2.last_name AS employees2_last_name , employees2.email AS employees2_email , employees2.gender AS employees2_gender , employees2.job_title AS employees2_job_title , employees2.state AS employees2_state , employees2.city AS employees2_city FROM  public.employees2 ",
  "input_structure" : {
    "type" : "jsonb",
    "value" : "[{\"key\": \"/Employees2SelectAllInput\", \"type\": \"object\", \"order\": 1.0, \"title\": \"Employees2SelectAllInput\", \"value\": {\"type\": \"object\"}, \"children\": [{\"key\": \"/Employees2SelectAllInput/where\", \"type\": \"object\", \"order\": 2.0, \"title\": \"where\", \"value\": {\"type\": \"object\"}, \"children\": [], \"hasChildren\": false, \"dataElementType\": \"document\"}, {\"key\": \"/Employees2SelectAllInput/outputType\", \"type\": \"string\", \"order\": 3.0, \"title\": \"outputType\", \"value\": {\"type\": \"string\", \"_enum\": [\"Stream\", \"String\"]}, \"hasChildren\": false, \"dataElementType\": \"string\"}], \"hasChildren\": false, \"dataElementType\": \"document\"}]",
    "null" : false
  },
  "output_structure" : {
    "type" : "jsonb",
    "value" : "[{\"key\": \"/Employees2SelectAllOutput\", \"type\": \"object\", \"order\": 1.0, \"title\": \"Employees2SelectAllOutput\", \"value\": {\"type\": \"object\"}, \"children\": [{\"key\": \"/Employees2SelectAllOutput/success\", \"type\": \"boolean\", \"order\": 2.0, \"title\": \"success\", \"value\": {\"type\": \"object\"}, \"hasChildren\": false, \"dataElementType\": \"boolean\"}, {\"key\": \"/Employees2SelectAllOutput/response\", \"type\": \"object\", \"order\": 3.0, \"title\": \"response\", \"value\": {\"type\": \"object\"}, \"children\": [{\"key\": \"/Employees2SelectAllOutput/response/resultSet[]\", \"type\": \"array\", \"order\": 4.0, \"title\": \"resultSet\", \"value\": {\"type\": \"array\"}, \"children\": [{\"key\": \"/Employees2SelectAllOutput/response/resultSet[]/employees2_id\", \"type\": \"number\", \"order\": 5.0, \"title\": \"employees2_id\", \"hasChildren\": false, \"dataElementType\": \"number\"}, {\"key\": \"/Employees2SelectAllOutput/response/resultSet[]/employees2_first_name\", \"type\": \"string\", \"order\": 6.0, \"title\": \"employees2_first_name\", \"hasChildren\": false, \"dataElementType\": \"string\"}, {\"key\": \"/Employees2SelectAllOutput/response/resultSet[]/employees2_last_name\", \"type\": \"string\", \"order\": 7.0, \"title\": \"employees2_last_name\", \"hasChildren\": false, \"dataElementType\": \"string\"}, {\"key\": \"/Employees2SelectAllOutput/response/resultSet[]/employees2_email\", \"type\": \"string\", \"order\": 8.0, \"title\": \"employees2_email\", \"hasChildren\": false, \"dataElementType\": \"string\"}, {\"key\": \"/Employees2SelectAllOutput/response/resultSet[]/employees2_gender\", \"type\": \"string\", \"order\": 9.0, \"title\": \"employees2_gender\", \"hasChildren\": false, \"dataElementType\": \"string\"}, {\"key\": \"/Employees2SelectAllOutput/response/resultSet[]/employees2_job_title\", \"type\": \"string\", \"order\": 10.0, \"title\": \"employees2_job_title\", \"hasChildren\": false, \"dataElementType\": \"string\"}, {\"key\": \"/Employees2SelectAllOutput/response/resultSet[]/employees2_state\", \"type\": \"string\", \"order\": 11.0, \"title\": \"employees2_state\", \"hasChildren\": false, \"dataElementType\": \"string\"}, {\"key\": \"/Employees2SelectAllOutput/response/resultSet[]/employees2_city\", \"type\": \"string\", \"order\": 12.0, \"title\": \"employees2_city\", \"hasChildren\": false, \"dataElementType\": \"string\"}], \"hasChildren\": false, \"dataElementType\": \"documentArray\"}], \"hasChildren\": true, \"dataElementType\": \"document\"}, {\"key\": \"/Employees2SelectAllOutput/errors[]\", \"type\": \"array\", \"order\": 13.0, \"title\": \"errors\", \"value\": {}, \"children\": [{\"key\": \"/Employees2SelectAllOutput/errors[]/error\", \"type\": \"object\", \"order\": 14.0, \"title\": \"error\", \"value\": {\"type\": \"object\"}, \"children\": [{\"key\": \"/Employees2SelectAllOutput/errors[]/error/message\", \"type\": \"string\", \"order\": 15.0, \"title\": \"message\", \"value\": {\"type\": \"object\"}, \"hasChildren\": false, \"dataElementType\": \"string\"}], \"hasChildren\": true, \"dataElementType\": \"document\"}], \"hasChildren\": true, \"dataElementType\": \"documentArray\"}], \"hasChildren\": false, \"dataElementType\": \"document\"}]",
    "null" : false
  },
  "description" : "Employees2SelectAll",
  "comments" : "",
  "db_query" : "SELECT employees2.id AS employees2_id , employees2.first_name AS employees2_first_name , employees2.last_name AS employees2_last_name , employees2.email AS employees2_email , employees2.gender AS employees2_gender , employees2.job_title AS employees2_job_title , employees2.state AS employees2_state , employees2.city AS employees2_city FROM  public.employees2 ",
  "tag" : "V23",
  "active" : false,
  "is_changed" : false,
  "endpoint_tag" : "EMPTY",
  "endpoint_project_id" : "94afffa5-622e-4445-9e23-5019119fbd0b",
  "endpoint_project_tag" : "EMPTY",
  "comment" : "Added Decimal Format example",
  "input_data_object_id" : null,
  "input_data_object_tag" : "EMPTY",
  "input_data_object_project_id" : null,
  "input_data_object_project_tag" : "EMPTY",
  "output_data_object_id" : null,
  "output_data_object_tag" : "EMPTY",
  "output_data_object_project_id" : null,
  "output_data_object_project_tag" : "EMPTY",
  "base_tag" : "V22",
  "endpoint_project_mode_id" : "112c1cb8-4b9e-4d1a-a042-0bd031dc7d05",
  "input_data_object_project_mode_id" : "112c1cb8-4b9e-4d1a-a042-0bd031dc7d05",
  "output_data_object_project_mode_id" : "112c1cb8-4b9e-4d1a-a042-0bd031dc7d05",
  "test_input" : {
    "type" : "jsonb",
    "value" : "{}",
    "null" : false
  },
  "test_input_structure" : {
    "type" : "jsonb",
    "value" : "[{\"key\": \"/Employees2SelectAllInput\", \"type\": \"object\", \"order\": 1.0, \"title\": \"Employees2SelectAllInput\", \"value\": {\"type\": \"object\"}, \"children\": [{\"key\": \"/Employees2SelectAllInput/where\", \"type\": \"object\", \"order\": 2.0, \"title\": \"where\", \"value\": {\"type\": \"object\"}, \"children\": [], \"hasChildren\": false, \"dataElementType\": \"document\"}, {\"key\": \"/Employees2SelectAllInput/outputType\", \"type\": \"string\", \"order\": 3.0, \"title\": \"outputType\", \"value\": {\"type\": \"string\", \"_enum\": [\"Stream\", \"String\"]}, \"hasChildren\": false, \"dataElementType\": \"string\"}], \"hasChildren\": false, \"dataElementType\": \"document\"}]",
    "null" : false
  }
}