{
  "id" : "4f84cf83-ef61-44ae-869d-ca709f0f9a25",
  "name" : "Hello Document Array Join",
  "description" : null,
  "iserror" : false,
  "no_of_errors" : 0,
  "service_input" : null,
  "service_output" : null,
  "service_input_json_schema" : null,
  "service_output_json_schema" : null,
  "type" : "EVENTDRIVEN",
  "error_handler" : false,
  "tag" : "V21",
  "active" : false,
  "is_changed" : false,
  "comment" : "Added Error Handling Example",
  "base_tag" : "V20",
  "test_input" : {
    "type" : "jsonb",
    "value" : "[]",
    "null" : false
  },
  "test_input_structure" : {
    "type" : "jsonb",
    "value" : "[]",
    "null" : false
  }
}