{
  "id" : "176c52e9-ee5b-42ea-8a00-45ee69d7f001",
  "name" : "HelloDB2",
  "description" : "HelloDB",
  "iserror" : false,
  "no_of_errors" : 0,
  "service_input" : null,
  "service_output" : null,
  "service_input_json_schema" : null,
  "service_output_json_schema" : null,
  "type" : "EVENTDRIVEN",
  "error_handler" : false,
  "tag" : "V21",
  "active" : false,
  "is_changed" : true,
  "comment" : "Added Error Handling Example",
  "base_tag" : "V20",
  "test_input" : {
    "type" : "jsonb",
    "value" : "[]",
    "null" : false
  },
  "test_input_structure" : {
    "type" : "jsonb",
    "value" : "[]",
    "null" : false
  }
}