{
  "id" : "29bda16a-3411-415c-8169-6ca31d157e71",
  "name" : "HelloAWSSQSPublisher",
  "description" : "HelloAWSSQSPublisher",
  "iserror" : false,
  "no_of_errors" : 0,
  "service_input" : null,
  "service_output" : null,
  "service_input_json_schema" : null,
  "service_output_json_schema" : null,
  "type" : "EVENTDRIVEN",
  "error_handler" : false,
  "tag" : "V21",
  "active" : false,
  "is_changed" : false,
  "comment" : "Added Error Handling Example",
  "base_tag" : "V20",
  "test_input" : {
    "type" : "jsonb",
    "value" : "[]",
    "null" : false
  },
  "test_input_structure" : {
    "type" : "jsonb",
    "value" : "[]",
    "null" : false
  }
}