{
  "id" : "057a0d03-9fac-4e41-ab61-fc0c2d218ef2",
  "name" : "QuoteService",
  "description" : "QuoteService",
  "iserror" : false,
  "no_of_errors" : 0,
  "service_input" : {
    "type" : "jsonb",
    "value" : "[{\"id\": \"a0852e03-432b-4811-b647-c3382ba43283\", \"key\": \"/QuoteServiceInput\", \"type\": \"object\", \"order\": 1, \"title\": \"QuoteServiceInput\", \"value\": {\"type\": \"object\"}, \"isLeaf\": false, \"children\": [{\"id\": \"af2b1dee-e291-42ce-a9f8-1bb37dc570c7\", \"key\": \"/QuoteServiceInput/Symbol\", \"edit\": false, \"type\": \"node\", \"order\": 1, \"title\": \"Symbol\", \"value\": {\"type\": \"string\"}, \"children\": [], \"editAllow\": true, \"dataElementType\": \"string\"}], \"childrenSet\": false, \"hasChildren\": false, \"dataElementType\": \"document\", \"documentReference\": [], \"encryption_required\": false}]",
    "null" : false
  },
  "service_output" : {
    "type" : "jsonb",
    "value" : "[{\"id\": \"9c051369-849d-4d45-a9ed-6c9882c2f4c7\", \"key\": \"/QuoteServiceOutput\", \"type\": \"object\", \"order\": 1, \"title\": \"QuoteServiceOutput\", \"value\": {\"type\": \"object\"}, \"isLeaf\": false, \"children\": [{\"id\": \"9478a5b3-f1c0-4f14-872e-e837d705181c\", \"key\": \"/QuoteServiceOutput/ResponseStatus\", \"edit\": false, \"type\": \"node\", \"order\": 1, \"title\": \"ResponseStatus\", \"value\": {\"type\": \"string\"}, \"children\": [], \"editAllow\": true, \"dataElementType\": \"string\"}, {\"id\": \"21eda769-2f91-4c7d-b2a4-ae3d71ec3fd8\", \"key\": \"/QuoteServiceOutput/ResponseBody\", \"edit\": false, \"type\": \"node\", \"order\": 1, \"title\": \"ResponseBody\", \"value\": {\"type\": \"array\"}, \"children\": [], \"editAllow\": true, \"dataElementType\": \"document\"}], \"childrenSet\": false, \"hasChildren\": false, \"dataElementType\": \"document\", \"documentReference\": [], \"encryption_required\": false}]",
    "null" : false
  },
  "service_input_json_schema" : {
    "type" : "jsonb",
    "value" : "{\"required\": [], \"properties\": {\"QuoteServiceInput\": {\"type\": \"object\", \"required\": [], \"properties\": {\"Symbol\": {\"type\": \"string\"}}, \"additionalProperties\": false}}, \"additionalProperties\": false}",
    "null" : false
  },
  "service_output_json_schema" : {
    "type" : "jsonb",
    "value" : "{\"required\": [], \"properties\": {\"QuoteServiceOutput\": {\"type\": \"object\", \"required\": [], \"properties\": {\"ResponseBody\": {\"type\": \"array\"}, \"ResponseStatus\": {\"type\": \"string\"}}, \"additionalProperties\": false}}, \"additionalProperties\": false}",
    "null" : false
  },
  "type" : "SERVICE",
  "error_handler" : false,
  "tag" : "V21",
  "active" : false,
  "is_changed" : false,
  "comment" : "Added Error Handling Example",
  "base_tag" : "V20",
  "test_input" : {
    "type" : "jsonb",
    "value" : "{}",
    "null" : false
  },
  "test_input_structure" : {
    "type" : "jsonb",
    "value" : "[{\"id\": \"a0852e03-432b-4811-b647-c3382ba43283\", \"key\": \"/QuoteServiceInput\", \"type\": \"object\", \"order\": 1, \"title\": \"QuoteServiceInput\", \"value\": {\"type\": \"object\"}, \"isLeaf\": false, \"children\": [{\"id\": \"af2b1dee-e291-42ce-a9f8-1bb37dc570c7\", \"key\": \"/QuoteServiceInput/Symbol\", \"edit\": false, \"type\": \"node\", \"order\": 1, \"title\": \"Symbol\", \"value\": {\"type\": \"string\"}, \"children\": [], \"editAllow\": true, \"dataElementType\": \"string\"}], \"childrenSet\": false, \"hasChildren\": false, \"dataElementType\": \"document\", \"documentReference\": [], \"encryption_required\": false}]",
    "null" : false
  }
}