{
  "id" : "007ac044-426d-4041-b892-9fb8d951619a",
  "name" : "getemployees",
  "description" : "get employees",
  "iserror" : false,
  "no_of_errors" : 0,
  "service_input" : {
    "type" : "jsonb",
    "value" : "[{\"id\": \"666280fe-6539-4bd5-aacd-55e2c5f25c69\", \"key\": \"/getemployeesInput\", \"type\": \"object\", \"order\": 1.0, \"title\": \"getemployeesInput\", \"value\": {\"type\": \"object\"}, \"isLeaf\": false, \"children\": [{\"id\": \"ee282f13-01a4-422e-a26f-3ccf1c4dfd7b\", \"key\": \"/getemployeesInput/offset\", \"type\": \"node\", \"order\": 1.0, \"title\": \"offset\", \"value\": {\"type\": \"number\"}, \"children\": [], \"editAllow\": true, \"childrenSet\": false, \"hasChildren\": false, \"dataElementType\": \"integer\", \"encryption_required\": false}, {\"id\": \"0d05459d-7b16-4e88-b836-53006b10f321\", \"key\": \"/getemployeesInput/limit\", \"type\": \"node\", \"order\": 1.0, \"title\": \"limit\", \"value\": {\"type\": \"number\"}, \"children\": [], \"editAllow\": true, \"childrenSet\": false, \"hasChildren\": false, \"dataElementType\": \"integer\", \"encryption_required\": false}], \"childrenSet\": false, \"hasChildren\": false, \"dataElementType\": \"document\", \"encryption_required\": false}]",
    "null" : false
  },
  "service_output" : {
    "type" : "jsonb",
    "value" : "[{\"id\": \"2c31e8b2-a071-41da-bb0f-259cdf2e9647\", \"key\": \"/getemployeesOutput\", \"type\": \"object\", \"order\": 1.0, \"title\": \"getemployeesOutput\", \"value\": {\"type\": \"object\"}, \"isLeaf\": false, \"children\": [{\"id\": \"5e5605cf-b268-4669-8fab-dc8bb68d8fa3\", \"key\": \"/getemployeesOutput/ResponseStatus\", \"type\": \"node\", \"order\": 1.0, \"title\": \"ResponseStatus\", \"value\": {\"type\": \"string\"}, \"children\": [], \"editAllow\": true, \"childrenSet\": false, \"hasChildren\": false, \"dataElementType\": \"string\", \"encryption_required\": false}, {\"id\": \"eb9a23f1-feaf-4794-8879-3f662494a9a6\", \"key\": \"/getemployeesOutput/ResponseBody\", \"type\": \"node\", \"order\": 1.0, \"title\": \"ResponseBody\", \"value\": {\"type\": \"array\"}, \"children\": [], \"editAllow\": true, \"childrenSet\": false, \"hasChildren\": false, \"dataElementType\": \"document\", \"encryption_required\": false}], \"childrenSet\": false, \"hasChildren\": false, \"dataElementType\": \"document\", \"encryption_required\": false}]",
    "null" : false
  },
  "service_input_json_schema" : {
    "type" : "jsonb",
    "value" : "{\"required\": [], \"properties\": {\"getemployeesInput\": {\"type\": \"object\", \"required\": [], \"properties\": {\"limit\": {\"type\": \"number\"}, \"offset\": {\"type\": \"number\"}}, \"additionalProperties\": false}}, \"additionalProperties\": false}",
    "null" : false
  },
  "service_output_json_schema" : {
    "type" : "jsonb",
    "value" : "{\"required\": [], \"properties\": {\"getemployeesOutput\": {\"type\": \"object\", \"required\": [], \"properties\": {\"ResponseBody\": {\"type\": \"array\"}, \"ResponseStatus\": {\"type\": \"string\"}}, \"additionalProperties\": false}}, \"additionalProperties\": false}",
    "null" : false
  },
  "type" : "SERVICE",
  "error_handler" : false,
  "tag" : "V18",
  "active" : false,
  "is_changed" : false,
  "comment" : "Added Dedupe",
  "base_tag" : "V17",
  "test_input" : {
    "type" : "jsonb",
    "value" : "{}",
    "null" : false
  },
  "test_input_structure" : {
    "type" : "jsonb",
    "value" : "[]",
    "null" : false
  }
}