{
  "id" : "6d837ac2-998b-413e-851a-77a2512c7a53",
  "name" : "Hello HTTP Client Multipart File Upload2",
  "description" : "Hello HTTP Client Multipart File Upload2",
  "iserror" : false,
  "no_of_errors" : 0,
  "service_input" : null,
  "service_output" : null,
  "service_input_json_schema" : null,
  "service_output_json_schema" : null,
  "type" : "EVENTDRIVEN",
  "error_handler" : false,
  "tag" : "V18",
  "active" : false,
  "is_changed" : false,
  "comment" : "Added Dedupe",
  "base_tag" : "V17",
  "test_input" : {
    "type" : "jsonb",
    "value" : "[]",
    "null" : false
  },
  "test_input_structure" : {
    "type" : "jsonb",
    "value" : "[]",
    "null" : false
  }
}