{
  "id" : "57572c8f-30ab-47d5-bd70-1440969ebc76",
  "name" : "Hello Service",
  "description" : "Hello Service",
  "iserror" : false,
  "no_of_errors" : 0,
  "service_input" : null,
  "service_output" : null,
  "service_input_json_schema" : null,
  "service_output_json_schema" : null,
  "type" : "EVENTDRIVEN",
  "error_handler" : false,
  "tag" : "V18",
  "active" : false,
  "is_changed" : false,
  "comment" : "Added Dedupe",
  "base_tag" : "V17",
  "test_input" : {
    "type" : "jsonb",
    "value" : "[]",
    "null" : false
  },
  "test_input_structure" : {
    "type" : "jsonb",
    "value" : "[]",
    "null" : false
  }
}