{
  "id" : "2614439e-aff0-43ae-b999-e21367a1fdbf",
  "name" : "MapTest Dedupe",
  "description" : "MapTest Dedupe",
  "iserror" : false,
  "no_of_errors" : 0,
  "service_input" : null,
  "service_output" : null,
  "service_input_json_schema" : null,
  "service_output_json_schema" : null,
  "type" : "EVENTDRIVEN",
  "error_handler" : false,
  "tag" : "V18",
  "active" : false,
  "is_changed" : true,
  "comment" : "Added Dedupe",
  "base_tag" : "V17",
  "test_input" : {
    "type" : "jsonb",
    "value" : "[]",
    "null" : false
  },
  "test_input_structure" : {
    "type" : "jsonb",
    "value" : "[]",
    "null" : false
  }
}