{
  "id" : "5afa4e39-7d07-42d2-a661-5561fe2dfae8",
  "name" : "CatStore",
  "description" : "CatStore",
  "connection_config" : "{\"112c1cb8-4b9e-4d1a-a042-0bd031dc7d05\":{\"HTTPSEndpoint\":{\"id\":null,\"name\":\"CatStore\",\"retry\":{\"count\":1,\"afterMs\":0},\"active\":true,\"client\":{},\"details\":{\"url\":\"petstore3.swagger.io/api/v3\",\"port\":0,\"method\":null,\"headers\":null,\"protocol\":null,\"regexPath\":null,\"pathParams\":null,\"httpVersion\":\"AUTO\",\"queryParams\":null,\"resourcePath\":null,\"pathListParams\":null,\"resourceParams\":null,\"acceptedTLSVersions\":null,\"sslPublicCertificate\":null,\"inboundEndpointStructure\":null},\"override\":false,\"partners\":null,\"protocol\":\"HTTPS\",\"timeUnit\":60,\"createdAt\":null,\"direction\":\"OUTGOING\",\"updatedAt\":null,\"externalId\":null,\"description\":\"CatStore\",\"vaultConfig\":null,\"certificateId\":null,\"authentication\":{\"type\":\"NONE\",\"responseTimeout\":0,\"usePersistentConnections\":false},\"serviceDetails\":null,\"sslPublickeyId\":null,\"partnerPublickeyId\":null,\"connectionTimeoutInMS\":60000}},\"81e359da-9454-40ba-b968-1273a3b8e37b\":{\"HTTPSEndpoint\":{\"id\":null,\"name\":\"CatStore\",\"retry\":{\"count\":1,\"afterMs\":0},\"active\":true,\"client\":{},\"details\":{\"url\":\"petstore3.swagger.io/api/v3\",\"port\":0,\"method\":null,\"headers\":null,\"protocol\":null,\"regexPath\":null,\"pathParams\":null,\"httpVersion\":\"AUTO\",\"queryParams\":null,\"resourcePath\":null,\"pathListParams\":null,\"resourceParams\":null,\"acceptedTLSVersions\":null,\"sslPublicCertificate\":null,\"inboundEndpointStructure\":null},\"override\":false,\"partners\":null,\"protocol\":\"HTTPS\",\"timeUnit\":60,\"createdAt\":null,\"direction\":\"OUTGOING\",\"updatedAt\":null,\"externalId\":null,\"description\":\"CatStore\",\"vaultConfig\":null,\"certificateId\":null,\"authentication\":{\"type\":\"NONE\",\"responseTimeout\":0,\"usePersistentConnections\":false},\"serviceDetails\":null,\"sslPublickeyId\":null,\"partnerPublickeyId\":null,\"connectionTimeoutInMS\":60000}},\"bdf2e4f5-a195-40b5-a82a-1d76ab30e077\":{\"HTTPSEndpoint\":{\"id\":null,\"name\":\"CatStore\",\"retry\":{\"count\":1,\"afterMs\":0},\"active\":true,\"client\":{},\"details\":{\"url\":\"petstore3.swagger.io/api/v3\",\"port\":0,\"method\":null,\"headers\":null,\"protocol\":null,\"regexPath\":null,\"pathParams\":null,\"httpVersion\":\"AUTO\",\"queryParams\":null,\"resourcePath\":null,\"pathListParams\":null,\"resourceParams\":null,\"acceptedTLSVersions\":null,\"sslPublicCertificate\":null,\"inboundEndpointStructure\":null},\"override\":false,\"partners\":null,\"protocol\":\"HTTPS\",\"timeUnit\":60,\"createdAt\":null,\"direction\":\"OUTGOING\",\"updatedAt\":null,\"externalId\":null,\"description\":\"CatStore\",\"vaultConfig\":null,\"certificateId\":null,\"authentication\":{\"type\":\"NONE\",\"responseTimeout\":0,\"usePersistentConnections\":false},\"serviceDetails\":null,\"sslPublickeyId\":null,\"partnerPublickeyId\":null,\"connectionTimeoutInMS\":60000}}}",
  "endpoint_type_id" : "de4f95fa-d30d-4d50-998c-dd3d1293e83c",
  "enabled" : true,
  "bean_name" : "HTTPSClient-5afa4e39-7d07-42d2-a661-5561fe2dfae8",
  "status" : {
    "type" : "jsonb",
    "value" : "{\"112c1cb8-4b9e-4d1a-a042-0bd031dc7d05\": true, \"81e359da-9454-40ba-b968-1273a3b8e37b\": true, \"bdf2e4f5-a195-40b5-a82a-1d76ab30e077\": true}",
    "null" : false
  },
  "auth_token_config" : {
    "type" : "jsonb",
    "value" : "{}",
    "null" : false
  },
  "avatar_id" : null,
  "tag" : "V13",
  "active" : false,
  "is_changed" : false,
  "comment" : "Removed unnecessary dependency",
  "is_error" : false,
  "base_tag" : "V12"
}