{
  "id" : "2a8ace3e-4096-41b0-966b-7a4565658599",
  "name" : "Kafka Connection",
  "description" : "Kafka Connection",
  "connection_config" : null,
  "endpoint_type_id" : "c1623370-45a9-4d7c-898e-f48dafa02cb1",
  "enabled" : true,
  "bean_name" : "ApacheKafka-2a8ace3e-4096-41b0-966b-7a4565658599",
  "status" : {
    "type" : "jsonb",
    "value" : "{\"112c1cb8-4b9e-4d1a-a042-0bd031dc7d05\": true, \"81e359da-9454-40ba-b968-1273a3b8e37b\": true, \"bdf2e4f5-a195-40b5-a82a-1d76ab30e077\": true}",
    "null" : false
  },
  "auth_token_config" : {
    "type" : "jsonb",
    "value" : "{}",
    "null" : false
  },
  "avatar_id" : null,
  "tag" : "V13",
  "active" : false,
  "is_changed" : false,
  "comment" : "Removed unnecessary dependency",
  "is_error" : false,
  "base_tag" : "V12"
}