{
  "id" : "ce702501-916d-45b8-9b07-e713eff52bc6",
  "name" : "NASA API",
  "description" : "NASA API",
  "connection_config" : null,
  "endpoint_type_id" : "de4f95fa-d30d-4d50-998c-dd3d1293e83c",
  "enabled" : true,
  "bean_name" : "HTTPSClient-ce702501-916d-45b8-9b07-e713eff52bc6",
  "status" : {
    "type" : "jsonb",
    "value" : "{\"112c1cb8-4b9e-4d1a-a042-0bd031dc7d05\": true, \"81e359da-9454-40ba-b968-1273a3b8e37b\": true, \"bdf2e4f5-a195-40b5-a82a-1d76ab30e077\": true}",
    "null" : false
  },
  "auth_token_config" : {
    "type" : "jsonb",
    "value" : "{}",
    "null" : false
  },
  "avatar_id" : null,
  "tag" : "V13",
  "active" : false,
  "is_changed" : false,
  "comment" : "Removed unnecessary dependency",
  "is_error" : false,
  "base_tag" : "V12"
}