{
  "id" : "1e8d07f9-a7d4-4f73-852d-51303ea74a6d",
  "name" : "postgres",
  "description" : "postgres",
  "connection_config" : null,
  "endpoint_type_id" : "8d3544f0-886d-4d1a-be9b-c6f29f2061ac",
  "enabled" : true,
  "bean_name" : "SQL-1e8d07f9-a7d4-4f73-852d-51303ea74a6d",
  "status" : {
    "type" : "jsonb",
    "value" : "{\"112c1cb8-4b9e-4d1a-a042-0bd031dc7d05\": true, \"81e359da-9454-40ba-b968-1273a3b8e37b\": true, \"bdf2e4f5-a195-40b5-a82a-1d76ab30e077\": true}",
    "null" : false
  },
  "auth_token_config" : {
    "type" : "jsonb",
    "value" : "{}",
    "null" : false
  },
  "avatar_id" : "c10f15d9-dabc-4a65-bd2d-a3a83be7176b",
  "tag" : "V13",
  "active" : false,
  "is_changed" : false,
  "comment" : "Removed unnecessary dependency",
  "is_error" : false,
  "base_tag" : "V12"
}