{
  "id" : "de69f2c2-016d-401c-aa8e-df4e6ab36c9e",
  "name" : "SFTP Server",
  "description" : "SFTP Server",
  "connection_config" : null,
  "endpoint_type_id" : "d1fd018f-e557-4d95-9c2d-469453dbf910",
  "enabled" : true,
  "bean_name" : "SFTPServer-de69f2c2-016d-401c-aa8e-df4e6ab36c9e",
  "status" : {
    "type" : "jsonb",
    "value" : "{\"112c1cb8-4b9e-4d1a-a042-0bd031dc7d05\": true, \"81e359da-9454-40ba-b968-1273a3b8e37b\": true, \"bdf2e4f5-a195-40b5-a82a-1d76ab30e077\": true}",
    "null" : false
  },
  "auth_token_config" : {
    "type" : "jsonb",
    "value" : "{}",
    "null" : false
  },
  "avatar_id" : null,
  "tag" : "V13",
  "active" : false,
  "is_changed" : false,
  "comment" : "Removed unnecessary dependency",
  "is_error" : false,
  "base_tag" : "V12"
}