{
  "component_config_id" : "910805d8-11ba-48b1-8132-dec7700d6031",
  "endpoint_config_json" : null,
  "input_config_json" : {
    "type" : "jsonb",
    "value" : "{\"AmazonSQSReceiveMessageListenerInput\": {\"general\": {\"ackMode\": \"IMMEDIATE\", \"queueName\": \"TestQueue\", \"failureAction\": \"Ignore\"}}}",
    "null" : false
  },
  "output_config_json" : {
    "type" : "jsonb",
    "value" : "{\"crossRef\": [], \"services\": [], \"multistep\": [], \"operations\": [{\"map\": {\"id\": \"8b60b583-b252-494e-804e-36e270978c76\", \"root\": true, \"type\": \"map\", \"cached\": false, \"source\": \"/AmazonSQSReceiveMessageListenerOutput\", \"target\": \"/AmazonSQSReceiveMessageListenerOutput\", \"mapNull\": false, \"disabled\": false, \"extractXml\": false, \"extractJson\": false, \"mapEmptyString\": false}}]}",
    "null" : false
  },
  "component_id" : "c9c1bc73-453f-46d0-a76e-9e7642916d6b",
  "service_id" : "03cb8636-90d9-43e7-98fd-903941c27236",
  "endpoint_id" : "4bef37cc-d950-4634-aef1-d9393f651724",
  "parent_component_config_id" : null,
  "component_config_order" : 1.0,
  "action_id" : "926db1af-f141-467c-9fa6-61858765b0cb",
  "name" : "",
  "description" : "",
  "override_endpoint" : false,
  "input_structure_json" : {
    "type" : "jsonb",
    "value" : "{\"AmazonSQSReceiveMessageListenerInput\": {\"general\": {\"ackMode\": \"IMMEDIATE\", \"queueName\": \"TestQueue\", \"failureAction\": \"Ignore\"}}}",
    "null" : false
  },
  "output_structure_json" : {
    "type" : "jsonb",
    "value" : "{\"maps\": [{\"/AmazonSQSReceiveMessageListenerOutput\": [{\"type\": \"map\", \"source\": {\"path\": \"/AmazonSQSReceiveMessageListenerOutput\", \"title\": \"AmazonSQSReceiveMessageListenerOutput\", \"dataElementType\": \"document\"}, \"target\": {\"path\": \"/AmazonSQSReceiveMessageListenerOutput\", \"alias\": null, \"order\": null, \"title\": \"AmazonSQSReceiveMessageListenerOutput\", \"dataElementType\": \"document\"}, \"mapCondition\": {\"mapNull\": null, \"defaultValue\": null, \"isConditionSet\": false, \"mapEmptyString\": null, \"sourceTreeIndex\": [], \"targetTreeIndex\": [], \"mapConditionFormValue\": {\"fields\": null}}}]}]}",
    "null" : false
  },
  "endpoint_structure_json" : null,
  "is_error" : false,
  "no_of_errors" : null,
  "action_input_type" : null,
  "config_service_id" : null,
  "config_imap_id" : null,
  "config_b2b_document_type_id" : null,
  "config_document_id" : null,
  "add_variables" : null,
  "drop_variables" : null,
  "plug_input_structure" : null,
  "plug_output_structure" : null,
  "config_plug_id" : null,
  "override_plug" : false,
  "config_java_service_id" : null,
  "service_tag" : "V23",
  "endpoint_tag" : "EMPTY",
  "config_service_tag" : "EMPTY",
  "config_imap_tag" : "EMPTY",
  "config_b2b_document_type_tag" : "EMPTY",
  "active" : false,
  "parent_component_config_service_tag" : "V23",
  "service_project_id" : "94afffa5-622e-4445-9e23-5019119fbd0b",
  "service_project_tag" : "V23",
  "config_service_project_id" : null,
  "config_service_project_tag" : "EMPTY",
  "config_imap_project_id" : null,
  "config_imap_project_tag" : "EMPTY",
  "config_b2b_document_type_project_id" : null,
  "config_b2b_document_type_project_tag" : "EMPTY",
  "endpoint_project_id" : "94afffa5-622e-4445-9e23-5019119fbd0b",
  "endpoint_project_tag" : "EMPTY",
  "config_plug_tag" : "EMPTY",
  "config_plug_project_id" : null,
  "config_plug_project_tag" : "EMPTY",
  "config_java_service_tag" : "EMPTY",
  "config_java_service_project_id" : null,
  "config_java_service_project_tag" : "EMPTY",
  "disabled" : false,
  "config" : {
    "type" : "json",
    "value" : "{\"queueName\":\"TestQueue\",\"ackMode\":\"IMMEDIATE\",\"failureAction\":\"Ignore\"}",
    "null" : false
  },
  "config_b2b_document_type_project_mode_id" : "112c1cb8-4b9e-4d1a-a042-0bd031dc7d05",
  "config_imap_project_mode_id" : "112c1cb8-4b9e-4d1a-a042-0bd031dc7d05",
  "config_java_service_project_mode_id" : "112c1cb8-4b9e-4d1a-a042-0bd031dc7d05",
  "config_plug_project_mode_id" : "112c1cb8-4b9e-4d1a-a042-0bd031dc7d05",
  "config_service_project_mode_id" : "112c1cb8-4b9e-4d1a-a042-0bd031dc7d05",
  "endpoint_project_mode_id" : "112c1cb8-4b9e-4d1a-a042-0bd031dc7d05",
  "service_project_mode_id" : "112c1cb8-4b9e-4d1a-a042-0bd031dc7d05",
  "parent_component_config_service_project_mode_id" : "112c1cb8-4b9e-4d1a-a042-0bd031dc7d05",
  "is_audit" : true,
  "keys_with_order" : null
}