{
  "component_config_id" : "977e08ec-694f-4cac-8e6a-0573b324d22d",
  "endpoint_config_json" : {
    "type" : "jsonb",
    "value" : "{\"crossRef\": [], \"services\": [], \"multistep\": [], \"operations\": []}",
    "null" : false
  },
  "input_config_json" : {
    "type" : "jsonb",
    "value" : "{\"crossRef\": [], \"services\": [], \"multistep\": [], \"operations\": []}",
    "null" : false
  },
  "output_config_json" : {
    "type" : "jsonb",
    "value" : "{\"crossRef\": [], \"services\": [], \"multistep\": [], \"operations\": [{\"transformer\": {\"id\": \"6677aca5-dd3c-49ad-97dc-e5c6387cd4a1\", \"name\": \"ADVANCED_DEDEUPLICATION\", \"type\": \"Advanced\", \"query\": null, \"inputs\": [{\"id\": \"a646d955-76e6-4fca-bb90-53b37e043fd3\", \"root\": true, \"type\": \"list\", \"cached\": false, \"source\": \"/findPetsByStatusOutput/response[]\", \"target\": \"/ADVANCED_DEDEUPLICATION_INPUT/docList[]\", \"mapNull\": false, \"disabled\": false, \"extractXml\": false, \"extractJson\": false, \"mapEmptyString\": false}, {\"id\": \"1e1137ed-d6b0-4b9d-8762-bc57110d1828\", \"root\": false, \"type\": \"setValue\", \"cached\": false, \"target\": \"/ADVANCED_DEDEUPLICATION_INPUT/keys/@{0}\", \"mapNull\": false, \"disabled\": false, \"extractXml\": false, \"extractJson\": false, \"targetValue\": \"name\", \"mapEmptyString\": false, \"targetJavaType\": \"java.lang.String\", \"variableSubstitution\": false}], \"outputs\": [{\"id\": \"30fda446-2c8b-443b-9f44-4db59375ac13\", \"root\": true, \"type\": \"list\", \"cached\": false, \"source\": \"/ADVANCED_DEDEUPLICATION_OUTPUT/docList[]\", \"target\": \"/DedupeByCategoryName[]\", \"mapNull\": false, \"disabled\": false, \"extractXml\": false, \"extractJson\": false, \"targetOrder\": 1.0, \"mapEmptyString\": false}], \"tableId\": null, \"configId\": null, \"disabled\": false, \"serviceId\": null, \"expression\": null}}, {\"transformer\": {\"id\": \"0b60e4ca-92fe-490f-83f9-1184da7e2f80\", \"name\": \"LIST_GET_VALUE\", \"type\": \"List\", \"query\": null, \"inputs\": [{\"id\": \"cf82eb84-f801-4689-bfa2-63a682f7f6c2\", \"root\": true, \"type\": \"list\", \"cached\": false, \"source\": \"/findPetsByStatusOutput/response[]\", \"target\": \"/LIST_GET_VALUE_INPUT/inputList[]\", \"mapNull\": false, \"disabled\": false, \"extractXml\": false, \"extractJson\": false, \"mapEmptyString\": false}, {\"id\": \"744063b4-1c90-47a8-be5e-d9ad20d9bf18\", \"root\": false, \"type\": \"setValue\", \"cached\": false, \"target\": \"/LIST_GET_VALUE_INPUT/key\", \"mapNull\": false, \"disabled\": false, \"extractXml\": false, \"extractJson\": false, \"targetValue\": \"name\", \"mapEmptyString\": false, \"targetJavaType\": \"java.lang.String\", \"variableSubstitution\": false}], \"outputs\": [{\"id\": \"73b28fe3-000e-4a78-b77f-516eb44d0b37\", \"root\": false, \"type\": \"list\", \"cached\": false, \"source\": \"/LIST_GET_VALUE_OUTPUT/output[]\", \"target\": \"/names[]\", \"mapNull\": false, \"disabled\": false, \"extractXml\": false, \"extractJson\": false, \"targetOrder\": 1.0, \"mapEmptyString\": false, \"sourceJavaType\": \"java.lang.Object\", \"targetJavaType\": \"java.lang.String\"}], \"tableId\": null, \"configId\": null, \"disabled\": false, \"serviceId\": null, \"expression\": null}}]}",
    "null" : false
  },
  "component_id" : "8ac5fe03-27a2-4e6a-a449-6a8893818223",
  "service_id" : "2614439e-aff0-43ae-b999-e21367a1fdbf",
  "endpoint_id" : null,
  "parent_component_config_id" : null,
  "component_config_order" : 3.0,
  "action_id" : "06843b78-eab0-45da-afab-8c8277d7553f",
  "name" : "",
  "description" : "",
  "override_endpoint" : false,
  "input_structure_json" : {
    "type" : "jsonb",
    "value" : "{\"maps\": [], \"mappedNodes\": [\"/LIST_SIZE_OUTPUT/size0\", \"/ADVANCED_DEDEUPLICATION_INPUT\", \"/ADVANCED_DEDEUPLICATION_INPUT\", \"/LIST_GET_VALUE_INPUT/inputList[]1\", \"/LIST_GET_VALUE_INPUT\", \"/LIST_GET_VALUE_INPUT/key\", \"/ADVANCED_DEDEUPLICATION_INPUT/keys[]\", \"/ADVANCED_DEDEUPLICATION_INPUT\", \"/ADVANCED_DEDEUPLICATION_INPUT/keys[]\", \"/ADVANCED_DEDEUPLICATION_INPUT\", \"/ADVANCED_DEDEUPLICATION_INPUT/keys[]\", \"/ADVANCED_DEDEUPLICATION_INPUT\", \"/ADVANCED_DEDEUPLICATION_INPUT/keys[]\", \"/ADVANCED_DEDEUPLICATION_INPUT\", \"/LIST_GET_VALUE_INPUT/key\", \"/LIST_GET_VALUE_INPUT\", \"/LIST_GET_VALUE_INPUT/key\", \"/LIST_GET_VALUE_INPUT\"]}",
    "null" : false
  },
  "output_structure_json" : {
    "type" : "jsonb",
    "value" : "{\"maps\": [], \"tracks\": {}, \"transformer\": [{\"inputs\": {\"/ADVANCED_DEDEUPLICATION_INPUT/keys[]\": [{\"type\": \"setValue\", \"target\": {\"path\": \"/ADVANCED_DEDEUPLICATION_INPUT/keys[]\", \"order\": \"\", \"title\": \"keys\", \"dataElementType\": \"stringArray\"}, \"values\": [{\"id\": \"9c488745-8c22-44b3-805e-e41698947b60\", \"key\": \"/ADVANCED_DEDEUPLICATION_INPUT/keys[]\", \"type\": \"array\", \"title\": \"keys\", \"isLeaf\": false, \"secret\": false, \"children\": [{\"id\": \"f6e90a43-4374-4df6-ba78-85fd9ed7b44c\", \"key\": 0, \"node\": {\"id\": \"9c488745-8c22-44b3-805e-e41698947b60\", \"key\": \"/ADVANCED_DEDEUPLICATION_INPUT/keys[]\", \"type\": \"array\", \"title\": \"keys\", \"isLeaf\": false, \"secret\": false, \"setValue\": null, \"dataElementType\": \"stringArray\"}, \"type\": \"index\", \"title\": \"0\", \"isLeaf\": true, \"setValue\": \"\", \"uiElement\": \"name\", \"isSetValue\": false, \"dataElementType\": \"index\"}], \"setValue\": null, \"dataElementType\": \"stringArray\"}], \"mapCondition\": {\"isConditionSet\": false, \"sourceTreeIndex\": [], \"targetTreeIndex\": [], \"mapConditionFormValue\": {}}, \"variableSubstitution\": false, \"overwritePipelineValue\": false}], \"/ADVANCED_DEDEUPLICATION_INPUT/docList[]\": [{\"type\": \"list\", \"source\": {\"path\": \"/findPetsByStatusOutput/response[]\", \"title\": \"response\", \"dataElementType\": \"documentArray\"}, \"target\": {\"path\": \"/ADVANCED_DEDEUPLICATION_INPUT/docList[]\", \"title\": \"docList\", \"dataElementType\": \"documentArray\"}, \"mapCondition\": {\"isConditionSet\": false, \"sourceTreeIndex\": [{\"key\": 1, \"title\": \"findPetsByStatusOutput\", \"isLeaf\": false, \"isArray\": false, \"children\": [{\"key\": 2, \"title\": \"response[]\", \"isLeaf\": false, \"isArray\": true, \"parentKey\": 1, \"arrayIndex\": null}], \"parentKey\": 0}], \"targetTreeIndex\": [{\"key\": 1, \"title\": \"ADVANCED_DEDEUPLICATION_INPUT\", \"isLeaf\": false, \"isArray\": false, \"children\": [{\"key\": 2, \"title\": \"docList\", \"isLeaf\": false, \"isArray\": true, \"parentKey\": 1, \"arrayIndex\": null}], \"parentKey\": 0}], \"mapConditionFormValue\": {}}}]}, \"outputs\": {\"/DedupeByCategoryName[]\": [{\"type\": \"list\", \"source\": {\"path\": \"/ADVANCED_DEDEUPLICATION_OUTPUT/docList[]\", \"title\": \"docList\", \"dataElementType\": \"documentArray\"}, \"target\": {\"path\": \"/DedupeByCategoryName[]\", \"order\": 1, \"title\": \"DedupeByCategoryName\", \"dataElementType\": \"documentArray\"}, \"mapCondition\": {\"isConditionSet\": false, \"sourceTreeIndex\": [{\"key\": 1, \"title\": \"ADVANCED_DEDEUPLICATION_OUTPUT\", \"isLeaf\": false, \"isArray\": false, \"children\": [{\"key\": 2, \"title\": \"docList\", \"isLeaf\": false, \"isArray\": true, \"parentKey\": 1, \"arrayIndex\": null}], \"parentKey\": 0}], \"targetTreeIndex\": [{\"key\": 1, \"title\": \"DedupeByCategoryName[]\", \"isLeaf\": false, \"isArray\": true, \"parentKey\": 0, \"arrayIndex\": null}], \"mapConditionFormValue\": {}}}]}, \"functionInfo\": {\"id\": \"5fadc9aa-54c0-42a9-b5b9-e1e84b0a54ed\", \"name\": \"De-Duplication\", \"category\": {\"id\": \"abba5eaf-7353-4234-b15f-ef0841af9872\"}, \"internalName\": \"ADVANCED_DEDEUPLICATION\"}}, {\"inputs\": {\"/LIST_GET_VALUE_INPUT/key\": [{\"type\": \"setValue\", \"target\": {\"path\": \"/LIST_GET_VALUE_INPUT/key\", \"order\": \"\", \"title\": \"key\", \"dataElementType\": \"string\"}, \"values\": [{\"id\": \"2ae63083-6079-4453-9f00-a3e6b9911486\", \"key\": \"/LIST_GET_VALUE_INPUT/key\", \"type\": \"string\", \"title\": \"key\", \"isLeaf\": true, \"secret\": false, \"children\": [], \"setValue\": null, \"uiElement\": \"name\", \"isSetValue\": false, \"dataElementType\": \"string\"}], \"mapCondition\": {\"isConditionSet\": false, \"sourceTreeIndex\": [], \"targetTreeIndex\": [], \"mapConditionFormValue\": {}}, \"variableSubstitution\": false, \"overwritePipelineValue\": false}], \"/LIST_GET_VALUE_INPUT/inputList[]\": [{\"type\": \"list\", \"source\": {\"path\": \"/findPetsByStatusOutput/response[]\", \"title\": \"response\", \"dataElementType\": \"documentArray\"}, \"target\": {\"path\": \"/LIST_GET_VALUE_INPUT/inputList[]\", \"title\": \"inputList\", \"dataElementType\": \"documentArray\"}, \"mapCondition\": {\"isConditionSet\": false, \"sourceTreeIndex\": [{\"key\": 1, \"title\": \"findPetsByStatusOutput\", \"isLeaf\": false, \"isArray\": false, \"children\": [{\"key\": 2, \"title\": \"response[]\", \"isLeaf\": false, \"isArray\": true, \"parentKey\": 1, \"arrayIndex\": null}], \"parentKey\": 0}], \"targetTreeIndex\": [{\"key\": 1, \"title\": \"LIST_GET_VALUE_INPUT\", \"isLeaf\": false, \"isArray\": false, \"children\": [{\"key\": 2, \"title\": \"inputList\", \"isLeaf\": false, \"isArray\": true, \"parentKey\": 1, \"arrayIndex\": null}], \"parentKey\": 0}], \"mapConditionFormValue\": {}}}]}, \"outputs\": {\"/names[]\": [{\"type\": \"list\", \"source\": {\"path\": \"/LIST_GET_VALUE_OUTPUT/output[]\", \"title\": \"output\", \"dataElementType\": \"objectArray\"}, \"target\": {\"path\": \"/names[]\", \"order\": 1, \"title\": \"names\", \"dataElementType\": \"stringArray\"}, \"mapCondition\": {\"isConditionSet\": false, \"sourceTreeIndex\": [{\"key\": 1, \"title\": \"LIST_GET_VALUE_OUTPUT\", \"isLeaf\": false, \"isArray\": false, \"children\": [{\"key\": 2, \"title\": \"output\", \"isLeaf\": false, \"isArray\": true, \"parentKey\": 1, \"arrayIndex\": null}], \"parentKey\": 0}], \"targetTreeIndex\": [{\"key\": 1, \"title\": \"names[]\", \"isLeaf\": false, \"isArray\": true, \"parentKey\": 0, \"arrayIndex\": null}], \"mapConditionFormValue\": {}}}]}, \"functionInfo\": {\"id\": \"656bab27-f23f-49ff-acd1-9f8823cfdb46\", \"name\": \"GetValue\", \"category\": {\"id\": \"41a97f98-22ec-4738-9b60-e2e3bd2bc1f9\"}, \"internalName\": \"LIST_GET_VALUE\"}}]}",
    "null" : false
  },
  "endpoint_structure_json" : {
    "type" : "jsonb",
    "value" : "{\"maps\": []}",
    "null" : false
  },
  "is_error" : false,
  "no_of_errors" : 0,
  "action_input_type" : null,
  "config_service_id" : null,
  "config_imap_id" : null,
  "config_b2b_document_type_id" : null,
  "config_document_id" : null,
  "add_variables" : {
    "type" : "jsonb",
    "value" : "[{\"id\": \"7668c072-ab8c-42ec-b95e-4c04cdd759f1\", \"key\": \"/DedupeByCategoryName[]\", \"type\": \"node\", \"order\": 1, \"title\": \"DedupeByCategoryName\", \"value\": {\"type\": \"array\"}, \"children\": [{\"id\": \"47c8186d-43be-4c11-97b1-d1cdde664725\", \"key\": \"/DedupeByCategoryName[]/id\", \"type\": \"integer\", \"order\": 5, \"title\": \"id\", \"value\": {\"type\": \"integer\", \"requiredFlag\": false}, \"isLeaf\": true, \"childrenSet\": false, \"hasChildren\": false, \"dataElementType\": \"integer\", \"componentConfigId\": \"977e08ec-694f-4cac-8e6a-0573b324d22d\", \"componentConfigName\": \"Map\", \"encryption_required\": false}, {\"id\": \"fa60be6d-6e66-4464-8016-40ea0857c190\", \"key\": \"/DedupeByCategoryName[]/name\", \"type\": \"string\", \"order\": 6, \"title\": \"name\", \"value\": {\"type\": \"string\", \"requiredFlag\": true}, \"isLeaf\": true, \"childrenSet\": false, \"hasChildren\": false, \"dataElementType\": \"string\", \"componentConfigId\": \"977e08ec-694f-4cac-8e6a-0573b324d22d\", \"componentConfigName\": \"Map\", \"encryption_required\": false}, {\"id\": \"da61a0cd-4118-42ca-ad0f-be71500143d2\", \"key\": \"/DedupeByCategoryName[]/category\", \"type\": \"object\", \"order\": 7, \"title\": \"category\", \"value\": {\"type\": \"object\", \"requiredFlag\": false}, \"isLeaf\": false, \"children\": [{\"id\": \"0ceed802-3660-4618-9758-7bc3d83c12d1\", \"key\": \"/DedupeByCategoryName[]/category/id\", \"type\": \"integer\", \"order\": 8, \"title\": \"id\", \"value\": {\"type\": \"integer\", \"requiredFlag\": false}, \"isLeaf\": true, \"childrenSet\": false, \"hasChildren\": false, \"dataElementType\": \"integer\", \"componentConfigId\": \"977e08ec-694f-4cac-8e6a-0573b324d22d\", \"componentConfigName\": \"Map\", \"encryption_required\": false}, {\"id\": \"83a51790-d7a4-4f8b-8cc3-c91288e6973f\", \"key\": \"/DedupeByCategoryName[]/category/name\", \"type\": \"string\", \"order\": 9, \"title\": \"name\", \"value\": {\"type\": \"string\", \"requiredFlag\": false}, \"isLeaf\": true, \"childrenSet\": false, \"hasChildren\": false, \"dataElementType\": \"string\", \"componentConfigId\": \"977e08ec-694f-4cac-8e6a-0573b324d22d\", \"componentConfigName\": \"Map\", \"encryption_required\": false}], \"childrenSet\": false, \"hasChildren\": true, \"dataElementType\": \"document\", \"componentConfigId\": \"977e08ec-694f-4cac-8e6a-0573b324d22d\", \"componentConfigName\": \"Map\", \"encryption_required\": false}, {\"id\": \"a5e6437a-a878-4369-b8a6-421d7600138b\", \"key\": \"/DedupeByCategoryName[]/photoUrls[]\", \"type\": \"array\", \"order\": 10, \"title\": \"photoUrls\", \"value\": {\"type\": \"array\", \"requiredFlag\": true}, \"isLeaf\": false, \"childrenSet\": false, \"hasChildren\": false, \"dataElementType\": \"stringArray\", \"componentConfigId\": \"977e08ec-694f-4cac-8e6a-0573b324d22d\", \"componentConfigName\": \"Map\", \"encryption_required\": false}, {\"id\": \"0644ee5c-0304-4d10-8616-ae61ac8e964b\", \"key\": \"/DedupeByCategoryName[]/tags[]\", \"type\": \"array\", \"order\": 11, \"title\": \"tags\", \"value\": {\"type\": \"array\", \"requiredFlag\": false}, \"isLeaf\": false, \"children\": [{\"id\": \"ef51d78a-b3b3-450e-b525-c4350b3f058f\", \"key\": \"/DedupeByCategoryName[]/tags[]/id\", \"type\": \"integer\", \"order\": 12, \"title\": \"id\", \"value\": {\"type\": \"integer\", \"requiredFlag\": false}, \"isLeaf\": true, \"childrenSet\": false, \"hasChildren\": false, \"dataElementType\": \"integer\", \"componentConfigId\": \"977e08ec-694f-4cac-8e6a-0573b324d22d\", \"componentConfigName\": \"Map\", \"encryption_required\": false}, {\"id\": \"86327c22-2e5a-4123-82ba-699dd64ad8c4\", \"key\": \"/DedupeByCategoryName[]/tags[]/name\", \"type\": \"string\", \"order\": 13, \"title\": \"name\", \"value\": {\"type\": \"string\", \"requiredFlag\": false}, \"isLeaf\": true, \"childrenSet\": false, \"hasChildren\": false, \"dataElementType\": \"string\", \"componentConfigId\": \"977e08ec-694f-4cac-8e6a-0573b324d22d\", \"componentConfigName\": \"Map\", \"encryption_required\": false}], \"childrenSet\": false, \"hasChildren\": true, \"dataElementType\": \"documentArray\", \"componentConfigId\": \"977e08ec-694f-4cac-8e6a-0573b324d22d\", \"componentConfigName\": \"Map\", \"encryption_required\": false}, {\"id\": \"58a07426-3b9b-4526-b8d8-f106bae6cc83\", \"key\": \"/DedupeByCategoryName[]/status\", \"type\": \"string\", \"order\": 14, \"title\": \"status\", \"value\": {\"type\": \"string\", \"_enum\": [\"sold\", \"pending\", \"available\"], \"requiredFlag\": false}, \"isLeaf\": true, \"childrenSet\": false, \"hasChildren\": false, \"dataElementType\": \"string\", \"componentConfigId\": \"977e08ec-694f-4cac-8e6a-0573b324d22d\", \"componentConfigName\": \"Map\", \"encryption_required\": false}], \"editAllow\": true, \"componentName\": \"\", \"dataElementType\": \"documentArray\", \"componentConfigId\": \"977e08ec-694f-4cac-8e6a-0573b324d22d\", \"componentConfigName\": \"Map\"}, {\"id\": \"cee80926-e00f-4470-8fcf-3b4b305d1a18\", \"key\": \"/names[]\", \"type\": \"node\", \"order\": 1, \"title\": \"names\", \"value\": {\"type\": \"array\"}, \"children\": [], \"editAllow\": true, \"componentName\": \"\", \"dataElementType\": \"stringArray\", \"componentConfigId\": \"977e08ec-694f-4cac-8e6a-0573b324d22d\", \"componentConfigName\": \"Map\"}]",
    "null" : false
  },
  "drop_variables" : {
    "type" : "jsonb",
    "value" : "[]",
    "null" : false
  },
  "plug_input_structure" : null,
  "plug_output_structure" : null,
  "config_plug_id" : null,
  "override_plug" : false,
  "config_java_service_id" : null,
  "service_tag" : "V23",
  "endpoint_tag" : "EMPTY",
  "config_service_tag" : "EMPTY",
  "config_imap_tag" : "EMPTY",
  "config_b2b_document_type_tag" : "EMPTY",
  "active" : false,
  "parent_component_config_service_tag" : "V23",
  "service_project_id" : "94afffa5-622e-4445-9e23-5019119fbd0b",
  "service_project_tag" : "V23",
  "config_service_project_id" : null,
  "config_service_project_tag" : "EMPTY",
  "config_imap_project_id" : null,
  "config_imap_project_tag" : "EMPTY",
  "config_b2b_document_type_project_id" : null,
  "config_b2b_document_type_project_tag" : "EMPTY",
  "endpoint_project_id" : null,
  "endpoint_project_tag" : "EMPTY",
  "config_plug_tag" : "EMPTY",
  "config_plug_project_id" : null,
  "config_plug_project_tag" : "EMPTY",
  "config_java_service_tag" : "EMPTY",
  "config_java_service_project_id" : null,
  "config_java_service_project_tag" : "EMPTY",
  "disabled" : false,
  "config" : null,
  "config_b2b_document_type_project_mode_id" : "112c1cb8-4b9e-4d1a-a042-0bd031dc7d05",
  "config_imap_project_mode_id" : "112c1cb8-4b9e-4d1a-a042-0bd031dc7d05",
  "config_java_service_project_mode_id" : "112c1cb8-4b9e-4d1a-a042-0bd031dc7d05",
  "config_plug_project_mode_id" : "112c1cb8-4b9e-4d1a-a042-0bd031dc7d05",
  "config_service_project_mode_id" : "112c1cb8-4b9e-4d1a-a042-0bd031dc7d05",
  "endpoint_project_mode_id" : "112c1cb8-4b9e-4d1a-a042-0bd031dc7d05",
  "service_project_mode_id" : "112c1cb8-4b9e-4d1a-a042-0bd031dc7d05",
  "parent_component_config_service_project_mode_id" : "112c1cb8-4b9e-4d1a-a042-0bd031dc7d05",
  "is_audit" : true,
  "keys_with_order" : null
}