{
  "component_config_id" : "41b62a87-5bac-4b2d-a29a-10444f417942",
  "endpoint_config_json" : {
    "type" : "jsonb",
    "value" : "{\"crossRef\": [], \"services\": [], \"multistep\": [], \"operations\": []}",
    "null" : false
  },
  "input_config_json" : {
    "type" : "jsonb",
    "value" : "{\"crossRef\": [], \"services\": [], \"multistep\": [], \"operations\": []}",
    "null" : false
  },
  "output_config_json" : {
    "type" : "jsonb",
    "value" : "{\"crossRef\": [], \"services\": [], \"multistep\": [], \"operations\": [{\"transformer\": {\"id\": \"7cea183a-2b8e-42dc-8d4a-0d1bb0e00620\", \"name\": \"ADVANCED_GET_ENVIRONMENT_PROPERTY\", \"type\": \"Advanced\", \"query\": null, \"inputs\": [{\"id\": \"4eeb8a67-b455-46b0-91cf-4a7cbefb8294\", \"root\": false, \"type\": \"setValue\", \"cached\": false, \"target\": \"/ADVANCED_GET_ENVIRONMENT_PROPERTY_INPUT/key\", \"mapNull\": false, \"disabled\": false, \"extractXml\": false, \"extractJson\": false, \"targetValue\": \"UPLOADCARE_PUB_KEY\", \"mapEmptyString\": false, \"targetJavaType\": \"java.lang.String\", \"variableSubstitution\": false}], \"outputs\": [{\"id\": \"19ef0ad8-10f9-4a7c-9174-9f4b8c87dfd9\", \"root\": false, \"type\": \"map\", \"cached\": false, \"source\": \"/ADVANCED_GET_ENVIRONMENT_PROPERTY_OUTPUT/value\", \"target\": \"/UPLOADCARE_PUB_KEY\", \"mapNull\": false, \"disabled\": false, \"extractXml\": false, \"extractJson\": false, \"targetOrder\": 1.0, \"mapEmptyString\": false, \"sourceJavaType\": \"java.lang.String\", \"targetJavaType\": \"java.lang.String\"}], \"tableId\": null, \"configId\": null, \"disabled\": false, \"serviceId\": null, \"expression\": null}}]}",
    "null" : false
  },
  "component_id" : "8ac5fe03-27a2-4e6a-a449-6a8893818223",
  "service_id" : "ea76bf30-38ad-4fbc-b6ee-89f919f0ea6f",
  "endpoint_id" : null,
  "parent_component_config_id" : null,
  "component_config_order" : 1.5,
  "action_id" : "06843b78-eab0-45da-afab-8c8277d7553f",
  "name" : "Get env var",
  "description" : "",
  "override_endpoint" : false,
  "input_structure_json" : {
    "type" : "jsonb",
    "value" : "{\"maps\": [], \"mappedNodes\": [\"/ADVANCED_GET_ENVIRONMENT_PROPERTY_INPUT/key\", \"/ADVANCED_GET_ENVIRONMENT_PROPERTY_INPUT\", \"/ADVANCED_GET_ENVIRONMENT_PROPERTY_OUTPUT/value0\", \"/UPLOADCARE_PUB_KEYpipeOut\"]}",
    "null" : false
  },
  "output_structure_json" : {
    "type" : "jsonb",
    "value" : "{\"maps\": [], \"tracks\": {}, \"transformer\": [{\"inputs\": {\"/ADVANCED_GET_ENVIRONMENT_PROPERTY_INPUT/key\": [{\"type\": \"setValue\", \"target\": {\"path\": \"/ADVANCED_GET_ENVIRONMENT_PROPERTY_INPUT/key\", \"order\": \"\", \"title\": \"key\", \"dataElementType\": \"string\"}, \"values\": [{\"id\": \"b78d54c8-1dbb-4b8e-9833-21fce34f291a\", \"key\": \"/ADVANCED_GET_ENVIRONMENT_PROPERTY_INPUT/key\", \"type\": \"string\", \"title\": \"key\", \"isLeaf\": true, \"secret\": false, \"children\": [], \"setValue\": null, \"uiElement\": \"UPLOADCARE_PUB_KEY\", \"isSetValue\": false, \"dataElementType\": \"string\"}], \"mapCondition\": {\"isConditionSet\": false, \"sourceTreeIndex\": [], \"targetTreeIndex\": [], \"mapConditionFormValue\": {}}, \"variableSubstitution\": false, \"overwritePipelineValue\": false}]}, \"outputs\": {\"/UPLOADCARE_PUB_KEY\": [{\"type\": \"map\", \"source\": {\"path\": \"/ADVANCED_GET_ENVIRONMENT_PROPERTY_OUTPUT/value\", \"title\": \"value\", \"dataElementType\": \"string\"}, \"target\": {\"path\": \"/UPLOADCARE_PUB_KEY\", \"order\": 1, \"title\": \"UPLOADCARE_PUB_KEY\", \"dataElementType\": \"string\"}, \"mapCondition\": {\"isConditionSet\": false, \"sourceTreeIndex\": [], \"targetTreeIndex\": [], \"mapConditionFormValue\": {}}}]}, \"functionInfo\": {\"id\": \"04238aa7-8aa1-4a2f-b581-ea49c658ad4c\", \"name\": \"GetEnvironmentProperty\", \"category\": {\"id\": \"abba5eaf-7353-4234-b15f-ef0841af9872\"}, \"internalName\": \"ADVANCED_GET_ENVIRONMENT_PROPERTY\"}}]}",
    "null" : false
  },
  "endpoint_structure_json" : {
    "type" : "jsonb",
    "value" : "{\"maps\": []}",
    "null" : false
  },
  "is_error" : false,
  "no_of_errors" : 0,
  "action_input_type" : null,
  "config_service_id" : null,
  "config_imap_id" : null,
  "config_b2b_document_type_id" : null,
  "config_document_id" : null,
  "add_variables" : {
    "type" : "jsonb",
    "value" : "[{\"id\": \"e90d6a32-c033-431b-9b93-e72f19e20457\", \"key\": \"/UPLOADCARE_PUB_KEY\", \"type\": \"node\", \"order\": 1, \"title\": \"UPLOADCARE_PUB_KEY\", \"value\": {\"type\": \"string\"}, \"children\": [], \"editAllow\": true, \"componentName\": \"Get env var\", \"dataElementType\": \"string\", \"componentConfigId\": \"41b62a87-5bac-4b2d-a29a-10444f417942\", \"componentConfigName\": \"Map\"}]",
    "null" : false
  },
  "drop_variables" : {
    "type" : "jsonb",
    "value" : "[]",
    "null" : false
  },
  "plug_input_structure" : null,
  "plug_output_structure" : null,
  "config_plug_id" : null,
  "override_plug" : false,
  "config_java_service_id" : null,
  "service_tag" : "V23",
  "endpoint_tag" : "EMPTY",
  "config_service_tag" : "EMPTY",
  "config_imap_tag" : "EMPTY",
  "config_b2b_document_type_tag" : "EMPTY",
  "active" : false,
  "parent_component_config_service_tag" : "V23",
  "service_project_id" : "94afffa5-622e-4445-9e23-5019119fbd0b",
  "service_project_tag" : "V23",
  "config_service_project_id" : null,
  "config_service_project_tag" : "EMPTY",
  "config_imap_project_id" : null,
  "config_imap_project_tag" : "EMPTY",
  "config_b2b_document_type_project_id" : null,
  "config_b2b_document_type_project_tag" : "EMPTY",
  "endpoint_project_id" : null,
  "endpoint_project_tag" : "EMPTY",
  "config_plug_tag" : "EMPTY",
  "config_plug_project_id" : null,
  "config_plug_project_tag" : "EMPTY",
  "config_java_service_tag" : "EMPTY",
  "config_java_service_project_id" : null,
  "config_java_service_project_tag" : "EMPTY",
  "disabled" : false,
  "config" : null,
  "config_b2b_document_type_project_mode_id" : "112c1cb8-4b9e-4d1a-a042-0bd031dc7d05",
  "config_imap_project_mode_id" : "112c1cb8-4b9e-4d1a-a042-0bd031dc7d05",
  "config_java_service_project_mode_id" : "112c1cb8-4b9e-4d1a-a042-0bd031dc7d05",
  "config_plug_project_mode_id" : "112c1cb8-4b9e-4d1a-a042-0bd031dc7d05",
  "config_service_project_mode_id" : "112c1cb8-4b9e-4d1a-a042-0bd031dc7d05",
  "endpoint_project_mode_id" : "112c1cb8-4b9e-4d1a-a042-0bd031dc7d05",
  "service_project_mode_id" : "112c1cb8-4b9e-4d1a-a042-0bd031dc7d05",
  "parent_component_config_service_project_mode_id" : "112c1cb8-4b9e-4d1a-a042-0bd031dc7d05",
  "is_audit" : true,
  "keys_with_order" : null
}