{
  "component_config_id" : "1be979d2-ba47-45d5-bc0d-66554839e89a",
  "endpoint_config_json" : {
    "type" : "jsonb",
    "value" : "{\"crossRef\": [], \"services\": [], \"multistep\": [], \"operations\": []}",
    "null" : false
  },
  "input_config_json" : {
    "type" : "jsonb",
    "value" : "{\"crossRef\": [], \"services\": [], \"multistep\": [], \"operations\": []}",
    "null" : false
  },
  "output_config_json" : {
    "type" : "jsonb",
    "value" : "{\"crossRef\": [], \"services\": [], \"multistep\": [], \"operations\": [{\"transformer\": {\"id\": \"dd33ecd5-bd69-4822-9949-fa18e4af05ff\", \"name\": \"ADVANCED_JOIN\", \"type\": \"Advanced\", \"query\": null, \"inputs\": [{\"id\": \"40234553-84c9-4a3f-aa2a-0cb51fd25c4c\", \"root\": true, \"type\": \"list\", \"cached\": false, \"source\": \"/employees/employees[]\", \"target\": \"/ADVANCED_JOIN_INPUT/leftList[]\", \"mapNull\": false, \"disabled\": false, \"extractXml\": false, \"extractJson\": false, \"mapEmptyString\": false}, {\"id\": \"e391f552-fc9a-4974-b334-4108b7fc8608\", \"root\": true, \"type\": \"list\", \"cached\": false, \"source\": \"/salaries/salaries[]\", \"target\": \"/ADVANCED_JOIN_INPUT/rightList[]\", \"mapNull\": false, \"disabled\": false, \"extractXml\": false, \"extractJson\": false, \"mapEmptyString\": false}, {\"id\": \"076a24ec-4c53-425c-8bb1-52d772803320\", \"root\": false, \"type\": \"map\", \"cached\": false, \"config\": {\"joinType\": \"FULL OUTER JOIN\", \"leftKeys\": [\"id\"], \"rightKeys\": [\"id\"], \"outputKeys\": [{\"key\": \"firstName\"}, {\"key\": \"lastName\"}, {\"key\": \"salary\"}]}, \"mapNull\": false, \"disabled\": false, \"extractXml\": false, \"extractJson\": false, \"mapEmptyString\": false}], \"outputs\": [{\"id\": \"bd18dbdd-62c3-426e-be58-87582e8e5375\", \"root\": true, \"type\": \"list\", \"cached\": false, \"source\": \"/ADVANCED_JOIN_OUTPUT/outputList[]\", \"target\": \"/joinedemployeesandsalaries[]\", \"mapNull\": false, \"disabled\": false, \"extractXml\": false, \"extractJson\": false, \"targetOrder\": 1.0, \"mapEmptyString\": false}], \"tableId\": null, \"configId\": null, \"disabled\": false, \"serviceId\": null, \"expression\": null}}]}",
    "null" : false
  },
  "component_id" : "8ac5fe03-27a2-4e6a-a449-6a8893818223",
  "service_id" : "4f84cf83-ef61-44ae-869d-ca709f0f9a25",
  "endpoint_id" : null,
  "parent_component_config_id" : null,
  "component_config_order" : 5.0,
  "action_id" : "06843b78-eab0-45da-afab-8c8277d7553f",
  "name" : "Join",
  "description" : "",
  "override_endpoint" : false,
  "input_structure_json" : {
    "type" : "jsonb",
    "value" : "{\"maps\": [], \"mappedNodes\": [\"/employees/employees[] pipeIn\", \"/ADVANCED_JOIN_INPUT/leftList[]0\", \"/salaries/salaries[] pipeIn\", \"/ADVANCED_JOIN_INPUT/rightList[]0\", \"/ADVANCED_JOIN_OUTPUT/outputList[]0\", \"/joinedemployeesandsalaries[]pipeOut\"]}",
    "null" : false
  },
  "output_structure_json" : {
    "type" : "jsonb",
    "value" : "{\"maps\": [], \"tracks\": {}, \"transformer\": [{\"inputs\": {\"/ADVANCED_JOIN_INPUT/config\": [{\"txConfig\": {\"joins\": [{\"id\": \"f022a295-211c-415e-8cb6-95008f4e32e1\", \"joinType\": \"FULL OUTER JOIN\", \"leftKeys\": [\"id\"], \"rightKeys\": [\"id\"]}], \"output\": [{\"id\": \"6dd31bbb-2d4c-4f94-9889-adb6b6c204e9\", \"paths\": [\"%{firstName}%\"], \"keyName\": false, \"keyValue\": null, \"outputField\": \"firstName\", \"isTreeChecked\": false, \"dataElementType\": \"string\"}, {\"id\": \"000efa07-876a-4bc0-8f20-1958018ab42e\", \"paths\": [\"%{lastName}%\"], \"keyName\": false, \"keyValue\": null, \"outputField\": \"lastName\", \"isTreeChecked\": false, \"dataElementType\": \"string\"}, {\"id\": \"2f905283-1027-4e4f-b1e5-0e1265d3b9d5\", \"paths\": [\"%{salary}%\"], \"keyName\": false, \"keyValue\": null, \"outputField\": \"salary\", \"isTreeChecked\": false, \"dataElementType\": \"string\"}]}}], \"/ADVANCED_JOIN_INPUT/leftList[]\": [{\"type\": \"list\", \"source\": {\"path\": \"/employees/employees[]\", \"title\": \"employees\", \"dataElementType\": \"documentArray\"}, \"target\": {\"path\": \"/ADVANCED_JOIN_INPUT/leftList[]\", \"title\": \"leftList\", \"dataElementType\": \"documentArray\"}, \"mapCondition\": {\"isConditionSet\": false, \"sourceTreeIndex\": [{\"key\": 1, \"title\": \"employees\", \"isLeaf\": false, \"isArray\": false, \"children\": [{\"key\": 2, \"title\": \"employees[]\", \"isLeaf\": false, \"isArray\": true, \"parentKey\": 1, \"arrayIndex\": null}], \"parentKey\": 0}], \"targetTreeIndex\": [{\"key\": 1, \"title\": \"ADVANCED_JOIN_INPUT\", \"isLeaf\": false, \"isArray\": false, \"children\": [{\"key\": 2, \"title\": \"leftList\", \"isLeaf\": false, \"isArray\": true, \"parentKey\": 1, \"arrayIndex\": null}], \"parentKey\": 0}], \"mapConditionFormValue\": {}}}], \"/ADVANCED_JOIN_INPUT/rightList[]\": [{\"type\": \"list\", \"source\": {\"path\": \"/salaries/salaries[]\", \"title\": \"salaries\", \"dataElementType\": \"documentArray\"}, \"target\": {\"path\": \"/ADVANCED_JOIN_INPUT/rightList[]\", \"title\": \"rightList\", \"dataElementType\": \"documentArray\"}, \"mapCondition\": {\"isConditionSet\": false, \"sourceTreeIndex\": [{\"key\": 1, \"title\": \"salaries\", \"isLeaf\": false, \"isArray\": false, \"children\": [{\"key\": 2, \"title\": \"salaries[]\", \"isLeaf\": false, \"isArray\": true, \"parentKey\": 1, \"arrayIndex\": null}], \"parentKey\": 0}], \"targetTreeIndex\": [{\"key\": 1, \"title\": \"ADVANCED_JOIN_INPUT\", \"isLeaf\": false, \"isArray\": false, \"children\": [{\"key\": 2, \"title\": \"rightList\", \"isLeaf\": false, \"isArray\": true, \"parentKey\": 1, \"arrayIndex\": null}], \"parentKey\": 0}], \"mapConditionFormValue\": {}}}]}, \"outputs\": {\"/joinedemployeesandsalaries[]\": [{\"type\": \"list\", \"source\": {\"path\": \"/ADVANCED_JOIN_OUTPUT/outputList[]\", \"title\": \"outputList\", \"dataElementType\": \"documentArray\"}, \"target\": {\"path\": \"/joinedemployeesandsalaries[]\", \"order\": 1, \"title\": \"joinedemployeesandsalaries\", \"dataElementType\": \"documentArray\"}, \"mapCondition\": {\"isConditionSet\": false, \"sourceTreeIndex\": [{\"key\": 1, \"title\": \"ADVANCED_JOIN_OUTPUT\", \"isLeaf\": false, \"isArray\": false, \"children\": [{\"key\": 2, \"title\": \"outputList\", \"isLeaf\": false, \"isArray\": true, \"parentKey\": 1, \"arrayIndex\": null}], \"parentKey\": 0}], \"targetTreeIndex\": [{\"key\": 1, \"title\": \"joinedemployeesandsalaries[]\", \"isLeaf\": false, \"isArray\": true, \"parentKey\": 0, \"arrayIndex\": null}], \"mapConditionFormValue\": {}}}]}, \"functionInfo\": {\"id\": \"549930aa-3e35-464b-9794-ba859b5ec0d3\", \"name\": \"Join\", \"category\": {\"id\": \"abba5eaf-7353-4234-b15f-ef0841af9872\"}, \"internalName\": \"ADVANCED_JOIN\"}}]}",
    "null" : false
  },
  "endpoint_structure_json" : {
    "type" : "jsonb",
    "value" : "{\"maps\": []}",
    "null" : false
  },
  "is_error" : false,
  "no_of_errors" : 0,
  "action_input_type" : null,
  "config_service_id" : null,
  "config_imap_id" : null,
  "config_b2b_document_type_id" : null,
  "config_document_id" : null,
  "add_variables" : {
    "type" : "jsonb",
    "value" : "[{\"id\": \"ffd22a95-147d-4a03-b1ca-1e5d1f1ec5d6\", \"key\": \"/joinedemployeesandsalaries[]\", \"type\": \"node\", \"order\": 1, \"title\": \"joinedemployeesandsalaries\", \"value\": {}, \"children\": [{\"id\": \"b09e19ea-7bee-4630-8b6b-eb024692de27\", \"key\": \"/joinedemployeesandsalaries[]/firstName\", \"type\": \"string\", \"order\": 2, \"title\": \"firstName\", \"value\": {\"type\": \"string\", \"requiredFlag\": false}, \"isLeaf\": true, \"children\": [], \"hasChildren\": false, \"dataElementType\": \"string\", \"componentConfigId\": \"1be979d2-ba47-45d5-bc0d-66554839e89a\", \"componentConfigName\": \"Map\"}, {\"id\": \"19ac7f08-1870-45e4-835d-95e8ae88928a\", \"key\": \"/joinedemployeesandsalaries[]/lastName\", \"type\": \"string\", \"order\": 3, \"title\": \"lastName\", \"value\": {\"type\": \"string\", \"requiredFlag\": false}, \"isLeaf\": true, \"children\": [], \"hasChildren\": false, \"dataElementType\": \"string\", \"componentConfigId\": \"1be979d2-ba47-45d5-bc0d-66554839e89a\", \"componentConfigName\": \"Map\"}, {\"id\": \"caf6a627-9c51-4e27-9bb8-dd8f4d1cff71\", \"key\": \"/joinedemployeesandsalaries[]/salary\", \"type\": \"string\", \"order\": 4, \"title\": \"salary\", \"value\": {\"type\": \"string\", \"requiredFlag\": false}, \"isLeaf\": true, \"children\": [], \"hasChildren\": false, \"dataElementType\": \"string\", \"componentConfigId\": \"1be979d2-ba47-45d5-bc0d-66554839e89a\", \"componentConfigName\": \"Map\"}], \"editAllow\": true, \"componentName\": \"Join\", \"dataElementType\": \"documentArray\", \"componentConfigId\": \"1be979d2-ba47-45d5-bc0d-66554839e89a\", \"componentConfigName\": \"Map\"}]",
    "null" : false
  },
  "drop_variables" : {
    "type" : "jsonb",
    "value" : "[]",
    "null" : false
  },
  "plug_input_structure" : null,
  "plug_output_structure" : null,
  "config_plug_id" : null,
  "override_plug" : false,
  "config_java_service_id" : null,
  "service_tag" : "V23",
  "endpoint_tag" : "EMPTY",
  "config_service_tag" : "EMPTY",
  "config_imap_tag" : "EMPTY",
  "config_b2b_document_type_tag" : "EMPTY",
  "active" : false,
  "parent_component_config_service_tag" : "V23",
  "service_project_id" : "94afffa5-622e-4445-9e23-5019119fbd0b",
  "service_project_tag" : "V23",
  "config_service_project_id" : null,
  "config_service_project_tag" : "EMPTY",
  "config_imap_project_id" : null,
  "config_imap_project_tag" : "EMPTY",
  "config_b2b_document_type_project_id" : null,
  "config_b2b_document_type_project_tag" : "EMPTY",
  "endpoint_project_id" : null,
  "endpoint_project_tag" : "EMPTY",
  "config_plug_tag" : "EMPTY",
  "config_plug_project_id" : null,
  "config_plug_project_tag" : "EMPTY",
  "config_java_service_tag" : "EMPTY",
  "config_java_service_project_id" : null,
  "config_java_service_project_tag" : "EMPTY",
  "disabled" : false,
  "config" : null,
  "config_b2b_document_type_project_mode_id" : "112c1cb8-4b9e-4d1a-a042-0bd031dc7d05",
  "config_imap_project_mode_id" : "112c1cb8-4b9e-4d1a-a042-0bd031dc7d05",
  "config_java_service_project_mode_id" : "112c1cb8-4b9e-4d1a-a042-0bd031dc7d05",
  "config_plug_project_mode_id" : "112c1cb8-4b9e-4d1a-a042-0bd031dc7d05",
  "config_service_project_mode_id" : "112c1cb8-4b9e-4d1a-a042-0bd031dc7d05",
  "endpoint_project_mode_id" : "112c1cb8-4b9e-4d1a-a042-0bd031dc7d05",
  "service_project_mode_id" : "112c1cb8-4b9e-4d1a-a042-0bd031dc7d05",
  "parent_component_config_service_project_mode_id" : "112c1cb8-4b9e-4d1a-a042-0bd031dc7d05",
  "is_audit" : true,
  "keys_with_order" : null
}