{
  "component_config_id" : "bfa5a6c1-6344-4b7e-8b31-173fe5579e51",
  "endpoint_config_json" : {
    "type" : "jsonb",
    "value" : "{\"crossRef\": [], \"services\": [], \"multistep\": [], \"operations\": []}",
    "null" : false
  },
  "input_config_json" : {
    "type" : "jsonb",
    "value" : "{\"crossRef\": [], \"services\": [], \"multistep\": [], \"operations\": [{\"map\": {\"id\": \"b1cb2d4e-19f3-41a0-a94a-2b870a175f50\", \"root\": false, \"type\": \"list\", \"cached\": false, \"source\": \"/SFTPServerPollOutput/files[]/body\", \"target\": \"/HTTPSPostInput/formData/@{0}/content\", \"mapNull\": false, \"disabled\": false, \"extractXml\": false, \"extractJson\": false, \"targetOrder\": 11.0, \"mapEmptyString\": false, \"sourceJavaType\": \"java.lang.String\", \"targetJavaType\": \"java.lang.String\"}}, {\"map\": {\"id\": \"e914e84a-aba9-470d-a930-929d5e2fd874\", \"root\": false, \"type\": \"map\", \"cached\": false, \"source\": \"/UPLOADCARE_PUB_KEY\", \"target\": \"/HTTPSPostInput/formData/@{1}/content\", \"mapNull\": false, \"disabled\": false, \"extractXml\": false, \"extractJson\": false, \"targetOrder\": 11.0, \"mapEmptyString\": false, \"sourceJavaType\": \"java.lang.String\", \"targetJavaType\": \"java.lang.String\"}}, {\"map\": {\"id\": \"e7d12bdd-a87c-4f72-a3e3-353b35c2d5cf\", \"root\": false, \"type\": \"list\", \"cached\": false, \"source\": \"/SFTPServerPollOutput/files[]/fileName\", \"target\": \"/HTTPSPostInput/formData/@{0}/fileName\", \"mapNull\": false, \"disabled\": false, \"extractXml\": false, \"extractJson\": false, \"targetOrder\": 10.0, \"mapEmptyString\": false, \"sourceJavaType\": \"java.lang.String\", \"targetJavaType\": \"java.lang.String\"}}, {\"map\": {\"id\": \"6ed813f5-5375-458c-ae19-9c1e3faddeb3\", \"root\": false, \"type\": \"setValue\", \"cached\": false, \"target\": \"/HTTPSPostInput/headers/accept\", \"mapNull\": false, \"disabled\": false, \"extractXml\": false, \"extractJson\": false, \"targetOrder\": 1.0, \"targetValue\": \"application/json\", \"mapEmptyString\": false, \"targetJavaType\": \"java.lang.String\", \"variableSubstitution\": false}}, {\"map\": {\"id\": \"8e407283-5e4b-4ed2-9343-ae1d4ae55327\", \"root\": false, \"type\": \"setValue\", \"cached\": false, \"target\": \"/HTTPSPostInput/headers/content-type\", \"mapNull\": false, \"disabled\": false, \"extractXml\": false, \"extractJson\": false, \"targetOrder\": 1.0, \"targetValue\": \"multipart/form-data\", \"mapEmptyString\": false, \"targetJavaType\": \"java.lang.String\", \"variableSubstitution\": false}}, {\"map\": {\"id\": \"a6b5c7fa-8be3-476f-936f-2f24f4eac408\", \"root\": false, \"type\": \"setValue\", \"cached\": false, \"target\": \"/HTTPSPostInput/basePath\", \"mapNull\": false, \"disabled\": false, \"extractXml\": false, \"extractJson\": false, \"targetOrder\": 4.0, \"targetValue\": \"/base/\", \"mapEmptyString\": false, \"targetJavaType\": \"java.lang.String\", \"variableSubstitution\": false}}, {\"map\": {\"id\": \"e9d5beb0-a396-4670-a8c7-d8e7102fe874\", \"root\": false, \"type\": \"setValue\", \"cached\": false, \"target\": \"/HTTPSPostInput/formData/@{0}/name\", \"mapNull\": false, \"disabled\": false, \"extractXml\": false, \"extractJson\": false, \"targetOrder\": 10.0, \"targetValue\": \"file\", \"mapEmptyString\": false, \"targetJavaType\": \"java.lang.String\", \"variableSubstitution\": false}}, {\"map\": {\"id\": \"a07744c9-cb03-4dc4-b3a1-5d74faa5d558\", \"root\": false, \"type\": \"setValue\", \"cached\": false, \"target\": \"/HTTPSPostInput/formData/@{1}/name\", \"mapNull\": false, \"disabled\": false, \"extractXml\": false, \"extractJson\": false, \"targetOrder\": 10.0, \"targetValue\": \"UPLOADCARE_PUB_KEY\", \"mapEmptyString\": false, \"targetJavaType\": \"java.lang.String\", \"variableSubstitution\": false}}, {\"map\": {\"id\": \"a7042f0e-3a84-4cb6-a2b5-9bbbea2d6eb9\", \"root\": false, \"type\": \"setValue\", \"cached\": false, \"target\": \"/HTTPSPostInput/formData/@{0}/fileInputType\", \"mapNull\": false, \"disabled\": false, \"extractXml\": false, \"extractJson\": false, \"targetOrder\": 9.0, \"targetValue\": \"Bytes\", \"mapEmptyString\": false, \"targetJavaType\": \"java.lang.String\", \"variableSubstitution\": false}}, {\"map\": {\"id\": \"85ba1e27-f74b-46f4-a873-6f4d38fd958a\", \"root\": false, \"type\": \"setValue\", \"cached\": false, \"target\": \"/HTTPSPostInput/formData/@{1}/fileInputType\", \"mapNull\": false, \"disabled\": false, \"extractXml\": false, \"extractJson\": false, \"targetOrder\": 9.0, \"targetValue\": \"String\", \"mapEmptyString\": false, \"targetJavaType\": \"java.lang.String\", \"variableSubstitution\": false}}]}",
    "null" : false
  },
  "output_config_json" : {
    "type" : "jsonb",
    "value" : "{\"crossRef\": [], \"services\": [], \"multistep\": [], \"operations\": [{\"map\": {\"id\": \"2f70af88-4e63-495b-95c1-40bc44ec3a83\", \"root\": true, \"type\": \"map\", \"cached\": false, \"source\": \"/HTTPSPostOutput\", \"target\": \"/HTTPSPostOutput\", \"mapNull\": false, \"disabled\": false, \"extractXml\": false, \"extractJson\": false, \"mapEmptyString\": false}}]}",
    "null" : false
  },
  "component_id" : "1dd81dfd-e452-4eb3-bbd7-bc6f0da00cbd",
  "service_id" : "ea76bf30-38ad-4fbc-b6ee-89f919f0ea6f",
  "endpoint_id" : "92a718ef-ede7-4276-827c-2b8e868199f6",
  "parent_component_config_id" : null,
  "component_config_order" : 2.0,
  "action_id" : "c3ddf699-458d-4e3a-84e3-66f8320787eb",
  "name" : "Upload to uploadcare",
  "description" : "",
  "override_endpoint" : false,
  "input_structure_json" : {
    "type" : "jsonb",
    "value" : "{\"maps\": [{\"/HTTPSPostInput/headers/accept\": [{\"type\": \"setValue\", \"target\": {\"path\": \"/HTTPSPostInput/headers/accept\", \"order\": 1, \"title\": \"accept\", \"dataElementType\": \"string\"}, \"values\": [{\"id\": \"4fdc92eb-196a-430f-805b-6cc5d8463774\", \"key\": \"/HTTPSPostInput/headers/accept\", \"type\": \"node\", \"order\": 1, \"title\": \"accept\", \"children\": [], \"setValue\": null, \"editAllow\": true, \"uiElement\": \"application/json\", \"isSetValue\": false, \"dataElementType\": \"string\", \"componentConfigId\": \"bfa5a6c1-6344-4b7e-8b31-173fe5579e51\", \"componentConfigName\": \"HTTPS\"}], \"mapCondition\": {\"isConditionSet\": false, \"sourceTreeIndex\": [], \"targetTreeIndex\": [], \"mapConditionFormValue\": {}}, \"variableSubstitution\": false, \"overwritePipelineValue\": false}]}, {\"/HTTPSPostInput/headers/content-type\": [{\"type\": \"setValue\", \"target\": {\"path\": \"/HTTPSPostInput/headers/content-type\", \"order\": 1, \"title\": \"content-type\", \"dataElementType\": \"string\"}, \"values\": [{\"id\": \"4fdea8fb-5273-429d-8193-e1284bf6484a\", \"key\": \"/HTTPSPostInput/headers/content-type\", \"type\": \"node\", \"order\": 1, \"title\": \"content-type\", \"children\": [], \"setValue\": null, \"editAllow\": true, \"uiElement\": \"multipart/form-data\", \"isSetValue\": false, \"dataElementType\": \"string\", \"componentConfigId\": \"bfa5a6c1-6344-4b7e-8b31-173fe5579e51\", \"componentConfigName\": \"HTTPS\"}], \"mapCondition\": {\"isConditionSet\": false, \"sourceTreeIndex\": [], \"targetTreeIndex\": [], \"mapConditionFormValue\": {}}, \"variableSubstitution\": false, \"overwritePipelineValue\": false}]}, {\"/HTTPSPostInput/basePath\": [{\"type\": \"setValue\", \"target\": {\"path\": \"/HTTPSPostInput/basePath\", \"order\": 4, \"title\": \"basePath\", \"dataElementType\": \"string\"}, \"values\": [{\"id\": \"94fe5bb5-708e-4e05-9dc8-7e7637f093ac\", \"key\": \"/HTTPSPostInput/basePath\", \"type\": \"object\", \"order\": 4, \"title\": \"basePath\", \"isLeaf\": false, \"children\": [], \"setValue\": null, \"uiElement\": \"/base/\", \"isSetValue\": false, \"childrenSet\": false, \"hasChildren\": false, \"dataElementType\": \"string\", \"encryption_required\": false}], \"mapCondition\": {\"isConditionSet\": false, \"sourceTreeIndex\": [], \"targetTreeIndex\": [], \"mapConditionFormValue\": {}}, \"variableSubstitution\": false, \"overwritePipelineValue\": false}]}, {\"/HTTPSPostInput/formData[]/content\": [{\"type\": \"list\", \"source\": {\"path\": \"/SFTPServerPollOutput/files[]/body\", \"title\": \"body\", \"dataElementType\": \"string\"}, \"target\": {\"path\": \"/HTTPSPostInput/formData[]/content\", \"order\": 11, \"title\": \"content\", \"dataElementType\": \"string\"}, \"mapCondition\": {\"defaultValue\": null, \"isConditionSet\": false, \"sourceTreeIndex\": [{\"key\": 1, \"title\": \"SFTPServerPollOutput\", \"isLeaf\": false, \"isArray\": false, \"children\": [{\"key\": 2, \"title\": \"files\", \"isLeaf\": false, \"isArray\": true, \"children\": [{\"key\": 3, \"title\": \"body\", \"isLeaf\": false, \"isArray\": false, \"expanded\": true, \"parentKey\": 2}], \"expanded\": true, \"parentKey\": 1, \"arrayIndex\": null}], \"expanded\": true, \"parentKey\": 0}], \"targetTreeIndex\": [{\"key\": 1, \"title\": \"HTTPSPostInput\", \"isLeaf\": false, \"isArray\": false, \"children\": [{\"key\": 2, \"title\": \"formData\", \"isLeaf\": false, \"isArray\": true, \"children\": [{\"key\": 3, \"title\": \"content\", \"isLeaf\": false, \"isArray\": false, \"expanded\": true, \"parentKey\": 2}], \"expanded\": true, \"selected\": true, \"parentKey\": 1, \"arrayIndex\": 0}], \"expanded\": true, \"parentKey\": 0}], \"mapConditionFormValue\": {\"fields\": []}}}, {\"type\": \"list\", \"source\": {\"path\": \"/UPLOADCARE_PUB_KEY\", \"title\": \"UPLOADCARE_PUB_KEY\", \"dataElementType\": \"string\"}, \"target\": {\"path\": \"/HTTPSPostInput/formData[]/content\", \"order\": 11, \"title\": \"content\", \"dataElementType\": \"string\"}, \"mapCondition\": {\"defaultValue\": null, \"isConditionSet\": false, \"sourceTreeIndex\": [{\"key\": 1, \"title\": \"UPLOADCARE_PUB_KEY\", \"isLeaf\": false, \"isArray\": false, \"expanded\": true, \"parentKey\": 0}], \"targetTreeIndex\": [{\"key\": 1, \"title\": \"HTTPSPostInput\", \"isLeaf\": false, \"isArray\": false, \"children\": [{\"key\": 2, \"title\": \"formData\", \"isLeaf\": false, \"isArray\": true, \"children\": [{\"key\": 3, \"title\": \"content\", \"isLeaf\": false, \"isArray\": false, \"expanded\": true, \"parentKey\": 2}], \"expanded\": true, \"selected\": true, \"parentKey\": 1, \"arrayIndex\": 1}], \"expanded\": true, \"parentKey\": 0}], \"mapConditionFormValue\": {\"fields\": []}}}]}, {\"/HTTPSPostInput/formData[]/fileName\": [{\"type\": \"list\", \"source\": {\"path\": \"/SFTPServerPollOutput/files[]/fileName\", \"title\": \"fileName\", \"dataElementType\": \"string\"}, \"target\": {\"path\": \"/HTTPSPostInput/formData[]/fileName\", \"order\": 10, \"title\": \"fileName\", \"dataElementType\": \"string\"}, \"mapCondition\": {\"defaultValue\": null, \"isConditionSet\": false, \"sourceTreeIndex\": [{\"key\": 1, \"title\": \"SFTPServerPollOutput\", \"isLeaf\": false, \"isArray\": false, \"children\": [{\"key\": 2, \"title\": \"files\", \"isLeaf\": false, \"isArray\": true, \"children\": [{\"key\": 3, \"title\": \"fileName\", \"isLeaf\": false, \"isArray\": false, \"expanded\": true, \"parentKey\": 2}], \"expanded\": true, \"parentKey\": 1, \"arrayIndex\": null}], \"expanded\": true, \"parentKey\": 0}], \"targetTreeIndex\": [{\"key\": 1, \"title\": \"HTTPSPostInput\", \"isLeaf\": false, \"isArray\": false, \"children\": [{\"key\": 2, \"title\": \"formData\", \"isLeaf\": false, \"isArray\": true, \"children\": [{\"key\": 3, \"title\": \"fileName\", \"isLeaf\": false, \"isArray\": false, \"expanded\": true, \"parentKey\": 2}], \"expanded\": true, \"selected\": true, \"parentKey\": 1, \"arrayIndex\": 0}], \"expanded\": true, \"parentKey\": 0}], \"mapConditionFormValue\": {\"fields\": []}}}]}, {\"/HTTPSPostInput/formData[]/name\": [{\"type\": \"setValue\", \"target\": {\"path\": \"/HTTPSPostInput/formData[]/name\", \"order\": 10, \"title\": \"name\", \"dataElementType\": \"string\"}, \"values\": [{\"id\": \"686da9f9-72d5-4c0c-bf81-8fd57b51be66\", \"key\": \"/HTTPSPostInput/formData[]/name\", \"type\": \"object\", \"order\": 10, \"title\": \"name\", \"isLeaf\": false, \"children\": [], \"setValue\": null, \"uiElement\": \"file\", \"isSetValue\": false, \"childrenSet\": false, \"hasChildren\": false, \"dataElementType\": \"string\", \"encryption_required\": false}], \"mapCondition\": {\"defaultValue\": null, \"isConditionSet\": false, \"sourceTreeIndex\": [], \"targetTreeIndex\": [{\"key\": 1, \"title\": \"HTTPSPostInput\", \"isLeaf\": false, \"isArray\": false, \"children\": [{\"key\": 2, \"title\": \"formData\", \"isLeaf\": false, \"isArray\": true, \"children\": [{\"key\": 3, \"title\": \"name\", \"isLeaf\": false, \"isArray\": false, \"expanded\": true, \"parentKey\": 2}], \"expanded\": true, \"selected\": true, \"parentKey\": 1, \"arrayIndex\": 0}], \"expanded\": true, \"parentKey\": 0}], \"mapConditionFormValue\": {\"fields\": []}}, \"variableSubstitution\": false, \"overwritePipelineValue\": false}, {\"type\": \"setValue\", \"target\": {\"path\": \"/HTTPSPostInput/formData[]/name\", \"order\": 10, \"title\": \"name\", \"dataElementType\": \"string\"}, \"values\": [{\"id\": \"d317bbb7-5e47-4533-986c-583c1899a9da\", \"key\": \"/HTTPSPostInput/formData[]/name\", \"type\": \"object\", \"order\": 10, \"title\": \"name\", \"isLeaf\": false, \"children\": [], \"setValue\": null, \"uiElement\": \"UPLOADCARE_PUB_KEY\", \"isSetValue\": false, \"childrenSet\": false, \"hasChildren\": false, \"dataElementType\": \"string\", \"encryption_required\": false}], \"mapCondition\": {\"defaultValue\": null, \"isConditionSet\": false, \"sourceTreeIndex\": [], \"targetTreeIndex\": [{\"key\": 1, \"title\": \"HTTPSPostInput\", \"isLeaf\": false, \"isArray\": false, \"children\": [{\"key\": 2, \"title\": \"formData\", \"isLeaf\": false, \"isArray\": true, \"children\": [{\"key\": 3, \"title\": \"name\", \"isLeaf\": false, \"isArray\": false, \"expanded\": true, \"parentKey\": 2}], \"expanded\": true, \"selected\": true, \"parentKey\": 1, \"arrayIndex\": 1}], \"expanded\": true, \"parentKey\": 0}], \"mapConditionFormValue\": {\"fields\": []}}, \"variableSubstitution\": false, \"overwritePipelineValue\": false}]}, {\"/HTTPSPostInput/formData[]/fileInputType\": [{\"type\": \"setValue\", \"target\": {\"path\": \"/HTTPSPostInput/formData[]/fileInputType\", \"order\": 9, \"title\": \"fileInputType\", \"dataElementType\": \"string\"}, \"values\": [{\"id\": \"17e632ef-dc98-42e1-aa34-830c9054b967\", \"key\": \"/HTTPSPostInput/formData[]/fileInputType\", \"type\": \"string\", \"order\": 9, \"title\": \"fileInputType\", \"isLeaf\": false, \"children\": [], \"setValue\": \"Bytes\", \"isSetValue\": false, \"childrenSet\": false, \"hasChildren\": false, \"dataElementType\": \"string\", \"encryption_required\": false}], \"mapCondition\": {\"defaultValue\": null, \"isConditionSet\": false, \"sourceTreeIndex\": [], \"targetTreeIndex\": [{\"key\": 1, \"title\": \"HTTPSPostInput\", \"isLeaf\": false, \"isArray\": false, \"children\": [{\"key\": 2, \"title\": \"formData\", \"isLeaf\": false, \"isArray\": true, \"children\": [{\"key\": 3, \"title\": \"fileInputType\", \"isLeaf\": false, \"isArray\": false, \"expanded\": true, \"parentKey\": 2}], \"expanded\": true, \"selected\": true, \"parentKey\": 1, \"arrayIndex\": 0}], \"expanded\": true, \"parentKey\": 0}], \"mapConditionFormValue\": {\"fields\": []}}, \"variableSubstitution\": false, \"overwritePipelineValue\": false}, {\"type\": \"setValue\", \"target\": {\"path\": \"/HTTPSPostInput/formData[]/fileInputType\", \"order\": 9, \"title\": \"fileInputType\", \"dataElementType\": \"string\"}, \"values\": [{\"id\": \"3862af27-9db0-4430-a225-58cdc7f56eef\", \"key\": \"/HTTPSPostInput/formData[]/fileInputType\", \"type\": \"string\", \"order\": 9, \"title\": \"fileInputType\", \"isLeaf\": false, \"children\": [], \"setValue\": \"String\", \"isSetValue\": false, \"childrenSet\": false, \"hasChildren\": false, \"dataElementType\": \"string\", \"encryption_required\": false}], \"mapCondition\": {\"defaultValue\": null, \"isConditionSet\": false, \"sourceTreeIndex\": [], \"targetTreeIndex\": [{\"key\": 1, \"title\": \"HTTPSPostInput\", \"isLeaf\": false, \"isArray\": false, \"children\": [{\"key\": 2, \"title\": \"formData\", \"isLeaf\": false, \"isArray\": true, \"children\": [{\"key\": 3, \"title\": \"fileInputType\", \"isLeaf\": false, \"isArray\": false, \"expanded\": true, \"parentKey\": 2}], \"expanded\": true, \"selected\": true, \"parentKey\": 1, \"arrayIndex\": 1}], \"expanded\": true, \"parentKey\": 0}], \"mapConditionFormValue\": {\"fields\": []}}, \"variableSubstitution\": false, \"overwritePipelineValue\": false}]}], \"mappedNodes\": [\"/HTTPSPostOutput\", \"/HTTPSPostOutputpipeOut\", \"/HTTPSPostInput/headers/accept actionIn\", \"/HTTPSPostInput/headers actionIn\", \"/HTTPSPostInput/headers/content-type actionIn\", \"/HTTPSPostInput/headers actionIn\", \"/HTTPSPostInput/headers actionIn\", \"/HTTPSPostInput/headers actionIn\", \"/HTTPSPostInput/headers actionIn\", \"/HTTPSPostInput/headers actionIn\", \"/HTTPSPostInput/basePath actionIn\", \"/HTTPSPostInput/headers actionIn\", \"/HTTPSPostInput/headers actionIn\", \"/HTTPSPostInput/headers actionIn\", \"/HTTPSPostInput/headers actionIn\", \"/HTTPSPostInput/headers actionIn\", \"/HTTPSPostInput/headers actionIn\", \"/SFTPServerPollOutput/files[]/body pipeIn\", \"/SFTPServerPollOutput/files[]/fileName pipeIn\", \"/HTTPSPostInput/formData[]/fileName actionIn\", \"/HTTPSPostInput/formData[]/name actionIn\", \"/HTTPSPostInput/formData[]/fileInputType actionIn\", \"/HTTPSPostInput/formData[]/name actionIn\", \"/HTTPSPostInput/formData[]/fileInputType actionIn\", \"/HTTPSPostInput/formData[]/content actionIn\", \"/HTTPSPostInput/headers actionIn\", \"/HTTPSPostInput/headers actionIn\", \"/UPLOADCARE_PUB_KEY pipeIn\", \"/HTTPSPostInput/formData[]/content actionIn\"], \"addVariables\": [{\"id\": \"8f974eb9-191c-4135-811a-ccbeab88fabc\", \"key\": \"/HTTPSPostInput/headers/content-type\", \"type\": \"node\", \"order\": 1, \"title\": \"content-type\", \"value\": {\"type\": \"string\"}, \"children\": [], \"editAllow\": true, \"componentName\": \"Upload to uploadcare\", \"dataElementType\": \"string\", \"componentConfigId\": \"bfa5a6c1-6344-4b7e-8b31-173fe5579e51\", \"componentConfigName\": \"HTTPS\"}, {\"id\": \"4ebf8381-058f-49bb-8219-aa49ec7a8328\", \"key\": \"/HTTPSPostInput/headers/accept\", \"type\": \"node\", \"order\": 1, \"title\": \"accept\", \"value\": {\"type\": \"string\"}, \"children\": [], \"editAllow\": true, \"componentName\": \"Upload to uploadcare\", \"dataElementType\": \"string\", \"componentConfigId\": \"bfa5a6c1-6344-4b7e-8b31-173fe5579e51\", \"componentConfigName\": \"HTTPS\"}]}",
    "null" : false
  },
  "output_structure_json" : {
    "type" : "jsonb",
    "value" : "{\"maps\": [{\"/HTTPSPostOutput\": [{\"type\": \"map\", \"source\": {\"path\": \"/HTTPSPostOutput\", \"title\": \"HTTPSPostOutput\", \"dataElementType\": \"document\"}, \"target\": {\"path\": \"/HTTPSPostOutput\", \"alias\": null, \"order\": null, \"title\": \"HTTPSPostOutput\", \"dataElementType\": \"document\"}, \"mapCondition\": {\"mapNull\": null, \"defaultValue\": null, \"isConditionSet\": false, \"mapEmptyString\": null, \"sourceTreeIndex\": [], \"targetTreeIndex\": [], \"mapConditionFormValue\": {\"fields\": null}}}]}], \"tracks\": {}, \"transformer\": []}",
    "null" : false
  },
  "endpoint_structure_json" : {
    "type" : "jsonb",
    "value" : "{\"maps\": []}",
    "null" : false
  },
  "is_error" : false,
  "no_of_errors" : 0,
  "action_input_type" : null,
  "config_service_id" : null,
  "config_imap_id" : null,
  "config_b2b_document_type_id" : null,
  "config_document_id" : null,
  "add_variables" : {
    "type" : "jsonb",
    "value" : "[]",
    "null" : false
  },
  "drop_variables" : {
    "type" : "jsonb",
    "value" : "[]",
    "null" : false
  },
  "plug_input_structure" : null,
  "plug_output_structure" : null,
  "config_plug_id" : null,
  "override_plug" : false,
  "config_java_service_id" : null,
  "service_tag" : "V23",
  "endpoint_tag" : "EMPTY",
  "config_service_tag" : "EMPTY",
  "config_imap_tag" : "EMPTY",
  "config_b2b_document_type_tag" : "EMPTY",
  "active" : false,
  "parent_component_config_service_tag" : "V23",
  "service_project_id" : "94afffa5-622e-4445-9e23-5019119fbd0b",
  "service_project_tag" : "V23",
  "config_service_project_id" : null,
  "config_service_project_tag" : "EMPTY",
  "config_imap_project_id" : null,
  "config_imap_project_tag" : "EMPTY",
  "config_b2b_document_type_project_id" : null,
  "config_b2b_document_type_project_tag" : "EMPTY",
  "endpoint_project_id" : "94afffa5-622e-4445-9e23-5019119fbd0b",
  "endpoint_project_tag" : "EMPTY",
  "config_plug_tag" : "EMPTY",
  "config_plug_project_id" : null,
  "config_plug_project_tag" : "EMPTY",
  "config_java_service_tag" : "EMPTY",
  "config_java_service_project_id" : null,
  "config_java_service_project_tag" : "EMPTY",
  "disabled" : false,
  "config" : {
    "type" : "json",
    "value" : "{}",
    "null" : false
  },
  "config_b2b_document_type_project_mode_id" : "112c1cb8-4b9e-4d1a-a042-0bd031dc7d05",
  "config_imap_project_mode_id" : "112c1cb8-4b9e-4d1a-a042-0bd031dc7d05",
  "config_java_service_project_mode_id" : "112c1cb8-4b9e-4d1a-a042-0bd031dc7d05",
  "config_plug_project_mode_id" : "112c1cb8-4b9e-4d1a-a042-0bd031dc7d05",
  "config_service_project_mode_id" : "112c1cb8-4b9e-4d1a-a042-0bd031dc7d05",
  "endpoint_project_mode_id" : "112c1cb8-4b9e-4d1a-a042-0bd031dc7d05",
  "service_project_mode_id" : "112c1cb8-4b9e-4d1a-a042-0bd031dc7d05",
  "parent_component_config_service_project_mode_id" : "112c1cb8-4b9e-4d1a-a042-0bd031dc7d05",
  "is_audit" : true,
  "keys_with_order" : null
}