{
  "id" : "f07704c1-7a99-44f2-8c00-e4ed767c7f08",
  "name" : "Hello DocumentArray Map",
  "description" : null,
  "iserror" : false,
  "no_of_errors" : 0,
  "service_input" : null,
  "service_output" : null,
  "service_input_json_schema" : null,
  "service_output_json_schema" : null,
  "type" : "EVENTDRIVEN",
  "error_handler" : false,
  "tag" : "V27",
  "active" : false,
  "is_changed" : false,
  "comment" : "Added Hello SMTP Email Example using Brevo",
  "base_tag" : "V26",
  "test_input" : {
    "type" : "jsonb",
    "value" : "[]",
    "null" : false
  },
  "test_input_structure" : {
    "type" : "jsonb",
    "value" : "[]",
    "null" : false
  }
}