{
  "id" : "ea76bf30-38ad-4fbc-b6ee-89f919f0ea6f",
  "name" : "Hello HTTP Client Multipart File Upload3",
  "description" : "Hello HTTP Client Multipart File Upload3",
  "iserror" : false,
  "no_of_errors" : 0,
  "service_input" : null,
  "service_output" : null,
  "service_input_json_schema" : null,
  "service_output_json_schema" : null,
  "type" : "EVENTDRIVEN",
  "error_handler" : false,
  "tag" : "V27",
  "active" : false,
  "is_changed" : false,
  "comment" : "Added Hello SMTP Email Example using Brevo",
  "base_tag" : "V26",
  "test_input" : {
    "type" : "jsonb",
    "value" : "[]",
    "null" : false
  },
  "test_input_structure" : {
    "type" : "jsonb",
    "value" : "[]",
    "null" : false
  }
}