{
  "id" : "92457485-8924-407f-a440-0ed99c678df0",
  "name" : "Hello MSF",
  "description" : "Hello MSF",
  "iserror" : false,
  "no_of_errors" : 0,
  "service_input" : null,
  "service_output" : null,
  "service_input_json_schema" : null,
  "service_output_json_schema" : null,
  "type" : "EVENTDRIVEN",
  "error_handler" : false,
  "tag" : "V17",
  "active" : false,
  "is_changed" : false,
  "comment" : "Added environment variable version of HTTP Client multipart form-data file upload",
  "base_tag" : "V16",
  "test_input" : {
    "type" : "jsonb",
    "value" : "[]",
    "null" : false
  },
  "test_input_structure" : {
    "type" : "jsonb",
    "value" : "[]",
    "null" : false
  }
}