{
  "id" : "2cc46194-4ea2-4954-90f6-143c2c5484d9",
  "name" : "CountryCodeConverterService",
  "description" : "CountryCodeConverterService",
  "iserror" : false,
  "no_of_errors" : 0,
  "service_input" : {
    "type" : "jsonb",
    "value" : "[{\"id\": \"dc3a89ec-d618-42e8-a861-94b071fd756e\", \"key\": \"/CountryCodeConverterServiceInput\", \"type\": \"object\", \"order\": 1, \"title\": \"CountryCodeConverterServiceInput\", \"value\": {\"type\": \"object\"}, \"isLeaf\": false, \"children\": [{\"id\": \"57b5cf91-d124-4810-b7ce-f48d77a37201\", \"key\": \"/CountryCodeConverterServiceInput/CountryCode\", \"edit\": false, \"type\": \"node\", \"order\": 1, \"title\": \"CountryCode\", \"value\": {\"type\": \"string\"}, \"children\": [], \"editAllow\": true, \"dataElementType\": \"string\"}], \"childrenSet\": false, \"hasChildren\": false, \"dataElementType\": \"document\", \"documentReference\": [], \"encryption_required\": false}]",
    "null" : false
  },
  "service_output" : {
    "type" : "jsonb",
    "value" : "[{\"id\": \"293eb097-ee08-4757-8a97-4b30310779ca\", \"key\": \"/CountryCodeConverterServiceOutput\", \"type\": \"object\", \"order\": 1, \"title\": \"CountryCodeConverterServiceOutput\", \"value\": {\"type\": \"object\"}, \"isLeaf\": false, \"children\": [{\"id\": \"14d41055-8e69-4da9-bc4d-46b3a7924811\", \"key\": \"/CountryCodeConverterServiceOutput/CountryCodeResponse\", \"edit\": false, \"type\": \"node\", \"order\": 1, \"title\": \"CountryCodeResponse\", \"value\": {\"type\": \"array\"}, \"children\": [{\"id\": \"2fecd12f-e05a-4f6d-83b8-c75ba66c078f\", \"key\": \"/CountryCodeConverterServiceOutput/CountryCodeResponse/ios3code\", \"edit\": false, \"type\": \"node\", \"order\": 1, \"title\": \"ios3code\", \"value\": {\"type\": \"string\"}, \"children\": [], \"editAllow\": true, \"dataElementType\": \"string\"}, {\"id\": \"02c46564-c2ae-4450-bc3b-263cc4b20dc1\", \"key\": \"/CountryCodeConverterServiceOutput/CountryCodeResponse/isonum\", \"edit\": false, \"type\": \"node\", \"order\": 1, \"title\": \"isonum\", \"value\": {\"type\": \"string\"}, \"children\": [], \"editAllow\": true, \"dataElementType\": \"string\"}, {\"id\": \"c2b2635b-4f42-4aed-b801-228e0ec3bf9d\", \"key\": \"/CountryCodeConverterServiceOutput/CountryCodeResponse/country\", \"edit\": false, \"type\": \"node\", \"order\": 1, \"title\": \"country\", \"value\": {\"type\": \"string\"}, \"children\": [], \"editAllow\": true, \"dataElementType\": \"string\"}, {\"id\": \"4275f68b-6049-4e13-805c-46329ddd1a21\", \"key\": \"/CountryCodeConverterServiceOutput/CountryCodeResponse/countrycommon\", \"edit\": false, \"type\": \"node\", \"order\": 1, \"title\": \"countrycommon\", \"value\": {\"type\": \"string\"}, \"children\": [], \"editAllow\": true, \"dataElementType\": \"string\"}], \"editAllow\": true, \"dataElementType\": \"document\"}], \"childrenSet\": false, \"hasChildren\": false, \"dataElementType\": \"document\", \"documentReference\": [], \"encryption_required\": false}]",
    "null" : false
  },
  "service_input_json_schema" : {
    "type" : "jsonb",
    "value" : "{\"required\": [], \"properties\": {\"CountryCodeConverterServiceInput\": {\"type\": \"object\", \"required\": [], \"properties\": {\"CountryCode\": {\"type\": \"string\"}}, \"additionalProperties\": false}}, \"additionalProperties\": false}",
    "null" : false
  },
  "service_output_json_schema" : {
    "type" : "jsonb",
    "value" : "{\"required\": [], \"properties\": {\"CountryCodeConverterServiceOutput\": {\"type\": \"object\", \"required\": [], \"properties\": {\"CountryCodeResponse\": {\"type\": \"array\"}}, \"additionalProperties\": false}}, \"additionalProperties\": false}",
    "null" : false
  },
  "type" : "SERVICE",
  "error_handler" : false,
  "tag" : "V22",
  "active" : false,
  "is_changed" : false,
  "comment" : "Added Aggregation Map function example",
  "base_tag" : "V21",
  "test_input" : {
    "type" : "jsonb",
    "value" : "{\"CountryCodeConverterServiceInput\": {\"CountryCode\": \"AF\"}}",
    "null" : false
  },
  "test_input_structure" : {
    "type" : "jsonb",
    "value" : "[{\"id\": \"dc3a89ec-d618-42e8-a861-94b071fd756e\", \"key\": \"/CountryCodeConverterServiceInput\", \"type\": \"object\", \"order\": 1, \"title\": \"CountryCodeConverterServiceInput\", \"value\": {\"type\": \"object\"}, \"isLeaf\": false, \"children\": [{\"id\": \"57b5cf91-d124-4810-b7ce-f48d77a37201\", \"key\": \"/CountryCodeConverterServiceInput/CountryCode\", \"type\": \"node\", \"order\": 1, \"title\": \"CountryCode\", \"value\": {\"type\": \"string\"}, \"children\": [], \"setValue\": \"AF\", \"editAllow\": true, \"childrenSet\": false, \"hasChildren\": false, \"dataElementType\": \"string\", \"encryption_required\": false}], \"childrenSet\": false, \"hasChildren\": false, \"dataElementType\": \"document\", \"encryption_required\": false}]",
    "null" : false
  }
}