{
  "id" : "02fded38-e4b2-48bc-8a40-c13fa82c7ce1",
  "name" : "Hello Error Handling",
  "description" : "Hello Error Handling",
  "iserror" : false,
  "no_of_errors" : 0,
  "service_input" : null,
  "service_output" : null,
  "service_input_json_schema" : null,
  "service_output_json_schema" : null,
  "type" : "EVENTDRIVEN",
  "error_handler" : false,
  "tag" : "V22",
  "active" : false,
  "is_changed" : false,
  "comment" : "Added Aggregation Map function example",
  "base_tag" : "V21",
  "test_input" : {
    "type" : "jsonb",
    "value" : "[]",
    "null" : false
  },
  "test_input_structure" : {
    "type" : "jsonb",
    "value" : "[]",
    "null" : false
  }
}