{
  "id" : "9a5031ef-6112-47ef-ae57-47d8e8159ddf",
  "name" : "Hello Aggregation",
  "description" : null,
  "iserror" : false,
  "no_of_errors" : 0,
  "service_input" : null,
  "service_output" : null,
  "service_input_json_schema" : null,
  "service_output_json_schema" : null,
  "type" : "EVENTDRIVEN",
  "error_handler" : false,
  "tag" : "V22",
  "active" : false,
  "is_changed" : true,
  "comment" : "Added Aggregation Map function example",
  "base_tag" : "V21",
  "test_input" : {
    "type" : "jsonb",
    "value" : "[]",
    "null" : false
  },
  "test_input_structure" : {
    "type" : "jsonb",
    "value" : "[]",
    "null" : false
  }
}