{
  "id" : "1bc7db23-5b7e-4f6e-97aa-f8765e86df75",
  "name" : "HelloDB",
  "description" : "HelloDB",
  "iserror" : false,
  "no_of_errors" : 0,
  "service_input" : null,
  "service_output" : null,
  "service_input_json_schema" : null,
  "service_output_json_schema" : null,
  "type" : "EVENTDRIVEN",
  "error_handler" : false,
  "tag" : "V22",
  "active" : false,
  "is_changed" : false,
  "comment" : "Added Aggregation Map function example",
  "base_tag" : "V21",
  "test_input" : {
    "type" : "jsonb",
    "value" : "[]",
    "null" : false
  },
  "test_input_structure" : {
    "type" : "jsonb",
    "value" : "[]",
    "null" : false
  }
}