{
  "component_config_id" : "500e5004-de4d-4d29-8378-83ae2e9696c6",
  "endpoint_config_json" : {
    "type" : "jsonb",
    "value" : "{\"crossRef\": [], \"services\": [], \"multistep\": [], \"operations\": []}",
    "null" : false
  },
  "input_config_json" : {
    "type" : "jsonb",
    "value" : "{\"crossRef\": [], \"services\": [], \"multistep\": [], \"operations\": [{\"map\": {\"id\": \"f3e075a3-2965-4b05-a4a5-3007bea27b17\", \"root\": false, \"type\": \"map\", \"cached\": false, \"source\": \"/SymbolUC\", \"target\": \"/queryParams/symbol\", \"mapNull\": false, \"disabled\": false, \"extractXml\": false, \"extractJson\": false, \"mapEmptyString\": false, \"sourceJavaType\": \"java.lang.String\", \"targetJavaType\": \"java.lang.String\"}}]}",
    "null" : false
  },
  "output_config_json" : {
    "type" : "jsonb",
    "value" : "{\"crossRef\": [], \"services\": [], \"multistep\": [], \"operations\": [{\"map\": {\"id\": \"521ac6ea-6602-4f5d-a7f6-d4512126b13e\", \"root\": true, \"type\": \"map\", \"cached\": false, \"source\": \"/quoteOutput\", \"target\": \"/quoteOutput\", \"mapNull\": false, \"disabled\": false, \"extractXml\": false, \"extractJson\": false, \"targetOrder\": 1.0, \"mapEmptyString\": false}}, {\"map\": {\"id\": \"d4fdf4dc-1b48-48cb-89d0-7604fc2665c8\", \"root\": false, \"type\": \"map\", \"cached\": false, \"source\": \"/quoteOutput/response/o\", \"target\": \"/200Response/OpenPrice\", \"mapNull\": false, \"disabled\": false, \"extractXml\": false, \"extractJson\": true, \"targetOrder\": 6.0, \"mapEmptyString\": false, \"sourceJavaType\": \"java.lang.Float\", \"targetJavaType\": \"java.lang.Float\"}}, {\"map\": {\"id\": \"9cceb8d1-f3a7-4978-a1b1-0669252f3612\", \"root\": false, \"type\": \"map\", \"cached\": false, \"source\": \"/quoteOutput/response/h\", \"target\": \"/200Response/DayHigh\", \"mapNull\": false, \"disabled\": false, \"extractXml\": false, \"extractJson\": true, \"targetOrder\": 4.0, \"mapEmptyString\": false, \"sourceJavaType\": \"java.lang.Float\", \"targetJavaType\": \"java.lang.Float\"}}, {\"map\": {\"id\": \"7968f9da-260e-402d-9cb6-70bed6e3ff27\", \"root\": false, \"type\": \"map\", \"cached\": false, \"source\": \"/quoteOutput/response/l\", \"target\": \"/200Response/DayLow\", \"mapNull\": false, \"disabled\": false, \"extractXml\": false, \"extractJson\": true, \"targetOrder\": 5.0, \"mapEmptyString\": false, \"sourceJavaType\": \"java.lang.Float\", \"targetJavaType\": \"java.lang.Float\"}}, {\"map\": {\"id\": \"f2a12e55-509b-4d03-8c75-eebf8dc7d6db\", \"root\": false, \"type\": \"map\", \"cached\": false, \"source\": \"/quoteOutput/response/c\", \"target\": \"/200Response/Price\", \"mapNull\": false, \"disabled\": false, \"extractXml\": false, \"extractJson\": true, \"targetOrder\": 1.0, \"mapEmptyString\": false, \"sourceJavaType\": \"java.lang.Float\", \"targetJavaType\": \"java.lang.Float\"}}, {\"map\": {\"id\": \"c1028c31-3262-494f-a59d-a13e35c886fb\", \"root\": false, \"type\": \"map\", \"cached\": false, \"source\": \"/quoteOutput/response/pc\", \"target\": \"/200Response/PreviousClose\", \"mapNull\": false, \"disabled\": false, \"extractXml\": false, \"extractJson\": true, \"targetOrder\": 7.0, \"mapEmptyString\": false, \"sourceJavaType\": \"java.lang.Float\", \"targetJavaType\": \"java.lang.Float\"}}, {\"map\": {\"id\": \"e2e76ad6-9193-461e-b2e4-83ac1067079f\", \"root\": false, \"type\": \"map\", \"cached\": false, \"source\": \"/quoteOutput/response/d\", \"target\": \"/200Response/Change\", \"mapNull\": false, \"disabled\": false, \"extractXml\": false, \"extractJson\": true, \"targetOrder\": 2.0, \"mapEmptyString\": false, \"sourceJavaType\": \"java.lang.Float\", \"targetJavaType\": \"java.lang.Float\"}}, {\"map\": {\"id\": \"b8e3b05f-b935-4846-80a3-8576169fbc5f\", \"root\": false, \"type\": \"map\", \"cached\": false, \"source\": \"/quoteOutput/response/dp\", \"target\": \"/200Response/ChangePercent\", \"mapNull\": false, \"disabled\": false, \"extractXml\": false, \"extractJson\": true, \"targetOrder\": 3.0, \"mapEmptyString\": false, \"sourceJavaType\": \"java.lang.Float\", \"targetJavaType\": \"java.lang.Float\"}}]}",
    "null" : false
  },
  "component_id" : "57a4eaf2-7d82-4894-856a-a4a477d2a3a5",
  "service_id" : "057a0d03-9fac-4e41-ab61-fc0c2d218ef2",
  "endpoint_id" : "876525e2-91e1-4626-b544-ef942d57654c",
  "parent_component_config_id" : "40610536-adb0-49bb-a027-754224cdbf9e",
  "component_config_order" : 3.0,
  "action_id" : "57561e36-ab3c-427b-8fd6-55016149e0ba",
  "name" : null,
  "description" : "",
  "override_endpoint" : false,
  "input_structure_json" : {
    "type" : "jsonb",
    "value" : "{\"maps\": [{\"/queryParams/symbol\": [{\"type\": \"map\", \"source\": {\"path\": \"/SymbolUC\", \"title\": \"SymbolUC\", \"dataElementType\": \"string\"}, \"target\": {\"path\": \"/queryParams/symbol\", \"title\": \"symbol\", \"dataElementType\": \"string\"}, \"mapCondition\": {\"isConditionSet\": false, \"sourceTreeIndex\": [], \"targetTreeIndex\": [], \"mapConditionFormValue\": {}}}]}], \"mappedNodes\": [\"/quoteOutputactionOut\", \"/quoteOutputpipeOut\", \"/SymbolUC pipeIn\", \"/queryParams/symbol actionIn\", \"/quoteOutput/response/o\", \"/200Response/OpenPricepipeOut\", \"/quoteOutput/response/h\", \"/200Response/DayHighpipeOut\", \"/quoteOutput/response/l\", \"/200Response/DayLowpipeOut\", \"/quoteOutput/response/c\", \"/200Response/PricepipeOut\", \"/quoteOutput/response/pc\", \"/200Response/PreviousClosepipeOut\", \"/quoteOutput/response/d\", \"/200Response/ChangepipeOut\", \"/quoteOutput/response/dp\", \"/200Response/ChangePercentpipeOut\"], \"addVariables\": []}",
    "null" : false
  },
  "output_structure_json" : {
    "type" : "jsonb",
    "value" : "{\"maps\": [{\"/quoteOutput\": [{\"type\": \"map\", \"source\": {\"path\": \"/quoteOutput\", \"title\": \"quoteOutput\", \"dataElementType\": \"document\"}, \"target\": {\"path\": \"/quoteOutput\", \"order\": 1, \"title\": \"quoteOutput\", \"dataElementType\": \"document\"}, \"mapCondition\": {\"isConditionSet\": false, \"sourceTreeIndex\": [], \"targetTreeIndex\": [], \"mapConditionFormValue\": {}}}]}, {\"/200Response/OpenPrice\": [{\"type\": \"map\", \"source\": {\"path\": \"/quoteOutput/response/o\", \"title\": \"o\", \"dataElementType\": \"number\"}, \"target\": {\"path\": \"/200Response/OpenPrice\", \"order\": 6, \"title\": \"OpenPrice\", \"dataElementType\": \"number\"}, \"extractJson\": true, \"mapCondition\": {\"isConditionSet\": false, \"sourceTreeIndex\": [], \"targetTreeIndex\": [], \"mapConditionFormValue\": {}}}]}, {\"/200Response/DayHigh\": [{\"type\": \"map\", \"source\": {\"path\": \"/quoteOutput/response/h\", \"title\": \"h\", \"dataElementType\": \"number\"}, \"target\": {\"path\": \"/200Response/DayHigh\", \"order\": 4, \"title\": \"DayHigh\", \"dataElementType\": \"number\"}, \"extractJson\": true, \"mapCondition\": {\"isConditionSet\": false, \"sourceTreeIndex\": [], \"targetTreeIndex\": [], \"mapConditionFormValue\": {}}}]}, {\"/200Response/DayLow\": [{\"type\": \"map\", \"source\": {\"path\": \"/quoteOutput/response/l\", \"title\": \"l\", \"dataElementType\": \"number\"}, \"target\": {\"path\": \"/200Response/DayLow\", \"order\": 5, \"title\": \"DayLow\", \"dataElementType\": \"number\"}, \"extractJson\": true, \"mapCondition\": {\"isConditionSet\": false, \"sourceTreeIndex\": [], \"targetTreeIndex\": [], \"mapConditionFormValue\": {}}}]}, {\"/200Response/Price\": [{\"type\": \"map\", \"source\": {\"path\": \"/quoteOutput/response/c\", \"title\": \"c\", \"dataElementType\": \"number\"}, \"target\": {\"path\": \"/200Response/Price\", \"order\": 1, \"title\": \"Price\", \"dataElementType\": \"number\"}, \"extractJson\": true, \"mapCondition\": {\"isConditionSet\": false, \"sourceTreeIndex\": [], \"targetTreeIndex\": [], \"mapConditionFormValue\": {}}}]}, {\"/200Response/PreviousClose\": [{\"type\": \"map\", \"source\": {\"path\": \"/quoteOutput/response/pc\", \"title\": \"pc\", \"dataElementType\": \"number\"}, \"target\": {\"path\": \"/200Response/PreviousClose\", \"order\": 7, \"title\": \"PreviousClose\", \"dataElementType\": \"number\"}, \"extractJson\": true, \"mapCondition\": {\"isConditionSet\": false, \"sourceTreeIndex\": [], \"targetTreeIndex\": [], \"mapConditionFormValue\": {}}}]}, {\"/200Response/Change\": [{\"type\": \"map\", \"source\": {\"path\": \"/quoteOutput/response/d\", \"title\": \"d\", \"dataElementType\": \"number\"}, \"target\": {\"path\": \"/200Response/Change\", \"order\": 2, \"title\": \"Change\", \"dataElementType\": \"number\"}, \"extractJson\": true, \"mapCondition\": {\"isConditionSet\": false, \"sourceTreeIndex\": [], \"targetTreeIndex\": [], \"mapConditionFormValue\": {}}}]}, {\"/200Response/ChangePercent\": [{\"type\": \"map\", \"source\": {\"path\": \"/quoteOutput/response/dp\", \"title\": \"dp\", \"dataElementType\": \"number\"}, \"target\": {\"path\": \"/200Response/ChangePercent\", \"order\": 3, \"title\": \"ChangePercent\", \"dataElementType\": \"number\"}, \"extractJson\": true, \"mapCondition\": {\"isConditionSet\": false, \"sourceTreeIndex\": [], \"targetTreeIndex\": [], \"mapConditionFormValue\": {}}}]}], \"tracks\": {}, \"transformer\": []}",
    "null" : false
  },
  "endpoint_structure_json" : {
    "type" : "jsonb",
    "value" : "{\"maps\": []}",
    "null" : false
  },
  "is_error" : false,
  "no_of_errors" : 0,
  "action_input_type" : null,
  "config_service_id" : null,
  "config_imap_id" : null,
  "config_b2b_document_type_id" : null,
  "config_document_id" : null,
  "add_variables" : {
    "type" : "jsonb",
    "value" : "[]",
    "null" : false
  },
  "drop_variables" : {
    "type" : "jsonb",
    "value" : "[]",
    "null" : false
  },
  "plug_input_structure" : {
    "type" : "jsonb",
    "value" : "[{\"id\": \"500e5004-de4d-4d29-8378-83ae2e9696c6\", \"key\": \"/pathParams\", \"order\": 0.0, \"title\": \"pathParams\", \"value\": {\"type\": \"object\"}, \"isLeaf\": false, \"children\": [], \"entityType\": \"componentConfig\", \"childrenSet\": false, \"hasChildren\": true, \"dataElementType\": \"document\", \"encryption_required\": false}, {\"id\": \"500e5004-de4d-4d29-8378-83ae2e9696c6\", \"key\": \"/queryParams\", \"order\": 1.0, \"title\": \"queryParams\", \"value\": {\"type\": \"object\"}, \"isLeaf\": false, \"children\": [{\"id\": \"500e5004-de4d-4d29-8378-83ae2e9696c6\", \"key\": \"/queryParams/symbol\", \"title\": \"symbol\", \"value\": {\"type\": \"string\", \"requiredFlag\": true}, \"isLeaf\": true, \"entityType\": \"componentConfig\", \"childrenSet\": false, \"hasChildren\": false, \"dataElementType\": \"string\", \"encryption_required\": false}], \"entityType\": \"componentConfig\", \"childrenSet\": false, \"hasChildren\": true, \"dataElementType\": \"document\", \"encryption_required\": false}, {\"id\": \"500e5004-de4d-4d29-8378-83ae2e9696c6\", \"key\": \"/headers\", \"order\": 2.0, \"title\": \"headers\", \"value\": {\"type\": \"object\"}, \"isLeaf\": false, \"children\": [], \"entityType\": \"componentConfig\", \"childrenSet\": false, \"hasChildren\": true, \"dataElementType\": \"document\", \"encryption_required\": false}]",
    "null" : false
  },
  "plug_output_structure" : {
    "type" : "jsonb",
    "value" : "[{\"id\": \"500e5004-de4d-4d29-8378-83ae2e9696c6\", \"key\": \"/quoteOutput\", \"type\": \"object\", \"order\": 1.0, \"title\": \"quoteOutput\", \"value\": {\"type\": \"object\", \"requiredFlag\": false}, \"isLeaf\": false, \"children\": [{\"id\": \"500e5004-de4d-4d29-8378-83ae2e9696c6\", \"key\": \"/quoteOutput/success\", \"type\": \"boolean\", \"order\": 2.0, \"title\": \"success\", \"value\": {\"type\": \"boolean\", \"requiredFlag\": false}, \"isLeaf\": true, \"entityType\": \"componentConfig\", \"childrenSet\": false, \"hasChildren\": false, \"dataElementType\": \"boolean\", \"encryption_required\": false}, {\"id\": \"500e5004-de4d-4d29-8378-83ae2e9696c6\", \"key\": \"/quoteOutput/statusCode\", \"type\": \"number\", \"order\": 3.0, \"title\": \"statusCode\", \"value\": {\"type\": \"number\", \"requiredFlag\": false}, \"isLeaf\": true, \"entityType\": \"componentConfig\", \"childrenSet\": false, \"hasChildren\": false, \"dataElementType\": \"number\", \"encryption_required\": false}, {\"id\": \"500e5004-de4d-4d29-8378-83ae2e9696c6\", \"key\": \"/quoteOutput/response\", \"type\": \"object\", \"order\": 4.0, \"title\": \"response\", \"value\": {\"type\": \"object\", \"requiredFlag\": false}, \"isLeaf\": false, \"children\": [{\"id\": \"500e5004-de4d-4d29-8378-83ae2e9696c6\", \"key\": \"/quoteOutput/response/o\", \"type\": \"number\", \"order\": 5.0, \"title\": \"o\", \"value\": {\"type\": \"number\", \"requiredFlag\": false}, \"isLeaf\": true, \"entityType\": \"componentConfig\", \"childrenSet\": false, \"hasChildren\": false, \"dataElementType\": \"number\", \"encryption_required\": false}, {\"id\": \"500e5004-de4d-4d29-8378-83ae2e9696c6\", \"key\": \"/quoteOutput/response/h\", \"type\": \"number\", \"order\": 6.0, \"title\": \"h\", \"value\": {\"type\": \"number\", \"requiredFlag\": false}, \"isLeaf\": true, \"entityType\": \"componentConfig\", \"childrenSet\": false, \"hasChildren\": false, \"dataElementType\": \"number\", \"encryption_required\": false}, {\"id\": \"500e5004-de4d-4d29-8378-83ae2e9696c6\", \"key\": \"/quoteOutput/response/l\", \"type\": \"number\", \"order\": 7.0, \"title\": \"l\", \"value\": {\"type\": \"number\", \"requiredFlag\": false}, \"isLeaf\": true, \"entityType\": \"componentConfig\", \"childrenSet\": false, \"hasChildren\": false, \"dataElementType\": \"number\", \"encryption_required\": false}, {\"id\": \"500e5004-de4d-4d29-8378-83ae2e9696c6\", \"key\": \"/quoteOutput/response/c\", \"type\": \"number\", \"order\": 8.0, \"title\": \"c\", \"value\": {\"type\": \"number\", \"requiredFlag\": false}, \"isLeaf\": true, \"entityType\": \"componentConfig\", \"childrenSet\": false, \"hasChildren\": false, \"dataElementType\": \"number\", \"encryption_required\": false}, {\"id\": \"500e5004-de4d-4d29-8378-83ae2e9696c6\", \"key\": \"/quoteOutput/response/pc\", \"type\": \"number\", \"order\": 9.0, \"title\": \"pc\", \"value\": {\"type\": \"number\", \"requiredFlag\": false}, \"isLeaf\": true, \"entityType\": \"componentConfig\", \"childrenSet\": false, \"hasChildren\": false, \"dataElementType\": \"number\", \"encryption_required\": false}, {\"id\": \"500e5004-de4d-4d29-8378-83ae2e9696c6\", \"key\": \"/quoteOutput/response/d\", \"type\": \"number\", \"order\": 10.0, \"title\": \"d\", \"value\": {\"type\": \"number\", \"requiredFlag\": false}, \"isLeaf\": true, \"entityType\": \"componentConfig\", \"childrenSet\": false, \"hasChildren\": false, \"dataElementType\": \"number\", \"encryption_required\": false}, {\"id\": \"500e5004-de4d-4d29-8378-83ae2e9696c6\", \"key\": \"/quoteOutput/response/dp\", \"type\": \"number\", \"order\": 11.0, \"title\": \"dp\", \"value\": {\"type\": \"number\", \"requiredFlag\": false}, \"isLeaf\": true, \"entityType\": \"componentConfig\", \"childrenSet\": false, \"hasChildren\": false, \"dataElementType\": \"number\", \"encryption_required\": false}], \"entityType\": \"componentConfig\", \"childrenSet\": false, \"hasChildren\": false, \"dataElementType\": \"document\", \"encryption_required\": false}, {\"id\": \"500e5004-de4d-4d29-8378-83ae2e9696c6\", \"key\": \"/quoteOutput/errors\", \"order\": 3.0, \"title\": \"errors\", \"value\": {\"type\": \"object\"}, \"isLeaf\": true, \"children\": [], \"entityType\": \"componentConfig\", \"childrenSet\": false, \"hasChildren\": false, \"dataElementType\": \"document\", \"encryption_required\": false}, {\"id\": \"500e5004-de4d-4d29-8378-83ae2e9696c6\", \"key\": \"/quoteOutput/responseHeaders\", \"order\": 4.0, \"title\": \"responseHeaders\", \"value\": {\"type\": \"object\"}, \"isLeaf\": true, \"children\": [], \"entityType\": \"componentConfig\", \"childrenSet\": false, \"hasChildren\": false, \"dataElementType\": \"document\", \"encryption_required\": false}], \"entityType\": \"componentConfig\", \"childrenSet\": false, \"hasChildren\": false, \"dataElementType\": \"document\", \"encryption_required\": false}]",
    "null" : false
  },
  "config_plug_id" : null,
  "override_plug" : false,
  "config_java_service_id" : null,
  "service_tag" : "V21",
  "endpoint_tag" : "EMPTY",
  "config_service_tag" : "EMPTY",
  "config_imap_tag" : "EMPTY",
  "config_b2b_document_type_tag" : "EMPTY",
  "active" : false,
  "parent_component_config_service_tag" : "V21",
  "service_project_id" : "94afffa5-622e-4445-9e23-5019119fbd0b",
  "service_project_tag" : "V21",
  "config_service_project_id" : null,
  "config_service_project_tag" : "EMPTY",
  "config_imap_project_id" : null,
  "config_imap_project_tag" : "EMPTY",
  "config_b2b_document_type_project_id" : null,
  "config_b2b_document_type_project_tag" : "EMPTY",
  "endpoint_project_id" : "94afffa5-622e-4445-9e23-5019119fbd0b",
  "endpoint_project_tag" : "EMPTY",
  "config_plug_tag" : "EMPTY",
  "config_plug_project_id" : null,
  "config_plug_project_tag" : "EMPTY",
  "config_java_service_tag" : "EMPTY",
  "config_java_service_project_id" : null,
  "config_java_service_project_tag" : "EMPTY",
  "disabled" : false,
  "config" : {
    "type" : "json",
    "value" : "{\"objectName\":\"quote\",\"operationName\":\"quote\",\"actionConfig\":{\"resourcePath\":\"/quote\",\"produces\":[\"application/json\"],\"methodName\":\"get\",\"consumes\":[\"application/json\"]}}",
    "null" : false
  },
  "config_b2b_document_type_project_mode_id" : "112c1cb8-4b9e-4d1a-a042-0bd031dc7d05",
  "config_imap_project_mode_id" : "112c1cb8-4b9e-4d1a-a042-0bd031dc7d05",
  "config_java_service_project_mode_id" : "112c1cb8-4b9e-4d1a-a042-0bd031dc7d05",
  "config_plug_project_mode_id" : "112c1cb8-4b9e-4d1a-a042-0bd031dc7d05",
  "config_service_project_mode_id" : "112c1cb8-4b9e-4d1a-a042-0bd031dc7d05",
  "endpoint_project_mode_id" : "112c1cb8-4b9e-4d1a-a042-0bd031dc7d05",
  "service_project_mode_id" : "112c1cb8-4b9e-4d1a-a042-0bd031dc7d05",
  "parent_component_config_service_project_mode_id" : "112c1cb8-4b9e-4d1a-a042-0bd031dc7d05",
  "is_audit" : true,
  "keys_with_order" : null
}