{
  "component_config_id" : "79c67656-136d-4c32-acd2-1cd3e552bca0",
  "endpoint_config_json" : {
    "type" : "jsonb",
    "value" : "{\"crossRef\": [], \"services\": [], \"multistep\": [], \"operations\": []}",
    "null" : false
  },
  "input_config_json" : {
    "type" : "jsonb",
    "value" : "{\"crossRef\": [], \"services\": [], \"multistep\": [], \"operations\": [{\"map\": {\"id\": \"0a72e0c0-4d61-4649-afea-192a9d8d0ee7\", \"root\": false, \"type\": \"setValue\", \"cached\": false, \"target\": \"/postgres_employee2_insertInput/insert[]/first_name\", \"mapNull\": false, \"disabled\": false, \"extractXml\": false, \"extractJson\": false, \"targetOrder\": 3.0, \"targetValue\": \"Leor\", \"mapEmptyString\": false, \"targetJavaType\": \"java.lang.String\", \"variableSubstitution\": false}}, {\"map\": {\"id\": \"4e12003c-9fc2-453f-af0e-c5fbd2849940\", \"root\": false, \"type\": \"setValue\", \"cached\": false, \"target\": \"/postgres_employee2_insertInput/insert[]/last_name\", \"mapNull\": false, \"disabled\": false, \"extractXml\": false, \"extractJson\": false, \"targetOrder\": 4.0, \"targetValue\": \"Brenman\", \"mapEmptyString\": false, \"targetJavaType\": \"java.lang.String\", \"variableSubstitution\": false}}, {\"map\": {\"id\": \"88bdaee9-2f19-4583-a231-dc011ffa218d\", \"root\": false, \"type\": \"setValue\", \"cached\": false, \"target\": \"/postgres_employee2_insertInput/insert[]/email\", \"mapNull\": false, \"disabled\": false, \"extractXml\": false, \"extractJson\": false, \"targetOrder\": 5.0, \"targetValue\": \"lbrenman@axway.com\", \"mapEmptyString\": false, \"targetJavaType\": \"java.lang.String\", \"variableSubstitution\": false}}]}",
    "null" : false
  },
  "output_config_json" : {
    "type" : "jsonb",
    "value" : "{\"crossRef\": [], \"services\": [], \"multistep\": [], \"operations\": [{\"map\": {\"id\": \"1ba0bc20-754b-41b4-a127-52567dc270d6\", \"root\": true, \"type\": \"map\", \"cached\": false, \"source\": \"/postgres_employee2_insertOutput\", \"target\": \"/postgres_employee2_insertOutput\", \"mapNull\": false, \"disabled\": false, \"extractXml\": false, \"extractJson\": false, \"targetOrder\": 1.0, \"mapEmptyString\": false}}]}",
    "null" : false
  },
  "component_id" : "dc16ccf6-67f4-4135-95ca-42e055af53c4",
  "service_id" : "176c52e9-ee5b-42ea-8a00-45ee69d7f001",
  "endpoint_id" : "1e8d07f9-a7d4-4f73-852d-51303ea74a6d",
  "parent_component_config_id" : null,
  "component_config_order" : 2.0,
  "action_id" : "6cdeb30f-78b6-4b81-a7c0-661b2a023904",
  "name" : null,
  "description" : "",
  "override_endpoint" : false,
  "input_structure_json" : {
    "type" : "jsonb",
    "value" : "{\"maps\": [{\"/postgres_employee2_insertInput/insert[]/first_name\": [{\"type\": \"setValue\", \"target\": {\"path\": \"/postgres_employee2_insertInput/insert[]/first_name\", \"order\": 3, \"title\": \"first_name\", \"dataElementType\": \"string\"}, \"values\": [{\"id\": \"8032bef6-b1bc-4067-b5e6-865cc591f2b6\", \"key\": \"/postgres_employee2_insertInput/insert[]/first_name\", \"type\": \"string\", \"order\": 3, \"title\": \"first_name\", \"setValue\": null, \"uiElement\": \"Leor\", \"isSetValue\": false, \"childrenSet\": false, \"hasChildren\": false, \"dataElementType\": \"string\", \"encryption_required\": false}], \"mapCondition\": {\"isConditionSet\": false, \"sourceTreeIndex\": [], \"targetTreeIndex\": [{\"key\": 1, \"title\": \"postgres_employee2_insertInput\", \"isLeaf\": false, \"isArray\": false, \"children\": [{\"key\": 2, \"title\": \"insert\", \"isLeaf\": false, \"isArray\": true, \"children\": [{\"key\": 3, \"title\": \"first_name\", \"isLeaf\": false, \"isArray\": false, \"parentKey\": 2}], \"parentKey\": 1, \"arrayIndex\": null}], \"parentKey\": 0}], \"mapConditionFormValue\": {}}, \"variableSubstitution\": false, \"overwritePipelineValue\": false}]}, {\"/postgres_employee2_insertInput/insert[]/last_name\": [{\"type\": \"setValue\", \"target\": {\"path\": \"/postgres_employee2_insertInput/insert[]/last_name\", \"order\": 4, \"title\": \"last_name\", \"dataElementType\": \"string\"}, \"values\": [{\"id\": \"d762ce23-20fe-4d5f-8c8c-4df0cd3059a7\", \"key\": \"/postgres_employee2_insertInput/insert[]/last_name\", \"type\": \"string\", \"order\": 4, \"title\": \"last_name\", \"setValue\": null, \"uiElement\": \"Brenman\", \"isSetValue\": false, \"childrenSet\": false, \"hasChildren\": false, \"dataElementType\": \"string\", \"encryption_required\": false}], \"mapCondition\": {\"isConditionSet\": false, \"sourceTreeIndex\": [], \"targetTreeIndex\": [{\"key\": 1, \"title\": \"postgres_employee2_insertInput\", \"isLeaf\": false, \"isArray\": false, \"children\": [{\"key\": 2, \"title\": \"insert\", \"isLeaf\": false, \"isArray\": true, \"children\": [{\"key\": 3, \"title\": \"last_name\", \"isLeaf\": false, \"isArray\": false, \"parentKey\": 2}], \"parentKey\": 1, \"arrayIndex\": null}], \"parentKey\": 0}], \"mapConditionFormValue\": {}}, \"variableSubstitution\": false, \"overwritePipelineValue\": false}]}, {\"/postgres_employee2_insertInput/insert[]/email\": [{\"type\": \"setValue\", \"target\": {\"path\": \"/postgres_employee2_insertInput/insert[]/email\", \"order\": 5, \"title\": \"email\", \"dataElementType\": \"string\"}, \"values\": [{\"id\": \"3ff8c3c8-3c7e-498c-85c2-fd798df639d6\", \"key\": \"/postgres_employee2_insertInput/insert[]/email\", \"type\": \"string\", \"order\": 5, \"title\": \"email\", \"setValue\": null, \"uiElement\": \"lbrenman@axway.com\", \"isSetValue\": false, \"childrenSet\": false, \"hasChildren\": false, \"dataElementType\": \"string\", \"encryption_required\": false}], \"mapCondition\": {\"isConditionSet\": false, \"sourceTreeIndex\": [], \"targetTreeIndex\": [{\"key\": 1, \"title\": \"postgres_employee2_insertInput\", \"isLeaf\": false, \"isArray\": false, \"children\": [{\"key\": 2, \"title\": \"insert\", \"isLeaf\": false, \"isArray\": true, \"children\": [{\"key\": 3, \"title\": \"email\", \"isLeaf\": false, \"isArray\": false, \"parentKey\": 2}], \"parentKey\": 1, \"arrayIndex\": null}], \"parentKey\": 0}], \"mapConditionFormValue\": {}}, \"variableSubstitution\": false, \"overwritePipelineValue\": false}]}], \"mappedNodes\": [\"/postgres_employee2_insertOutputactionOut\", \"/postgres_employee2_insertOutputpipeOut\", \"/postgres_employee2_insertInput/insert[]/first_name actionIn\", \"/postgres_employee2_insertInput/insert[] actionIn\", \"/postgres_employee2_insertInput actionIn\", \"/postgres_employee2_insertInput/insert[]/last_name actionIn\", \"/postgres_employee2_insertInput/insert[] actionIn\", \"/postgres_employee2_insertInput actionIn\", \"/postgres_employee2_insertInput/insert[] actionIn\", \"/postgres_employee2_insertInput actionIn\", \"/postgres_employee2_insertInput/insert[] actionIn\", \"/postgres_employee2_insertInput actionIn\", \"/postgres_employee2_insertInput/insert[]/email actionIn\", \"/postgres_employee2_insertInput/insert[] actionIn\", \"/postgres_employee2_insertInput actionIn\"]}",
    "null" : false
  },
  "output_structure_json" : {
    "type" : "jsonb",
    "value" : "{\"maps\": [{\"/postgres_employee2_insertOutput\": [{\"type\": \"map\", \"source\": {\"path\": \"/postgres_employee2_insertOutput\", \"title\": \"postgres_employee2_insertOutput\", \"dataElementType\": \"document\"}, \"target\": {\"path\": \"/postgres_employee2_insertOutput\", \"order\": 1, \"title\": \"postgres_employee2_insertOutput\", \"dataElementType\": \"document\"}, \"mapCondition\": {\"isConditionSet\": false, \"sourceTreeIndex\": [], \"targetTreeIndex\": [], \"mapConditionFormValue\": {}}}]}], \"transformer\": []}",
    "null" : false
  },
  "endpoint_structure_json" : {
    "type" : "jsonb",
    "value" : "{\"maps\": []}",
    "null" : false
  },
  "is_error" : false,
  "no_of_errors" : 0,
  "action_input_type" : null,
  "config_service_id" : null,
  "config_imap_id" : null,
  "config_b2b_document_type_id" : null,
  "config_document_id" : null,
  "add_variables" : {
    "type" : "jsonb",
    "value" : "[]",
    "null" : false
  },
  "drop_variables" : {
    "type" : "jsonb",
    "value" : "[]",
    "null" : false
  },
  "plug_input_structure" : null,
  "plug_output_structure" : null,
  "config_plug_id" : "1305cc65-171e-46ce-9e5a-61fc5d8064a2",
  "override_plug" : false,
  "config_java_service_id" : null,
  "service_tag" : "V21",
  "endpoint_tag" : null,
  "config_service_tag" : "",
  "config_imap_tag" : "",
  "config_b2b_document_type_tag" : "",
  "active" : false,
  "parent_component_config_service_tag" : "V21",
  "service_project_id" : "94afffa5-622e-4445-9e23-5019119fbd0b",
  "service_project_tag" : "V21",
  "config_service_project_id" : null,
  "config_service_project_tag" : "",
  "config_imap_project_id" : null,
  "config_imap_project_tag" : "",
  "config_b2b_document_type_project_id" : null,
  "config_b2b_document_type_project_tag" : "",
  "endpoint_project_id" : "94afffa5-622e-4445-9e23-5019119fbd0b",
  "endpoint_project_tag" : null,
  "config_plug_tag" : "EMPTY",
  "config_plug_project_id" : "94afffa5-622e-4445-9e23-5019119fbd0b",
  "config_plug_project_tag" : "EMPTY",
  "config_java_service_tag" : "",
  "config_java_service_project_id" : null,
  "config_java_service_project_tag" : "",
  "disabled" : false,
  "config" : {
    "type" : "json",
    "value" : "{\"objectId\":null,\"version\":null,\"objectApiId\":null}",
    "null" : false
  },
  "config_b2b_document_type_project_mode_id" : "112c1cb8-4b9e-4d1a-a042-0bd031dc7d05",
  "config_imap_project_mode_id" : "112c1cb8-4b9e-4d1a-a042-0bd031dc7d05",
  "config_java_service_project_mode_id" : "112c1cb8-4b9e-4d1a-a042-0bd031dc7d05",
  "config_plug_project_mode_id" : "112c1cb8-4b9e-4d1a-a042-0bd031dc7d05",
  "config_service_project_mode_id" : "112c1cb8-4b9e-4d1a-a042-0bd031dc7d05",
  "endpoint_project_mode_id" : "112c1cb8-4b9e-4d1a-a042-0bd031dc7d05",
  "service_project_mode_id" : "112c1cb8-4b9e-4d1a-a042-0bd031dc7d05",
  "parent_component_config_service_project_mode_id" : "112c1cb8-4b9e-4d1a-a042-0bd031dc7d05",
  "is_audit" : true,
  "keys_with_order" : null
}