{
  "component_config_id" : "a3eb2cf4-0d9a-4786-8238-f2d6d1349528",
  "endpoint_config_json" : {
    "type" : "jsonb",
    "value" : "{\"crossRef\": [], \"services\": [], \"multistep\": [], \"operations\": []}",
    "null" : false
  },
  "input_config_json" : {
    "type" : "jsonb",
    "value" : "{\"crossRef\": [], \"services\": [], \"multistep\": [], \"operations\": [{\"map\": {\"id\": \"4f9c8f0f-9e04-4cf7-9894-14805772bea7\", \"root\": true, \"type\": \"list\", \"cached\": false, \"source\": \"/findPetsByStatusOutput/response[]\", \"target\": \"/FilterPetsByGategoryNameInput/Pets[]\", \"mapNull\": false, \"disabled\": false, \"extractXml\": false, \"extractJson\": false, \"targetOrder\": 1.0, \"mapEmptyString\": false}}, {\"map\": {\"id\": \"035545be-a10b-4438-97c9-ac56f4537967\", \"root\": false, \"type\": \"setValue\", \"cached\": false, \"target\": \"/FilterPetsByGategoryNameInput/CategoryName\", \"mapNull\": false, \"disabled\": false, \"extractXml\": false, \"extractJson\": false, \"targetOrder\": 1.0, \"targetValue\": \"Lions\", \"mapEmptyString\": false, \"targetJavaType\": \"java.lang.String\", \"variableSubstitution\": false}}]}",
    "null" : false
  },
  "output_config_json" : {
    "type" : "jsonb",
    "value" : "{\"crossRef\": [], \"services\": [], \"multistep\": [], \"operations\": [{\"map\": {\"id\": \"468021f4-75c2-4975-8f5c-3e4d7a9ade37\", \"root\": true, \"type\": \"map\", \"cached\": false, \"source\": \"/FilterPetsByGategoryNameOutput\", \"target\": \"/FilterPetsByGategoryNameOutput\", \"mapNull\": false, \"disabled\": false, \"extractXml\": false, \"extractJson\": false, \"targetOrder\": 1.0, \"mapEmptyString\": false}}, {\"map\": {\"id\": \"de877a59-a242-4b9e-931d-0f667d81fb7e\", \"root\": true, \"type\": \"list\", \"cached\": false, \"source\": \"/FilterPetsByGategoryNameOutput/FIlteredPets[]\", \"target\": \"/Lions[]\", \"mapNull\": false, \"disabled\": false, \"extractXml\": false, \"extractJson\": false, \"targetOrder\": 1.0, \"mapEmptyString\": false}}]}",
    "null" : false
  },
  "component_id" : "756d919f-1b1f-4eab-9f44-2f7b5bbe175c",
  "service_id" : "57572c8f-30ab-47d5-bd70-1440969ebc76",
  "endpoint_id" : null,
  "parent_component_config_id" : null,
  "component_config_order" : 4.0,
  "action_id" : "8e231fcc-71d0-43f6-9303-70dcb0ca6080",
  "name" : "Get Lions",
  "description" : "",
  "override_endpoint" : false,
  "input_structure_json" : {
    "type" : "jsonb",
    "value" : "{\"maps\": [{\"/FilterPetsByGategoryNameInput/Pets[]\": [{\"type\": \"list\", \"source\": {\"path\": \"/findPetsByStatusOutput/response[]\", \"title\": \"response\", \"dataElementType\": \"documentArray\"}, \"target\": {\"path\": \"/FilterPetsByGategoryNameInput/Pets[]\", \"order\": 1, \"title\": \"Pets\", \"dataElementType\": \"documentArray\"}, \"mapCondition\": {\"isConditionSet\": false, \"sourceTreeIndex\": [{\"key\": 1, \"title\": \"findPetsByStatusOutput\", \"isLeaf\": false, \"isArray\": false, \"children\": [{\"key\": 2, \"title\": \"response[]\", \"isLeaf\": false, \"isArray\": true, \"parentKey\": 1, \"arrayIndex\": null}], \"parentKey\": 0}], \"targetTreeIndex\": [{\"key\": 1, \"title\": \"FilterPetsByGategoryNameInput\", \"isLeaf\": false, \"isArray\": false, \"children\": [{\"key\": 2, \"title\": \"Pets[]\", \"isLeaf\": false, \"isArray\": true, \"parentKey\": 1, \"arrayIndex\": null}], \"parentKey\": 0}], \"mapConditionFormValue\": {}}}]}, {\"/FilterPetsByGategoryNameInput/CategoryName\": [{\"type\": \"setValue\", \"target\": {\"path\": \"/FilterPetsByGategoryNameInput/CategoryName\", \"order\": 1, \"title\": \"CategoryName\", \"dataElementType\": \"string\"}, \"values\": [{\"id\": \"ff30e4b3-f9b4-4922-b7fd-e007fbb1e657\", \"key\": \"/FilterPetsByGategoryNameInput/CategoryName\", \"type\": \"node\", \"order\": 1, \"title\": \"CategoryName\", \"children\": [], \"setValue\": null, \"uiElement\": \"Lions\", \"isSetValue\": false, \"childrenSet\": false, \"hasChildren\": false, \"dataElementType\": \"string\", \"encryption_required\": false}], \"mapCondition\": {\"isConditionSet\": false, \"sourceTreeIndex\": [], \"targetTreeIndex\": [], \"mapConditionFormValue\": {}}, \"variableSubstitution\": false, \"overwritePipelineValue\": false}]}], \"mappedNodes\": [\"/FilterPetsByGategoryNameOutputactionOut\", \"/FilterPetsByGategoryNameOutputpipeOut\", \"/findPetsByStatusOutput/response[] pipeIn\", \"/FilterPetsByGategoryNameInput/Pets[] actionIn\", \"/FilterPetsByGategoryNameInput/CategoryName actionIn\", \"/FilterPetsByGategoryNameInput actionIn\", \"/FilterPetsByGategoryNameOutput/FIlteredPets[]\", \"/Lions[]pipeOut\"]}",
    "null" : false
  },
  "output_structure_json" : {
    "type" : "jsonb",
    "value" : "{\"maps\": [{\"/FilterPetsByGategoryNameOutput\": [{\"type\": \"map\", \"source\": {\"path\": \"/FilterPetsByGategoryNameOutput\", \"title\": \"FilterPetsByGategoryNameOutput\", \"dataElementType\": \"document\"}, \"target\": {\"path\": \"/FilterPetsByGategoryNameOutput\", \"order\": 1, \"title\": \"FilterPetsByGategoryNameOutput\", \"dataElementType\": \"document\"}, \"mapCondition\": {\"isConditionSet\": false, \"sourceTreeIndex\": [], \"targetTreeIndex\": [], \"mapConditionFormValue\": {}}}]}, {\"/Lions[]\": [{\"type\": \"list\", \"source\": {\"path\": \"/FilterPetsByGategoryNameOutput/FIlteredPets[]\", \"title\": \"FIlteredPets\", \"dataElementType\": \"documentArray\"}, \"target\": {\"path\": \"/Lions[]\", \"order\": 1, \"title\": \"Lions\", \"dataElementType\": \"documentArray\"}, \"mapCondition\": {\"isConditionSet\": false, \"sourceTreeIndex\": [{\"key\": 1, \"title\": \"FilterPetsByGategoryNameOutput\", \"isLeaf\": false, \"isArray\": false, \"children\": [{\"key\": 2, \"title\": \"FIlteredPets\", \"isLeaf\": false, \"isArray\": true, \"parentKey\": 1, \"arrayIndex\": null}], \"parentKey\": 0}], \"targetTreeIndex\": [{\"key\": 1, \"title\": \"Lions[]\", \"isLeaf\": false, \"isArray\": true, \"parentKey\": 0, \"arrayIndex\": null}], \"mapConditionFormValue\": {}}}]}], \"tracks\": {}, \"transformer\": []}",
    "null" : false
  },
  "endpoint_structure_json" : {
    "type" : "jsonb",
    "value" : "{\"maps\": []}",
    "null" : false
  },
  "is_error" : false,
  "no_of_errors" : 0,
  "action_input_type" : null,
  "config_service_id" : "44a58f95-0422-4fb7-9735-af9b3e7b4507",
  "config_imap_id" : null,
  "config_b2b_document_type_id" : null,
  "config_document_id" : null,
  "add_variables" : {
    "type" : "jsonb",
    "value" : "[{\"id\": \"78678900-5470-47bd-af9f-3491c077c8e3\", \"key\": \"/Lions[]\", \"type\": \"node\", \"order\": 1, \"title\": \"Lions\", \"value\": {\"type\": \"array\"}, \"children\": [{\"id\": \"589126b9-1bfb-442d-a197-75da7d55e755\", \"key\": \"/Lions[]/id\", \"type\": \"integer\", \"order\": 5, \"title\": \"id\", \"value\": {\"type\": \"integer\", \"requiredFlag\": false}, \"isLeaf\": true, \"childrenSet\": false, \"hasChildren\": false, \"dataElementType\": \"integer\", \"componentConfigId\": \"a3eb2cf4-0d9a-4786-8238-f2d6d1349528\", \"componentConfigName\": \"Service\", \"encryption_required\": false}, {\"id\": \"7037064b-2b75-4d98-acd9-066b0cdca9ca\", \"key\": \"/Lions[]/name\", \"type\": \"string\", \"order\": 6, \"title\": \"name\", \"value\": {\"type\": \"string\", \"requiredFlag\": true}, \"isLeaf\": true, \"childrenSet\": false, \"hasChildren\": false, \"dataElementType\": \"string\", \"componentConfigId\": \"a3eb2cf4-0d9a-4786-8238-f2d6d1349528\", \"componentConfigName\": \"Service\", \"encryption_required\": false}, {\"id\": \"e36e9ddd-fa89-4838-91f8-b293f4097367\", \"key\": \"/Lions[]/category\", \"type\": \"object\", \"order\": 7, \"title\": \"category\", \"value\": {\"type\": \"object\", \"requiredFlag\": false}, \"isLeaf\": false, \"children\": [{\"id\": \"23da9f60-04d3-46ea-aa38-5822897ce445\", \"key\": \"/Lions[]/category/id\", \"type\": \"integer\", \"order\": 8, \"title\": \"id\", \"value\": {\"type\": \"integer\", \"requiredFlag\": false}, \"isLeaf\": true, \"childrenSet\": false, \"hasChildren\": false, \"dataElementType\": \"integer\", \"componentConfigId\": \"a3eb2cf4-0d9a-4786-8238-f2d6d1349528\", \"componentConfigName\": \"Service\", \"encryption_required\": false}, {\"id\": \"64e588b4-7320-4e94-be6d-d2786203dc6a\", \"key\": \"/Lions[]/category/name\", \"type\": \"string\", \"order\": 9, \"title\": \"name\", \"value\": {\"type\": \"string\", \"requiredFlag\": false}, \"isLeaf\": true, \"childrenSet\": false, \"hasChildren\": false, \"dataElementType\": \"string\", \"componentConfigId\": \"a3eb2cf4-0d9a-4786-8238-f2d6d1349528\", \"componentConfigName\": \"Service\", \"encryption_required\": false}], \"childrenSet\": false, \"hasChildren\": true, \"dataElementType\": \"document\", \"componentConfigId\": \"a3eb2cf4-0d9a-4786-8238-f2d6d1349528\", \"componentConfigName\": \"Service\", \"encryption_required\": false}, {\"id\": \"46d5ead7-7d99-40e2-9a3f-c5296403e1fe\", \"key\": \"/Lions[]/photoUrls[]\", \"type\": \"array\", \"order\": 10, \"title\": \"photoUrls\", \"value\": {\"type\": \"array\", \"requiredFlag\": true}, \"isLeaf\": false, \"childrenSet\": false, \"hasChildren\": false, \"dataElementType\": \"stringArray\", \"componentConfigId\": \"a3eb2cf4-0d9a-4786-8238-f2d6d1349528\", \"componentConfigName\": \"Service\", \"encryption_required\": false}, {\"id\": \"711c4945-a7a0-42ca-8b83-2647050d9150\", \"key\": \"/Lions[]/tags[]\", \"type\": \"array\", \"order\": 11, \"title\": \"tags\", \"value\": {\"type\": \"array\", \"requiredFlag\": false}, \"isLeaf\": false, \"children\": [{\"id\": \"36f11985-12d7-4caa-ad1e-7310f44f6d09\", \"key\": \"/Lions[]/tags[]/id\", \"type\": \"integer\", \"order\": 12, \"title\": \"id\", \"value\": {\"type\": \"integer\", \"requiredFlag\": false}, \"isLeaf\": true, \"childrenSet\": false, \"hasChildren\": false, \"dataElementType\": \"integer\", \"componentConfigId\": \"a3eb2cf4-0d9a-4786-8238-f2d6d1349528\", \"componentConfigName\": \"Service\", \"encryption_required\": false}, {\"id\": \"888aeaa9-04af-4d43-a175-e1c8c64246a2\", \"key\": \"/Lions[]/tags[]/name\", \"type\": \"string\", \"order\": 13, \"title\": \"name\", \"value\": {\"type\": \"string\", \"requiredFlag\": false}, \"isLeaf\": true, \"childrenSet\": false, \"hasChildren\": false, \"dataElementType\": \"string\", \"componentConfigId\": \"a3eb2cf4-0d9a-4786-8238-f2d6d1349528\", \"componentConfigName\": \"Service\", \"encryption_required\": false}], \"childrenSet\": false, \"hasChildren\": true, \"dataElementType\": \"documentArray\", \"componentConfigId\": \"a3eb2cf4-0d9a-4786-8238-f2d6d1349528\", \"componentConfigName\": \"Service\", \"encryption_required\": false}, {\"id\": \"681b83a9-eb75-4b69-8177-4d19121e6ccb\", \"key\": \"/Lions[]/status\", \"type\": \"string\", \"order\": 14, \"title\": \"status\", \"value\": {\"type\": \"string\", \"_enum\": [\"sold\", \"pending\", \"available\"], \"requiredFlag\": false}, \"isLeaf\": true, \"childrenSet\": false, \"hasChildren\": false, \"dataElementType\": \"string\", \"componentConfigId\": \"a3eb2cf4-0d9a-4786-8238-f2d6d1349528\", \"componentConfigName\": \"Service\", \"encryption_required\": false}], \"editAllow\": true, \"componentName\": \"Get Lions\", \"dataElementType\": \"documentArray\", \"componentConfigId\": \"a3eb2cf4-0d9a-4786-8238-f2d6d1349528\", \"componentConfigName\": \"Service\"}]",
    "null" : false
  },
  "drop_variables" : {
    "type" : "jsonb",
    "value" : "[]",
    "null" : false
  },
  "plug_input_structure" : null,
  "plug_output_structure" : null,
  "config_plug_id" : null,
  "override_plug" : false,
  "config_java_service_id" : null,
  "service_tag" : "V21",
  "endpoint_tag" : "EMPTY",
  "config_service_tag" : "EMPTY",
  "config_imap_tag" : "EMPTY",
  "config_b2b_document_type_tag" : "EMPTY",
  "active" : false,
  "parent_component_config_service_tag" : "V21",
  "service_project_id" : "94afffa5-622e-4445-9e23-5019119fbd0b",
  "service_project_tag" : "V21",
  "config_service_project_id" : "94afffa5-622e-4445-9e23-5019119fbd0b",
  "config_service_project_tag" : "EMPTY",
  "config_imap_project_id" : null,
  "config_imap_project_tag" : "EMPTY",
  "config_b2b_document_type_project_id" : null,
  "config_b2b_document_type_project_tag" : "EMPTY",
  "endpoint_project_id" : null,
  "endpoint_project_tag" : "EMPTY",
  "config_plug_tag" : "EMPTY",
  "config_plug_project_id" : null,
  "config_plug_project_tag" : "EMPTY",
  "config_java_service_tag" : "EMPTY",
  "config_java_service_project_id" : null,
  "config_java_service_project_tag" : "EMPTY",
  "disabled" : false,
  "config" : {
    "type" : "json",
    "value" : "{\"serviceProjectName\":\"HelloHTTPClient\"}",
    "null" : false
  },
  "config_b2b_document_type_project_mode_id" : "112c1cb8-4b9e-4d1a-a042-0bd031dc7d05",
  "config_imap_project_mode_id" : "112c1cb8-4b9e-4d1a-a042-0bd031dc7d05",
  "config_java_service_project_mode_id" : "112c1cb8-4b9e-4d1a-a042-0bd031dc7d05",
  "config_plug_project_mode_id" : "112c1cb8-4b9e-4d1a-a042-0bd031dc7d05",
  "config_service_project_mode_id" : "112c1cb8-4b9e-4d1a-a042-0bd031dc7d05",
  "endpoint_project_mode_id" : "112c1cb8-4b9e-4d1a-a042-0bd031dc7d05",
  "service_project_mode_id" : "112c1cb8-4b9e-4d1a-a042-0bd031dc7d05",
  "parent_component_config_service_project_mode_id" : "112c1cb8-4b9e-4d1a-a042-0bd031dc7d05",
  "is_audit" : true,
  "keys_with_order" : null
}