{
  "document_type_id" : "f5abc3b8-481c-4b76-ae42-47c405fbd9e1",
  "name" : "contactcsv",
  "description" : "contactcsv",
  "version" : null,
  "business_document_type_id" : null,
  "document_format_id" : "af12f4ca-325b-4ba7-a68f-f01a4f53ffe1",
  "root_tag" : null,
  "structure" : {
    "type" : "jsonb",
    "value" : "[{\"key\": \"/delimitedRecords[]\", \"type\": \"array\", \"order\": 1.0, \"title\": \"delimitedRecords\", \"value\": {\"type\": \"array\", \"requiredFlag\": false}, \"isLeaf\": false, \"children\": [{\"key\": \"/delimitedRecords[]/firstname\", \"type\": \"string\", \"order\": 2.0, \"title\": \"firstname\", \"value\": {\"type\": \"string\", \"requiredFlag\": true}, \"isLeaf\": true, \"childrenSet\": false, \"hasChildren\": false, \"dataElementType\": \"string\", \"encryption_required\": false}, {\"key\": \"/delimitedRecords[]/lastname\", \"type\": \"string\", \"order\": 3.0, \"title\": \"lastname\", \"value\": {\"type\": \"string\", \"requiredFlag\": true}, \"isLeaf\": true, \"childrenSet\": false, \"hasChildren\": false, \"dataElementType\": \"string\", \"encryption_required\": false}, {\"key\": \"/delimitedRecords[]/email\", \"type\": \"string\", \"order\": 4.0, \"title\": \"email\", \"value\": {\"type\": \"string\", \"requiredFlag\": true}, \"isLeaf\": true, \"childrenSet\": false, \"hasChildren\": false, \"dataElementType\": \"string\", \"encryption_required\": false}, {\"key\": \"/delimitedRecords[]/gender\", \"type\": \"string\", \"order\": 5.0, \"title\": \"gender\", \"value\": {\"type\": \"string\", \"requiredFlag\": true}, \"isLeaf\": true, \"childrenSet\": false, \"hasChildren\": false, \"dataElementType\": \"string\", \"encryption_required\": false}, {\"key\": \"/delimitedRecords[]/jobtitle\", \"type\": \"string\", \"order\": 6.0, \"title\": \"jobtitle\", \"value\": {\"type\": \"string\", \"requiredFlag\": true}, \"isLeaf\": true, \"childrenSet\": false, \"hasChildren\": false, \"dataElementType\": \"string\", \"encryption_required\": false}, {\"key\": \"/delimitedRecords[]/state\", \"type\": \"string\", \"order\": 7.0, \"title\": \"state\", \"value\": {\"type\": \"string\", \"requiredFlag\": true}, \"isLeaf\": true, \"childrenSet\": false, \"hasChildren\": false, \"dataElementType\": \"string\", \"encryption_required\": false}, {\"key\": \"/delimitedRecords[]/city\", \"type\": \"string\", \"order\": 8.0, \"title\": \"city\", \"value\": {\"type\": \"string\", \"requiredFlag\": true}, \"isLeaf\": true, \"childrenSet\": false, \"hasChildren\": false, \"dataElementType\": \"string\", \"encryption_required\": false}, {\"key\": \"/delimitedRecords[]/consumer\", \"type\": \"string\", \"order\": 9.0, \"title\": \"consumer\", \"value\": {\"type\": \"string\", \"requiredFlag\": true}, \"isLeaf\": true, \"childrenSet\": false, \"hasChildren\": false, \"dataElementType\": \"string\", \"encryption_required\": false}], \"childrenSet\": false, \"hasChildren\": false, \"dataElementType\": \"documentArray\", \"encryption_required\": false}]",
    "null" : false
  },
  "key_fields" : null,
  "schema" : {
    "type" : "json",
    "value" : "{\"properties\":{\"delimitedRecords\":{\"type\":\"array\",\"items\":{\"type\":\"object\",\"required\":[\"firstname\",\"lastname\",\"email\",\"gender\",\"jobtitle\",\"state\",\"city\",\"consumer\"],\"properties\":{\"firstname\":{\"type\":\"string\"},\"lastname\":{\"type\":\"string\"},\"email\":{\"type\":\"string\"},\"gender\":{\"type\":\"string\"},\"jobtitle\":{\"type\":\"string\"},\"state\":{\"type\":\"string\"},\"city\":{\"type\":\"string\"},\"consumer\":{\"type\":\"string\"}}}}}}",
    "null" : false
  },
  "source_schema" : "firstname,lastname,email,gender,jobtitle,state,city,consumer\nGanny,Meindl,gmeindl0@amazon.co.jp,Male,Human Resources Manager,Virginia,Fredericksburg,A\nUlric,Tewkesberry,utewkesberry1@umn.edu,Male,Chief Design Engineer,Texas,Dallas,A\nTiffanie,Danigel,tdanigel2@latimes.com,Female,Editor,California,Los Angeles,*\nMartie,Volant,mvolant3@google.ru,Male,Human Resources Assistant IV,New York,New York City,C\nSamuel,Baynom,sbaynom4@upenn.edu,Male,Paralegal,California,Van Nuys,C\nSusannah,Rickell,srickell5@etsy.com,Female,Nurse Practicioner,California,Long Beach,*\nKillie,Climer,kclimer6@list-manage.com,Male,Registered Nurse,Colorado,Denver,B\nGermaine,Moughton,gmoughton7@sogou.com,Female,Compensation Analyst,Delaware,Wilmington,*\nJessica,Shearn,jshearn8@163.com,Female,Research Assistant III,Illinois,Springfield,B\nAllen,Clementel,aclementel9@google.cn,Male,Research Associate,Michigan,Kalamazoo,C\nWainwright,Wickson,wwicksona@blogger.com,Male,Community Outreach Specialist,Washington,Olympia,*\nLeontine,Balfre,lbalfreb@gnu.org,Female,Media Manager III,Texas,Fort Worth,B\nVeronica,Kalf,vkalfc@forbes.com,Female,Human Resources Manager,Minnesota,Minneapolis,C\nKora,Ramel,krameld@biblegateway.com,Female,Graphic Designer,Massachusetts,Watertown,*\nCatie,Owenson,cowensone@cdbaby.com,Female,Analyst Programmer,Illinois,Evanston,A\nAlma,Stealey,astealeyf@chronoengine.com,Female,Quality Control Specialist,California,Fresno,*\nRawley,Cunio,rcuniog@com.com,Male,VP Accounting,Arkansas,North Little Rock,A\nEngracia,Perri,eperrih@marketwatch.com,Female,Tax Accountant,Texas,Dallas,*\nCherish,Fairleigh,cfairleighi@g.co,Female,Professor,Pennsylvania,Philadelphia,A\nRhetta,Denisyev,rdenisyevj@adobe.com,Female,Marketing Assistant,Massachusetts,Springfield,C\nKara-lynn,Callard,kcallardk@51.la,Female,Civil Engineer,Ohio,Cleveland,A\nMarigold,Shilleto,mshilletol@admin.ch,Female,Engineer III,Indiana,Crawfordsville,C\nLea,Guillon,lguillonm@guardian.co.uk,Genderqueer,Structural Engineer,Florida,Fort Pierce,C\nAshia,Heakey,aheakeyn@bizjournals.com,Female,Chemical Engineer,California,Van Nuys,B\nGiuseppe,Wyldbore,gwyldboreo@shutterfly.com,Male,Pharmacist,California,Long Beach,*\nJehu,Leggs,jleggsp@symantec.com,Male,Registered Nurse,North Carolina,Wilmington,C\nCherri,Neagle,cneagleq@state.tx.us,Female,Administrative Assistant I,Texas,Spring,B\nTorrey,Chaudhry,tchaudhryr@godaddy.com,Male,Computer Systems Analyst IV,Mississippi,Biloxi,C\nKevan,Grancher,kgranchers@state.tx.us,Male,Project Manager,Oklahoma,Oklahoma City,*\nStephine,Heminsley,sheminsleyt@discovery.com,Female,Help Desk Technician,Georgia,Marietta,A\n",
  "type" : "custom",
  "doc_type" : null,
  "source_type" : "flatfile_delimited",
  "ignore_missing_schemas" : false,
  "has_ref_schemas" : false,
  "flat_file_config" : {
    "type" : "json",
    "value" : "{\"delimiter\":\",\",\"escapeCharacter\":null,\"newLineCharacter\":\"\\\\n\",\"encoding\":\"UTF-8\",\"header\":\"true\",\"quoteCharacter\":null,\"ignoreEmptyLine\":null,\"quoteHeader\":null,\"quoteValues\":null}",
    "null" : false
  },
  "active" : false,
  "is_changed" : false,
  "tag" : "V23",
  "comment" : "Added Decimal Format example",
  "base_tag" : "V22"
}