{
  "document_type_id" : "947e1abd-73bc-488d-ad4b-7ac1f122bae2",
  "name" : "employeesXML",
  "description" : "employeesXML",
  "version" : null,
  "business_document_type_id" : null,
  "document_format_id" : "43588a2c-c878-45e6-806b-7359e4adab33",
  "root_tag" : null,
  "structure" : {
    "type" : "jsonb",
    "value" : "[{\"key\": \"/dataset\", \"type\": \"object\", \"order\": 1.0, \"title\": \"dataset\", \"value\": {\"type\": \"object\", \"requiredFlag\": false}, \"isLeaf\": false, \"children\": [{\"key\": \"/dataset/record[]\", \"type\": \"array\", \"order\": 2.0, \"title\": \"record\", \"value\": {\"type\": \"array\", \"requiredFlag\": false}, \"isLeaf\": false, \"children\": [{\"key\": \"/dataset/record[]/first_name\", \"type\": \"string\", \"order\": 3.0, \"title\": \"first_name\", \"value\": {\"type\": \"string\", \"requiredFlag\": false}, \"isLeaf\": true, \"childrenSet\": false, \"hasChildren\": false, \"dataElementType\": \"string\", \"encryption_required\": false}, {\"key\": \"/dataset/record[]/last_name\", \"type\": \"string\", \"order\": 4.0, \"title\": \"last_name\", \"value\": {\"type\": \"string\", \"requiredFlag\": false}, \"isLeaf\": true, \"childrenSet\": false, \"hasChildren\": false, \"dataElementType\": \"string\", \"encryption_required\": false}, {\"key\": \"/dataset/record[]/email\", \"type\": \"string\", \"order\": 5.0, \"title\": \"email\", \"value\": {\"type\": \"string\", \"requiredFlag\": false}, \"isLeaf\": true, \"childrenSet\": false, \"hasChildren\": false, \"dataElementType\": \"string\", \"encryption_required\": false}, {\"key\": \"/dataset/record[]/gender\", \"type\": \"string\", \"order\": 6.0, \"title\": \"gender\", \"value\": {\"type\": \"string\", \"requiredFlag\": false}, \"isLeaf\": true, \"childrenSet\": false, \"hasChildren\": false, \"dataElementType\": \"string\", \"encryption_required\": false}, {\"key\": \"/dataset/record[]/job_title\", \"type\": \"string\", \"order\": 7.0, \"title\": \"job_title\", \"value\": {\"type\": \"string\", \"requiredFlag\": false}, \"isLeaf\": true, \"childrenSet\": false, \"hasChildren\": false, \"dataElementType\": \"string\", \"encryption_required\": false}, {\"key\": \"/dataset/record[]/state\", \"type\": \"string\", \"order\": 8.0, \"title\": \"state\", \"value\": {\"type\": \"string\", \"requiredFlag\": false}, \"isLeaf\": true, \"childrenSet\": false, \"hasChildren\": false, \"dataElementType\": \"string\", \"encryption_required\": false}, {\"key\": \"/dataset/record[]/city\", \"type\": \"string\", \"order\": 9.0, \"title\": \"city\", \"value\": {\"type\": \"string\", \"requiredFlag\": false}, \"isLeaf\": true, \"childrenSet\": false, \"hasChildren\": false, \"dataElementType\": \"string\", \"encryption_required\": false}, {\"key\": \"/dataset/record[]/consumer\", \"type\": \"string\", \"order\": 10.0, \"title\": \"consumer\", \"value\": {\"type\": \"string\", \"requiredFlag\": false}, \"isLeaf\": true, \"childrenSet\": false, \"hasChildren\": false, \"dataElementType\": \"string\", \"encryption_required\": false}], \"childrenSet\": false, \"hasChildren\": false, \"dataElementType\": \"documentArray\", \"encryption_required\": false}], \"childrenSet\": false, \"hasChildren\": false, \"dataElementType\": \"document\", \"encryption_required\": false}]",
    "null" : false
  },
  "key_fields" : null,
  "schema" : {
    "type" : "json",
    "value" : "{\"$id\":\"employeesXML\",\"$schema\":\"http://json-schema.org/draft-07/schema#\",\"type\":\"object\",\"properties\":{\"dataset\":{\"type\":\"object\",\"title\":\"dataset\",\"properties\":{\"record\":{\"type\":\"array\",\"title\":\"record\",\"properties\":{},\"items\":{\"type\":\"object\",\"properties\":{\"first_name\":{\"type\":\"string\",\"title\":\"first_name\",\"default\":\"\",\"examples\":[\"Kerianne\"],\"properties\":{},\"pattern\":\"^(.*)$\"},\"last_name\":{\"type\":\"string\",\"title\":\"last_name\",\"default\":\"\",\"examples\":[\"Lampe\"],\"properties\":{},\"pattern\":\"^(.*)$\"},\"email\":{\"type\":\"string\",\"title\":\"email\",\"default\":\"\",\"examples\":[\"klampet@thetimes.co.uk\"],\"properties\":{},\"pattern\":\"^(.*)$\"},\"gender\":{\"type\":\"string\",\"title\":\"gender\",\"default\":\"\",\"examples\":[\"Female\"],\"properties\":{},\"pattern\":\"^(.*)$\"},\"job_title\":{\"type\":\"string\",\"title\":\"job_title\",\"default\":\"\",\"examples\":[\"Account Executive\"],\"properties\":{},\"pattern\":\"^(.*)$\"},\"state\":{\"type\":\"string\",\"title\":\"state\",\"default\":\"\",\"examples\":[\"Maryland\"],\"properties\":{},\"pattern\":\"^(.*)$\"},\"city\":{\"type\":\"string\",\"title\":\"city\",\"default\":\"\",\"examples\":[\"Gaithersburg\"],\"properties\":{},\"pattern\":\"^(.*)$\"},\"consumer\":{\"type\":\"string\",\"title\":\"consumer\",\"default\":\"\",\"examples\":[\"B\"],\"properties\":{},\"pattern\":\"^(.*)$\"}}}}}}}}",
    "null" : false
  },
  "source_schema" : "<?xml version='1.0' encoding='UTF-8'?>\n<dataset>\n    <record>\n        <first_name>Olivie</first_name>\n        <last_name>McKeurtan</last_name>\n        <email>omckeurtan0@si.edu</email>\n        <gender>Female</gender>\n        <job_title>Software Test Engineer I</job_title>\n        <state>Alabama</state>\n        <city>Birmingham</city>\n        <consumer>B</consumer>\n    </record>\n    <record>\n        <first_name>Lynn</first_name>\n        <last_name>Dine-Hart</last_name>\n        <email>ldinehart1@soundcloud.com</email>\n        <gender>Male</gender>\n        <job_title>Junior Executive</job_title>\n        <state>Colorado</state>\n        <city>Colorado Springs</city>\n        <consumer>B</consumer>\n    </record>\n    <record>\n        <first_name>Nelia</first_name>\n        <last_name>Cracknell</last_name>\n        <email>ncracknell2@wunderground.com</email>\n        <gender>Female</gender>\n        <job_title>Registered Nurse</job_title>\n        <state>Washington</state>\n        <city>Yakima</city>\n        <consumer>C</consumer>\n    </record>\n    <record>\n        <first_name>Sharline</first_name>\n        <last_name>Illiston</last_name>\n        <email>silliston3@tinyurl.com</email>\n        <gender>Female</gender>\n        <job_title>Budget/Accounting Analyst I</job_title>\n        <state>West Virginia</state>\n        <city>Morgantown</city>\n        <consumer>A</consumer>\n    </record>\n    <record>\n        <first_name>Kath</first_name>\n        <last_name>Shiel</last_name>\n        <email>kshiel4@biglobe.ne.jp</email>\n        <gender>Female</gender>\n        <job_title>Programmer Analyst IV</job_title>\n        <state>Massachusetts</state>\n        <city>Boston</city>\n        <consumer>C</consumer>\n    </record>\n    <record>\n        <first_name>Reggy</first_name>\n        <last_name>Digance</last_name>\n        <email>rdigance5@gmpg.org</email>\n        <gender>Male</gender>\n        <job_title>Staff Scientist</job_title>\n        <state>Colorado</state>\n        <city>Denver</city>\n        <consumer>B</consumer>\n    </record>\n    <record>\n        <first_name>Meredith</first_name>\n        <last_name>Rushmere</last_name>\n        <email>mrushmere6@taobao.com</email>\n        <gender>Male</gender>\n        <job_title>Professor</job_title>\n        <state>Tennessee</state>\n        <city>Memphis</city>\n        <consumer>C</consumer>\n    </record>\n    <record>\n        <first_name>Kassey</first_name>\n        <last_name>Adel</last_name>\n        <email>kadel7@google.cn</email>\n        <gender>Female</gender>\n        <job_title>Programmer Analyst I</job_title>\n        <state>Missouri</state>\n        <city>Kansas City</city>\n        <consumer>A</consumer>\n    </record>\n    <record>\n        <first_name>Kate</first_name>\n        <last_name>Casebourne</last_name>\n        <email>kcasebourne8@ibm.com</email>\n        <gender>Female</gender>\n        <job_title>VP Quality Control</job_title>\n        <state>Florida</state>\n        <city>Miami</city>\n        <consumer>B</consumer>\n    </record>\n    <record>\n        <first_name>Wilton</first_name>\n        <last_name>Bradberry</last_name>\n        <email>wbradberry9@icq.com</email>\n        <gender>Male</gender>\n        <job_title>VP Product Management</job_title>\n        <state>California</state>\n        <city>Fresno</city>\n        <consumer>C</consumer>\n    </record>\n    <record>\n        <first_name>Faber</first_name>\n        <last_name>Snowball</last_name>\n        <email>fsnowballa@chronoengine.com</email>\n        <gender>Male</gender>\n        <job_title>Librarian</job_title>\n        <state>Florida</state>\n        <city>Miami</city>\n        <consumer>C</consumer>\n    </record>\n    <record>\n        <first_name>Alwin</first_name>\n        <last_name>Cumes</last_name>\n        <email>acumesb@blogtalkradio.com</email>\n        <gender>Agender</gender>\n        <job_title>Tax Accountant</job_title>\n        <state>California</state>\n        <city>Pasadena</city>\n        <consumer>C</consumer>\n    </record>\n    <record>\n        <first_name>Livvyy</first_name>\n        <last_name>Scambler</last_name>\n        <email>lscamblerc@thetimes.co.uk</email>\n        <gender>Female</gender>\n        <job_title>Operator</job_title>\n        <state>Nebraska</state>\n        <city>Omaha</city>\n        <consumer>B</consumer>\n    </record>\n    <record>\n        <first_name>Elbertina</first_name>\n        <last_name>Slora</last_name>\n        <email>eslorad@mozilla.com</email>\n        <gender>Female</gender>\n        <job_title>Desktop Support Technician</job_title>\n        <state>California</state>\n        <city>Los Angeles</city>\n        <consumer>B</consumer>\n    </record>\n    <record>\n        <first_name>Meriel</first_name>\n        <last_name>Simond</last_name>\n        <email>msimonde@alibaba.com</email>\n        <gender>Female</gender>\n        <job_title>Systems Administrator I</job_title>\n        <state>Kansas</state>\n        <city>Wichita</city>\n        <consumer>B</consumer>\n    </record>\n    <record>\n        <first_name>Granny</first_name>\n        <last_name>Franseco</last_name>\n        <email>gfransecof@amazonaws.com</email>\n        <gender>Male</gender>\n        <job_title>Budget/Accounting Analyst III</job_title>\n        <state>California</state>\n        <city>Fullerton</city>\n        <consumer>B</consumer>\n    </record>\n    <record>\n        <first_name>Jarrid</first_name>\n        <last_name>O'Cahsedy</last_name>\n        <email>jocahsedyg@pbs.org</email>\n        <gender>Male</gender>\n        <job_title>Physical Therapy Assistant</job_title>\n        <state>Texas</state>\n        <city>Bryan</city>\n        <consumer>B</consumer>\n    </record>\n    <record>\n        <first_name>Padgett</first_name>\n        <last_name>Depper</last_name>\n        <email>pdepperh@patch.com</email>\n        <gender>Male</gender>\n        <job_title>Internal Auditor</job_title>\n        <state>Ohio</state>\n        <city>Akron</city>\n        <consumer>C</consumer>\n    </record>\n    <record>\n        <first_name>Erminie</first_name>\n        <last_name>Bygraves</last_name>\n        <email>ebygravesi@cpanel.net</email>\n        <gender>Female</gender>\n        <job_title>Account Representative II</job_title>\n        <state>Florida</state>\n        <city>Orlando</city>\n        <consumer>B</consumer>\n    </record>\n    <record>\n        <first_name>Moselle</first_name>\n        <last_name>Deamer</last_name>\n        <email>mdeamerj@acquirethisname.com</email>\n        <gender>Female</gender>\n        <job_title>Business Systems Development Analyst</job_title>\n        <state>New York</state>\n        <city>Brooklyn</city>\n        <consumer>C</consumer>\n    </record>\n    <record>\n        <first_name>Libby</first_name>\n        <last_name>Papis</last_name>\n        <email>lpapisk@wikispaces.com</email>\n        <gender>Female</gender>\n        <job_title>Paralegal</job_title>\n        <state>Texas</state>\n        <city>El Paso</city>\n        <consumer>B</consumer>\n    </record>\n    <record>\n        <first_name>Betteanne</first_name>\n        <last_name>Freschini</last_name>\n        <email>bfreschinil@guardian.co.uk</email>\n        <gender>Genderfluid</gender>\n        <job_title>Pharmacist</job_title>\n        <state>Texas</state>\n        <city>San Antonio</city>\n        <consumer>C</consumer>\n    </record>\n    <record>\n        <first_name>Marielle</first_name>\n        <last_name>Golland</last_name>\n        <email>mgollandm@ucoz.com</email>\n        <gender>Female</gender>\n        <job_title>Civil Engineer</job_title>\n        <state>Arizona</state>\n        <city>Phoenix</city>\n        <consumer>C</consumer>\n    </record>\n    <record>\n        <first_name>Gaultiero</first_name>\n        <last_name>Stare</last_name>\n        <email>gstaren@list-manage.com</email>\n        <gender>Genderfluid</gender>\n        <job_title>Assistant Professor</job_title>\n        <state>Virginia</state>\n        <city>Norfolk</city>\n        <consumer>C</consumer>\n    </record>\n    <record>\n        <first_name>Twyla</first_name>\n        <last_name>Simner</last_name>\n        <email>tsimnero@xing.com</email>\n        <gender>Female</gender>\n        <job_title>Senior Financial Analyst</job_title>\n        <state>Texas</state>\n        <city>Lubbock</city>\n        <consumer>C</consumer>\n    </record>\n    <record>\n        <first_name>Maxine</first_name>\n        <last_name>Henningham</last_name>\n        <email>mhenninghamp@list-manage.com</email>\n        <gender>Female</gender>\n        <job_title>Information Systems Manager</job_title>\n        <state>Missouri</state>\n        <city>Springfield</city>\n        <consumer>C</consumer>\n    </record>\n    <record>\n        <first_name>Cristian</first_name>\n        <last_name>Carreck</last_name>\n        <email>ccarreckq@pen.io</email>\n        <gender>Male</gender>\n        <job_title>Operator</job_title>\n        <state>Montana</state>\n        <city>Bozeman</city>\n        <consumer>B</consumer>\n    </record>\n    <record>\n        <first_name>Dollie</first_name>\n        <last_name>Degli Antoni</last_name>\n        <email>ddegliantonir@etsy.com</email>\n        <gender>Genderfluid</gender>\n        <job_title>Operator</job_title>\n        <state>Minnesota</state>\n        <city>Minneapolis</city>\n        <consumer>C</consumer>\n    </record>\n    <record>\n        <first_name>Gregorio</first_name>\n        <last_name>Edlin</last_name>\n        <email>gedlins@github.io</email>\n        <gender>Male</gender>\n        <job_title>Account Representative III</job_title>\n        <state>Indiana</state>\n        <city>Fort Wayne</city>\n        <consumer>B</consumer>\n    </record>\n    <record>\n        <first_name>Kerianne</first_name>\n        <last_name>Lampe</last_name>\n        <email>klampet@thetimes.co.uk</email>\n        <gender>Female</gender>\n        <job_title>Account Executive</job_title>\n        <state>Maryland</state>\n        <city>Gaithersburg</city>\n        <consumer>B</consumer>\n    </record>\n</dataset>",
  "type" : "custom",
  "doc_type" : null,
  "source_type" : "xmlsample",
  "ignore_missing_schemas" : false,
  "has_ref_schemas" : false,
  "flat_file_config" : null,
  "active" : false,
  "is_changed" : false,
  "tag" : "V23",
  "comment" : "Added Decimal Format example",
  "base_tag" : "V22"
}