{
  "document_type_id" : "419dab65-cb51-44de-9094-078e37f037f7",
  "name" : "FruitOut",
  "description" : null,
  "version" : null,
  "business_document_type_id" : null,
  "document_format_id" : "edc154a0-55fc-11e9-8647-d663bd873d93",
  "root_tag" : null,
  "structure" : {
    "type" : "jsonb",
    "value" : "[{\"key\": \"/fruitOut[]\", \"type\": \"array\", \"order\": 1.0, \"title\": \"fruitOut\", \"value\": {\"type\": \"array\", \"requiredFlag\": false}, \"isLeaf\": false, \"children\": [{\"key\": \"/fruitOut[]/name\", \"type\": \"string\", \"order\": 2.0, \"title\": \"name\", \"value\": {\"type\": \"string\", \"requiredFlag\": false}, \"isLeaf\": true, \"childrenSet\": false, \"hasChildren\": false, \"dataElementType\": \"string\", \"encryption_required\": false}, {\"key\": \"/fruitOut[]/inStock[]\", \"type\": \"array\", \"order\": 3.0, \"title\": \"inStock\", \"value\": {\"type\": \"array\", \"requiredFlag\": false}, \"isLeaf\": false, \"children\": [{\"key\": \"/fruitOut[]/inStock[]/name\", \"type\": \"string\", \"order\": 4.0, \"title\": \"name\", \"value\": {\"type\": \"string\", \"requiredFlag\": false}, \"isLeaf\": true, \"childrenSet\": false, \"hasChildren\": false, \"dataElementType\": \"string\", \"encryption_required\": false}, {\"key\": \"/fruitOut[]/inStock[]/color\", \"type\": \"string\", \"order\": 5.0, \"title\": \"color\", \"value\": {\"type\": \"string\", \"requiredFlag\": false}, \"isLeaf\": true, \"childrenSet\": false, \"hasChildren\": false, \"dataElementType\": \"string\", \"encryption_required\": false}], \"childrenSet\": false, \"hasChildren\": false, \"dataElementType\": \"documentArray\", \"encryption_required\": false}, {\"key\": \"/fruitOut[]/outOfStock[]\", \"type\": \"array\", \"order\": 6.0, \"title\": \"outOfStock\", \"value\": {\"type\": \"array\", \"requiredFlag\": false}, \"isLeaf\": false, \"children\": [{\"key\": \"/fruitOut[]/outOfStock[]/name\", \"type\": \"string\", \"order\": 7.0, \"title\": \"name\", \"value\": {\"type\": \"string\", \"requiredFlag\": false}, \"isLeaf\": true, \"childrenSet\": false, \"hasChildren\": false, \"dataElementType\": \"string\", \"encryption_required\": false}, {\"key\": \"/fruitOut[]/outOfStock[]/color\", \"type\": \"string\", \"order\": 8.0, \"title\": \"color\", \"value\": {\"type\": \"string\", \"requiredFlag\": false}, \"isLeaf\": true, \"childrenSet\": false, \"hasChildren\": false, \"dataElementType\": \"string\", \"encryption_required\": false}], \"childrenSet\": false, \"hasChildren\": false, \"dataElementType\": \"documentArray\", \"encryption_required\": false}], \"childrenSet\": false, \"hasChildren\": false, \"dataElementType\": \"documentArray\", \"encryption_required\": false}]",
    "null" : false
  },
  "key_fields" : null,
  "schema" : {
    "type" : "json",
    "value" : "{\"$id\":\"FruitOut\",\"$schema\":\"http://json-schema.org/draft-07/schema#\",\"type\":\"object\",\"properties\":{\"fruitOut\":{\"type\":\"array\",\"title\":\"fruitOut\",\"properties\":{},\"items\":{\"type\":\"object\",\"properties\":{\"name\":{\"type\":\"string\",\"title\":\"name\",\"default\":\"\",\"examples\":[\"Mango\"],\"properties\":{},\"pattern\":\"^(.*)$\"},\"inStock\":{\"type\":\"array\",\"title\":\"inStock\",\"properties\":{},\"items\":{\"type\":\"object\",\"properties\":{\"name\":{\"type\":\"string\",\"title\":\"name\",\"default\":\"\",\"examples\":[\"Ataulfo\"],\"properties\":{},\"pattern\":\"^(.*)$\"},\"color\":{\"type\":\"string\",\"title\":\"color\",\"default\":\"\",\"examples\":[\"Yellow\"],\"properties\":{},\"pattern\":\"^(.*)$\"}}}},\"outOfStock\":{\"type\":\"array\",\"title\":\"outOfStock\",\"properties\":{},\"items\":{\"type\":\"object\",\"properties\":{\"name\":{\"type\":\"string\",\"title\":\"name\",\"default\":\"\",\"examples\":[\"Alphonso\"],\"properties\":{},\"pattern\":\"^(.*)$\"},\"color\":{\"type\":\"string\",\"title\":\"color\",\"default\":\"\",\"examples\":[\"Golden Yellow\"],\"properties\":{},\"pattern\":\"^(.*)$\"}}}}}}}}}",
    "null" : false
  },
  "source_schema" : "{\"fruitOut\":[{\"name\":\"Apple\",\"inStock\":[{\"name\":\"Granny Smith\",\"color\":\"Green\"},{\"name\":\"Fuji\",\"color\":\"Red\"}],\"outOfStock\":[{\"name\":\"Gala\",\"color\":\"Red/Yellow\"}]},{\"name\":\"Banana\",\"inStock\":[{\"name\":\"Cavendish\",\"color\":\"Yellow\"},{\"name\":\"Burro\",\"color\":\"Green/Yellow\"}],\"outOfStock\":[{\"name\":\"Red Banana\",\"color\":\"Red\"}]},{\"name\":\"Orange\",\"inStock\":[{\"name\":\"Navel\",\"color\":\"Orange\"},{\"name\":\"Blood Orange\",\"color\":\"Reddish-Orange\"}],\"outOfStock\":[{\"name\":\"Valencia\",\"color\":\"Orange\"}]},{\"name\":\"Grapes\",\"inStock\":[{\"name\":\"Concord\",\"color\":\"Dark Purple\"},{\"name\":\"Thompson Seedless\",\"color\":\"Green\"}],\"outOfStock\":[{\"name\":\"Moon Drops\",\"color\":\"Dark Purple\"}]},{\"name\":\"Mango\",\"inStock\":[{\"name\":\"Tommy Atkins\",\"color\":\"Red/Green\"},{\"name\":\"Ataulfo\",\"color\":\"Yellow\"}],\"outOfStock\":[{\"name\":\"Alphonso\",\"color\":\"Golden Yellow\"}]}]}",
  "type" : "custom",
  "doc_type" : null,
  "source_type" : "jsonsample",
  "ignore_missing_schemas" : false,
  "has_ref_schemas" : false,
  "flat_file_config" : null,
  "active" : false,
  "is_changed" : false,
  "tag" : "V23",
  "comment" : "Added Decimal Format example",
  "base_tag" : "V22"
}