{
  "id" : "94afffa5-622e-4445-9e23-5019119fbd0b",
  "name" : "GettingStarted",
  "createdOn" : "2025-04-03T19:35:17.934",
  "modifiedOn" : "2025-05-28T01:25:46.778",
  "createdBy" : "fbe89da3-e0bb-4982-bd59-d46f52883257",
  "modifiedBy" : "fbe89da3-e0bb-4982-bd59-d46f52883257",
  "projectDescription" : "GettingStarted",
  "active" : false,
  "tag" : "V13",
  "comment" : "Removed unnecessary dependency",
  "baseTag" : "V12",
  "modeId" : "112c1cb8-4b9e-4d1a-a042-0bd031dc7d05",
  "deployedOn" : null,
  "details" : null,
  "projectType" : "Fusion"
}