{
  "component_config_id" : "1a8887d6-d1fa-4fd3-b4de-5f0ed33e5baf",
  "endpoint_config_json" : {
    "type" : "jsonb",
    "value" : "{\"crossRef\": [], \"services\": [], \"multistep\": [], \"operations\": []}",
    "null" : false
  },
  "input_config_json" : {
    "type" : "jsonb",
    "value" : "{\"crossRef\": [], \"services\": [], \"multistep\": [], \"operations\": []}",
    "null" : false
  },
  "output_config_json" : {
    "type" : "jsonb",
    "value" : "{\"crossRef\": [], \"services\": [], \"multistep\": [], \"operations\": [{\"transformer\": {\"id\": \"b20c53b2-bd9c-4eeb-b276-d22b9c40e498\", \"name\": \"MATH_INCREMENT_INTS\", \"type\": \"Math\", \"query\": null, \"inputs\": [{\"id\": \"6ccd81cc-9cd9-4e3c-82bb-06b38390e24f\", \"root\": false, \"type\": \"map\", \"cached\": false, \"source\": \"/counter\", \"target\": \"/MATH_INCREMENT_INTS_INPUT/num\", \"mapNull\": false, \"disabled\": false, \"extractXml\": false, \"extractJson\": false, \"mapEmptyString\": false, \"sourceJavaType\": \"java.lang.Integer\", \"targetJavaType\": \"java.lang.Integer\"}, {\"id\": \"7e2e46ad-d989-4321-a39b-f80c19280976\", \"root\": false, \"type\": \"setValue\", \"cached\": false, \"target\": \"/MATH_INCREMENT_INTS_INPUT/incrementBy\", \"mapNull\": false, \"disabled\": false, \"extractXml\": false, \"extractJson\": false, \"targetValue\": \"1\", \"mapEmptyString\": false, \"targetJavaType\": \"java.lang.Integer\", \"variableSubstitution\": false}], \"outputs\": [{\"id\": \"9e6aa433-564a-4316-b3d3-89449d3dc441\", \"root\": false, \"type\": \"map\", \"cached\": true, \"source\": \"/MATH_INCREMENT_INTS_OUTPUT/output\", \"target\": \"/CountDS\", \"mapNull\": false, \"disabled\": false, \"cachedKey\": \"CountDS_421b019d-0816-494e-a201-c22f43eadf97\", \"extractXml\": false, \"extractJson\": false, \"targetOrder\": 1.0, \"mapEmptyString\": false, \"sourceJavaType\": \"java.lang.Integer\", \"targetJavaType\": \"java.lang.Integer\"}], \"tableId\": null, \"configId\": null, \"disabled\": false, \"serviceId\": null, \"expression\": null}}]}",
    "null" : false
  },
  "component_id" : "8ac5fe03-27a2-4e6a-a449-6a8893818223",
  "service_id" : "3583c287-2407-4c6a-9203-4c48644ac111",
  "endpoint_id" : null,
  "parent_component_config_id" : "843c0a1b-ecc3-413b-b378-de113d77fd70",
  "component_config_order" : 2.0,
  "action_id" : "06843b78-eab0-45da-afab-8c8277d7553f",
  "name" : null,
  "description" : "",
  "override_endpoint" : false,
  "input_structure_json" : {
    "type" : "jsonb",
    "value" : "{\"maps\": [], \"mappedNodes\": [\"/counter pipeIn\", \"/MATH_INCREMENT_INTS_INPUT/num0\", \"/MATH_INCREMENT_INTS_INPUT/incrementBy\", \"/MATH_INCREMENT_INTS_INPUT\", \"/MATH_INCREMENT_INTS_OUTPUT/output0\", \"/CountDSpipeOut\"]}",
    "null" : false
  },
  "output_structure_json" : {
    "type" : "jsonb",
    "value" : "{\"maps\": [], \"tracks\": {}, \"transformer\": [{\"inputs\": {\"/MATH_INCREMENT_INTS_INPUT/num\": [{\"type\": \"map\", \"source\": {\"path\": \"/counter\", \"title\": \"counter\", \"dataElementType\": \"integer\"}, \"target\": {\"path\": \"/MATH_INCREMENT_INTS_INPUT/num\", \"title\": \"num\", \"dataElementType\": \"integer\"}, \"mapCondition\": {\"isConditionSet\": false, \"sourceTreeIndex\": [], \"targetTreeIndex\": [], \"mapConditionFormValue\": {}}}], \"/MATH_INCREMENT_INTS_INPUT/incrementBy\": [{\"type\": \"setValue\", \"target\": {\"path\": \"/MATH_INCREMENT_INTS_INPUT/incrementBy\", \"order\": \"\", \"title\": \"incrementBy\", \"dataElementType\": \"integer\"}, \"values\": [{\"id\": \"9b4aa418-6fd0-4f47-b3c5-604dfe4f7a62\", \"key\": \"/MATH_INCREMENT_INTS_INPUT/incrementBy\", \"type\": \"integer\", \"title\": \"incrementBy\", \"isLeaf\": true, \"secret\": false, \"children\": [], \"setValue\": null, \"uiElement\": \"1\", \"isSetValue\": false, \"dataElementType\": \"integer\"}], \"mapCondition\": {\"isConditionSet\": false, \"sourceTreeIndex\": [], \"targetTreeIndex\": [], \"mapConditionFormValue\": {}}, \"variableSubstitution\": false, \"overwritePipelineValue\": false}]}, \"outputs\": {\"/CountDS\": [{\"type\": \"map\", \"source\": {\"path\": \"/MATH_INCREMENT_INTS_OUTPUT/output\", \"title\": \"output\", \"dataElementType\": \"integer\"}, \"target\": {\"path\": \"/CountDS\", \"order\": 1, \"title\": \"CountDS\", \"dataElementType\": \"integer\"}, \"isCached\": true, \"cachedKey\": \"CountDS_421b019d-0816-494e-a201-c22f43eadf97\", \"mapCondition\": {\"isConditionSet\": false, \"sourceTreeIndex\": [], \"targetTreeIndex\": [], \"mapConditionFormValue\": {}}}]}, \"functionInfo\": {\"id\": \"35f3dfde-192c-48ac-b29a-1d5e84a9b16b\", \"name\": \"IncrementInts\", \"category\": {\"id\": \"18db0fe2-347a-4bac-8a2d-41403773c028\"}, \"internalName\": \"MATH_INCREMENT_INTS\"}}]}",
    "null" : false
  },
  "endpoint_structure_json" : {
    "type" : "jsonb",
    "value" : "{\"maps\": []}",
    "null" : false
  },
  "is_error" : false,
  "no_of_errors" : 0,
  "action_input_type" : null,
  "config_service_id" : null,
  "config_imap_id" : null,
  "config_b2b_document_type_id" : null,
  "config_document_id" : null,
  "add_variables" : {
    "type" : "jsonb",
    "value" : "[]",
    "null" : false
  },
  "drop_variables" : {
    "type" : "jsonb",
    "value" : "[]",
    "null" : false
  },
  "plug_input_structure" : null,
  "plug_output_structure" : null,
  "config_plug_id" : null,
  "override_plug" : false,
  "config_java_service_id" : null,
  "service_tag" : "V18",
  "endpoint_tag" : null,
  "config_service_tag" : "",
  "config_imap_tag" : "",
  "config_b2b_document_type_tag" : "",
  "active" : false,
  "parent_component_config_service_tag" : "V18",
  "service_project_id" : "94afffa5-622e-4445-9e23-5019119fbd0b",
  "service_project_tag" : "V18",
  "config_service_project_id" : null,
  "config_service_project_tag" : "",
  "config_imap_project_id" : null,
  "config_imap_project_tag" : "",
  "config_b2b_document_type_project_id" : null,
  "config_b2b_document_type_project_tag" : "",
  "endpoint_project_id" : null,
  "endpoint_project_tag" : null,
  "config_plug_tag" : null,
  "config_plug_project_id" : null,
  "config_plug_project_tag" : null,
  "config_java_service_tag" : "",
  "config_java_service_project_id" : null,
  "config_java_service_project_tag" : "",
  "disabled" : false,
  "config" : null,
  "config_b2b_document_type_project_mode_id" : "112c1cb8-4b9e-4d1a-a042-0bd031dc7d05",
  "config_imap_project_mode_id" : "112c1cb8-4b9e-4d1a-a042-0bd031dc7d05",
  "config_java_service_project_mode_id" : "112c1cb8-4b9e-4d1a-a042-0bd031dc7d05",
  "config_plug_project_mode_id" : "112c1cb8-4b9e-4d1a-a042-0bd031dc7d05",
  "config_service_project_mode_id" : "112c1cb8-4b9e-4d1a-a042-0bd031dc7d05",
  "endpoint_project_mode_id" : "112c1cb8-4b9e-4d1a-a042-0bd031dc7d05",
  "service_project_mode_id" : "112c1cb8-4b9e-4d1a-a042-0bd031dc7d05",
  "parent_component_config_service_project_mode_id" : "112c1cb8-4b9e-4d1a-a042-0bd031dc7d05",
  "is_audit" : true,
  "keys_with_order" : null
}