{
  "component_config_id" : "2a88dacb-d7dc-4c60-bf8e-d6624ec918f0",
  "endpoint_config_json" : {
    "type" : "jsonb",
    "value" : "{\"crossRef\": [], \"services\": [], \"multistep\": [], \"operations\": []}",
    "null" : false
  },
  "input_config_json" : {
    "type" : "jsonb",
    "value" : "{\"crossRef\": [], \"services\": [], \"multistep\": [], \"operations\": []}",
    "null" : false
  },
  "output_config_json" : {
    "type" : "jsonb",
    "value" : "{\"crossRef\": [], \"services\": [], \"multistep\": [], \"operations\": [{\"transformer\": {\"id\": \"27d5f10f-a34b-47bb-98e3-9ee276eaeb10\", \"name\": \"ADVANCED_FILTER\", \"type\": \"Advanced\", \"query\": null, \"inputs\": [{\"id\": \"2570d7bf-6a62-4741-bb24-e75b8aed9279\", \"root\": true, \"type\": \"list\", \"cached\": false, \"source\": \"/contactcsv/delimitedRecords[]\", \"target\": \"/ADVANCED_FILTER_INPUT/docList[]\", \"mapNull\": false, \"disabled\": false, \"extractXml\": false, \"extractJson\": false, \"mapEmptyString\": false}, {\"id\": \"de8f7a60-6a0d-4117-973a-9e808a3ba531\", \"root\": false, \"type\": \"map\", \"cached\": false, \"filter\": \"%{/contactcsv/delimitedRecords[]/consumer}% == \\\"A\\\" || %{/contactcsv/delimitedRecords[]/consumer}% == \\\"a\\\" \", \"mapNull\": false, \"disabled\": false, \"extractXml\": false, \"extractJson\": false, \"mapEmptyString\": false}], \"outputs\": [{\"id\": \"fd96cb8a-7c5d-4f4b-85d9-9ccdd641debb\", \"root\": true, \"type\": \"list\", \"cached\": false, \"source\": \"/ADVANCED_FILTER_OUTPUT/filteredList[]\", \"target\": \"/AList[]\", \"mapNull\": false, \"disabled\": false, \"extractXml\": false, \"extractJson\": false, \"targetOrder\": 1.0, \"mapEmptyString\": false}, {\"id\": \"8a63f680-a1c3-44a1-957b-910770d5edc9\", \"root\": true, \"type\": \"list\", \"cached\": false, \"source\": \"/ADVANCED_FILTER_OUTPUT/unfilteredList[]\", \"target\": \"/RestList[]\", \"mapNull\": false, \"disabled\": false, \"extractXml\": false, \"extractJson\": false, \"targetOrder\": 1.0, \"mapEmptyString\": false}], \"tableId\": null, \"configId\": null, \"disabled\": false, \"serviceId\": null, \"expression\": null}}]}",
    "null" : false
  },
  "component_id" : "8ac5fe03-27a2-4e6a-a449-6a8893818223",
  "service_id" : "230d12c4-4148-4ca7-aa9f-44f7e937c127",
  "endpoint_id" : null,
  "parent_component_config_id" : null,
  "component_config_order" : 3.0,
  "action_id" : "06843b78-eab0-45da-afab-8c8277d7553f",
  "name" : "",
  "description" : "",
  "override_endpoint" : false,
  "input_structure_json" : {
    "type" : "jsonb",
    "value" : "{\"maps\": [], \"mappedNodes\": [\"/contactcsv/delimitedRecords[] pipeIn\", \"/ADVANCED_FILTER_INPUT/docList[]0\", \"/ADVANCED_FILTER_OUTPUT/filteredList[]0\", \"/AList[]pipeOut\", \"/ADVANCED_FILTER_OUTPUT/unfilteredList[]0\", \"/RestList[]pipeOut\"]}",
    "null" : false
  },
  "output_structure_json" : {
    "type" : "jsonb",
    "value" : "{\"maps\": [], \"tracks\": {}, \"transformer\": [{\"inputs\": {\"/ADVANCED_FILTER_INPUT/config\": [{\"filterConditionFormValue\": {\"fields\": [{\"id\": 1, \"path\": \"%{/contactcsv/delimitedRecords[]/consumer}%\", \"field\": \"/contactcsv/delimitedRecords[]/consumer\", \"value\": \"A\", \"isGroup\": false, \"children\": null, \"operator\": \"==\", \"operation\": \"||\", \"isTreeChecked\": \"\", \"dataElementType\": \"string\"}, {\"id\": 2, \"path\": \"%{/contactcsv/delimitedRecords[]/consumer}%\", \"field\": \"/contactcsv/delimitedRecords[]/consumer\", \"value\": \"a\", \"isGroup\": false, \"children\": null, \"operator\": \"==\", \"operation\": \"&&\", \"isTreeChecked\": false, \"dataElementType\": \"string\"}]}}], \"/ADVANCED_FILTER_INPUT/docList[]\": [{\"type\": \"list\", \"source\": {\"path\": \"/contactcsv/delimitedRecords[]\", \"title\": \"delimitedRecords\", \"dataElementType\": \"documentArray\"}, \"target\": {\"path\": \"/ADVANCED_FILTER_INPUT/docList[]\", \"title\": \"docList\", \"dataElementType\": \"documentArray\"}, \"mapCondition\": {\"isConditionSet\": false, \"sourceTreeIndex\": [{\"key\": 1, \"title\": \"contactcsv\", \"isLeaf\": false, \"isArray\": false, \"children\": [{\"key\": 2, \"title\": \"delimitedRecords[]\", \"isLeaf\": false, \"isArray\": true, \"parentKey\": 1, \"arrayIndex\": null}], \"parentKey\": 0}], \"targetTreeIndex\": [{\"key\": 1, \"title\": \"ADVANCED_FILTER_INPUT\", \"isLeaf\": false, \"isArray\": false, \"children\": [{\"key\": 2, \"title\": \"docList\", \"isLeaf\": false, \"isArray\": true, \"parentKey\": 1, \"arrayIndex\": null}], \"parentKey\": 0}], \"mapConditionFormValue\": {}}}]}, \"outputs\": {\"/AList[]\": [{\"type\": \"list\", \"source\": {\"path\": \"/ADVANCED_FILTER_OUTPUT/filteredList[]\", \"title\": \"filteredList\", \"dataElementType\": \"documentArray\"}, \"target\": {\"path\": \"/AList[]\", \"order\": 1, \"title\": \"AList\", \"dataElementType\": \"documentArray\"}, \"mapCondition\": {\"isConditionSet\": false, \"sourceTreeIndex\": [{\"key\": 1, \"title\": \"ADVANCED_FILTER_OUTPUT\", \"isLeaf\": false, \"isArray\": false, \"children\": [{\"key\": 2, \"title\": \"filteredList\", \"isLeaf\": false, \"isArray\": true, \"parentKey\": 1, \"arrayIndex\": null}], \"parentKey\": 0}], \"targetTreeIndex\": [{\"key\": 1, \"title\": \"AList[]\", \"isLeaf\": false, \"isArray\": true, \"parentKey\": 0, \"arrayIndex\": null}], \"mapConditionFormValue\": {}}}], \"/RestList[]\": [{\"type\": \"list\", \"source\": {\"path\": \"/ADVANCED_FILTER_OUTPUT/unfilteredList[]\", \"title\": \"unfilteredList\", \"dataElementType\": \"documentArray\"}, \"target\": {\"path\": \"/RestList[]\", \"order\": 1, \"title\": \"RestList\", \"dataElementType\": \"documentArray\"}, \"mapCondition\": {\"isConditionSet\": false, \"sourceTreeIndex\": [{\"key\": 1, \"title\": \"ADVANCED_FILTER_OUTPUT\", \"isLeaf\": false, \"isArray\": false, \"children\": [{\"key\": 2, \"title\": \"unfilteredList\", \"isLeaf\": false, \"isArray\": true, \"parentKey\": 1, \"arrayIndex\": null}], \"parentKey\": 0}], \"targetTreeIndex\": [{\"key\": 1, \"title\": \"RestList[]\", \"isLeaf\": false, \"isArray\": true, \"parentKey\": 0, \"arrayIndex\": null}], \"mapConditionFormValue\": {}}}]}, \"functionInfo\": {\"id\": \"d33cad1a-1590-4cf5-80be-c1d34b7ffefb\", \"name\": \"Filter\", \"category\": {\"id\": \"abba5eaf-7353-4234-b15f-ef0841af9872\"}, \"internalName\": \"ADVANCED_FILTER\"}}]}",
    "null" : false
  },
  "endpoint_structure_json" : {
    "type" : "jsonb",
    "value" : "{\"maps\": []}",
    "null" : false
  },
  "is_error" : false,
  "no_of_errors" : 0,
  "action_input_type" : null,
  "config_service_id" : null,
  "config_imap_id" : null,
  "config_b2b_document_type_id" : null,
  "config_document_id" : null,
  "add_variables" : {
    "type" : "jsonb",
    "value" : "[{\"id\": \"f5abc3b8-481c-4b76-ae42-47c405fbd9e1\", \"key\": \"/AList[]\", \"type\": \"node\", \"order\": 1, \"title\": \"AList\", \"value\": {\"type\": \"array\"}, \"children\": [{\"id\": \"d3aaf122-0c52-4393-958f-ac69ad8f89f8\", \"key\": \"/AList[]/firstname\", \"type\": \"string\", \"order\": 2, \"title\": \"firstname\", \"value\": {\"type\": \"string\", \"requiredFlag\": true}, \"isLeaf\": true, \"childrenSet\": false, \"hasChildren\": false, \"dataElementType\": \"string\", \"componentConfigId\": \"2a88dacb-d7dc-4c60-bf8e-d6624ec918f0\", \"componentConfigName\": \"Map\", \"encryption_required\": false}, {\"id\": \"a0a46096-1964-4c23-850c-e5272958f259\", \"key\": \"/AList[]/lastname\", \"type\": \"string\", \"order\": 3, \"title\": \"lastname\", \"value\": {\"type\": \"string\", \"requiredFlag\": true}, \"isLeaf\": true, \"childrenSet\": false, \"hasChildren\": false, \"dataElementType\": \"string\", \"componentConfigId\": \"2a88dacb-d7dc-4c60-bf8e-d6624ec918f0\", \"componentConfigName\": \"Map\", \"encryption_required\": false}, {\"id\": \"34b30d43-0f45-41ff-af3c-97eff894c9c2\", \"key\": \"/AList[]/email\", \"type\": \"string\", \"order\": 4, \"title\": \"email\", \"value\": {\"type\": \"string\", \"requiredFlag\": true}, \"isLeaf\": true, \"childrenSet\": false, \"hasChildren\": false, \"dataElementType\": \"string\", \"componentConfigId\": \"2a88dacb-d7dc-4c60-bf8e-d6624ec918f0\", \"componentConfigName\": \"Map\", \"encryption_required\": false}, {\"id\": \"7e27801d-f946-4703-a45d-845f8f89c2a0\", \"key\": \"/AList[]/gender\", \"type\": \"string\", \"order\": 5, \"title\": \"gender\", \"value\": {\"type\": \"string\", \"requiredFlag\": true}, \"isLeaf\": true, \"childrenSet\": false, \"hasChildren\": false, \"dataElementType\": \"string\", \"componentConfigId\": \"2a88dacb-d7dc-4c60-bf8e-d6624ec918f0\", \"componentConfigName\": \"Map\", \"encryption_required\": false}, {\"id\": \"e693ef07-dc64-48e3-a78b-555e1637d48d\", \"key\": \"/AList[]/jobtitle\", \"type\": \"string\", \"order\": 6, \"title\": \"jobtitle\", \"value\": {\"type\": \"string\", \"requiredFlag\": true}, \"isLeaf\": true, \"childrenSet\": false, \"hasChildren\": false, \"dataElementType\": \"string\", \"componentConfigId\": \"2a88dacb-d7dc-4c60-bf8e-d6624ec918f0\", \"componentConfigName\": \"Map\", \"encryption_required\": false}, {\"id\": \"5ecfa29e-6c65-4242-95bd-32a29e7dd7fa\", \"key\": \"/AList[]/state\", \"type\": \"string\", \"order\": 7, \"title\": \"state\", \"value\": {\"type\": \"string\", \"requiredFlag\": true}, \"isLeaf\": true, \"childrenSet\": false, \"hasChildren\": false, \"dataElementType\": \"string\", \"componentConfigId\": \"2a88dacb-d7dc-4c60-bf8e-d6624ec918f0\", \"componentConfigName\": \"Map\", \"encryption_required\": false}, {\"id\": \"4506e99e-52e6-4a8c-883f-e9f1624b09e6\", \"key\": \"/AList[]/city\", \"type\": \"string\", \"order\": 8, \"title\": \"city\", \"value\": {\"type\": \"string\", \"requiredFlag\": true}, \"isLeaf\": true, \"childrenSet\": false, \"hasChildren\": false, \"dataElementType\": \"string\", \"componentConfigId\": \"2a88dacb-d7dc-4c60-bf8e-d6624ec918f0\", \"componentConfigName\": \"Map\", \"encryption_required\": false}, {\"id\": \"fea3d874-fb74-4e1f-9440-458f8aa01515\", \"key\": \"/AList[]/consumer\", \"type\": \"string\", \"order\": 9, \"title\": \"consumer\", \"value\": {\"type\": \"string\", \"requiredFlag\": true}, \"isLeaf\": true, \"childrenSet\": false, \"hasChildren\": false, \"dataElementType\": \"string\", \"componentConfigId\": \"2a88dacb-d7dc-4c60-bf8e-d6624ec918f0\", \"componentConfigName\": \"Map\", \"encryption_required\": false}], \"editAllow\": true, \"componentName\": \"\", \"dataElementType\": \"documentArray\", \"componentConfigId\": \"2a88dacb-d7dc-4c60-bf8e-d6624ec918f0\", \"componentConfigName\": \"Map\"}, {\"id\": \"f5abc3b8-481c-4b76-ae42-47c405fbd9e1\", \"key\": \"/RestList[]\", \"type\": \"node\", \"order\": 1, \"title\": \"RestList\", \"value\": {\"type\": \"array\"}, \"children\": [{\"id\": \"f1d14823-6ed5-4693-8452-e45a83f23521\", \"key\": \"/RestList[]/firstname\", \"type\": \"string\", \"order\": 2, \"title\": \"firstname\", \"value\": {\"type\": \"string\", \"requiredFlag\": true}, \"isLeaf\": true, \"childrenSet\": false, \"hasChildren\": false, \"dataElementType\": \"string\", \"componentConfigId\": \"2a88dacb-d7dc-4c60-bf8e-d6624ec918f0\", \"componentConfigName\": \"Map\", \"encryption_required\": false}, {\"id\": \"570db78d-e15c-47c3-90c1-5760dd1f1da6\", \"key\": \"/RestList[]/lastname\", \"type\": \"string\", \"order\": 3, \"title\": \"lastname\", \"value\": {\"type\": \"string\", \"requiredFlag\": true}, \"isLeaf\": true, \"childrenSet\": false, \"hasChildren\": false, \"dataElementType\": \"string\", \"componentConfigId\": \"2a88dacb-d7dc-4c60-bf8e-d6624ec918f0\", \"componentConfigName\": \"Map\", \"encryption_required\": false}, {\"id\": \"d5a79f5e-4395-4051-9b13-de05a7c0d7a5\", \"key\": \"/RestList[]/email\", \"type\": \"string\", \"order\": 4, \"title\": \"email\", \"value\": {\"type\": \"string\", \"requiredFlag\": true}, \"isLeaf\": true, \"childrenSet\": false, \"hasChildren\": false, \"dataElementType\": \"string\", \"componentConfigId\": \"2a88dacb-d7dc-4c60-bf8e-d6624ec918f0\", \"componentConfigName\": \"Map\", \"encryption_required\": false}, {\"id\": \"8cccda25-84df-4920-8b3a-7760a85bfb10\", \"key\": \"/RestList[]/gender\", \"type\": \"string\", \"order\": 5, \"title\": \"gender\", \"value\": {\"type\": \"string\", \"requiredFlag\": true}, \"isLeaf\": true, \"childrenSet\": false, \"hasChildren\": false, \"dataElementType\": \"string\", \"componentConfigId\": \"2a88dacb-d7dc-4c60-bf8e-d6624ec918f0\", \"componentConfigName\": \"Map\", \"encryption_required\": false}, {\"id\": \"d25d6399-945f-443e-839e-1f38a1719afe\", \"key\": \"/RestList[]/jobtitle\", \"type\": \"string\", \"order\": 6, \"title\": \"jobtitle\", \"value\": {\"type\": \"string\", \"requiredFlag\": true}, \"isLeaf\": true, \"childrenSet\": false, \"hasChildren\": false, \"dataElementType\": \"string\", \"componentConfigId\": \"2a88dacb-d7dc-4c60-bf8e-d6624ec918f0\", \"componentConfigName\": \"Map\", \"encryption_required\": false}, {\"id\": \"e9de7723-87b5-48fd-9b2c-95540d184327\", \"key\": \"/RestList[]/state\", \"type\": \"string\", \"order\": 7, \"title\": \"state\", \"value\": {\"type\": \"string\", \"requiredFlag\": true}, \"isLeaf\": true, \"childrenSet\": false, \"hasChildren\": false, \"dataElementType\": \"string\", \"componentConfigId\": \"2a88dacb-d7dc-4c60-bf8e-d6624ec918f0\", \"componentConfigName\": \"Map\", \"encryption_required\": false}, {\"id\": \"41ac1bbb-5e06-43ee-a79a-570012db968f\", \"key\": \"/RestList[]/city\", \"type\": \"string\", \"order\": 8, \"title\": \"city\", \"value\": {\"type\": \"string\", \"requiredFlag\": true}, \"isLeaf\": true, \"childrenSet\": false, \"hasChildren\": false, \"dataElementType\": \"string\", \"componentConfigId\": \"2a88dacb-d7dc-4c60-bf8e-d6624ec918f0\", \"componentConfigName\": \"Map\", \"encryption_required\": false}, {\"id\": \"2fc28364-2a7e-446a-b78f-f947e6b65035\", \"key\": \"/RestList[]/consumer\", \"type\": \"string\", \"order\": 9, \"title\": \"consumer\", \"value\": {\"type\": \"string\", \"requiredFlag\": true}, \"isLeaf\": true, \"childrenSet\": false, \"hasChildren\": false, \"dataElementType\": \"string\", \"componentConfigId\": \"2a88dacb-d7dc-4c60-bf8e-d6624ec918f0\", \"componentConfigName\": \"Map\", \"encryption_required\": false}], \"editAllow\": true, \"componentName\": \"\", \"dataElementType\": \"documentArray\", \"componentConfigId\": \"2a88dacb-d7dc-4c60-bf8e-d6624ec918f0\", \"componentConfigName\": \"Map\"}]",
    "null" : false
  },
  "drop_variables" : {
    "type" : "jsonb",
    "value" : "[]",
    "null" : false
  },
  "plug_input_structure" : null,
  "plug_output_structure" : null,
  "config_plug_id" : null,
  "override_plug" : false,
  "config_java_service_id" : null,
  "service_tag" : "V18",
  "endpoint_tag" : null,
  "config_service_tag" : "",
  "config_imap_tag" : "",
  "config_b2b_document_type_tag" : "",
  "active" : false,
  "parent_component_config_service_tag" : "V18",
  "service_project_id" : "94afffa5-622e-4445-9e23-5019119fbd0b",
  "service_project_tag" : "V18",
  "config_service_project_id" : null,
  "config_service_project_tag" : "",
  "config_imap_project_id" : null,
  "config_imap_project_tag" : "",
  "config_b2b_document_type_project_id" : null,
  "config_b2b_document_type_project_tag" : "",
  "endpoint_project_id" : null,
  "endpoint_project_tag" : null,
  "config_plug_tag" : null,
  "config_plug_project_id" : null,
  "config_plug_project_tag" : null,
  "config_java_service_tag" : "",
  "config_java_service_project_id" : null,
  "config_java_service_project_tag" : "",
  "disabled" : false,
  "config" : null,
  "config_b2b_document_type_project_mode_id" : "112c1cb8-4b9e-4d1a-a042-0bd031dc7d05",
  "config_imap_project_mode_id" : "112c1cb8-4b9e-4d1a-a042-0bd031dc7d05",
  "config_java_service_project_mode_id" : "112c1cb8-4b9e-4d1a-a042-0bd031dc7d05",
  "config_plug_project_mode_id" : "112c1cb8-4b9e-4d1a-a042-0bd031dc7d05",
  "config_service_project_mode_id" : "112c1cb8-4b9e-4d1a-a042-0bd031dc7d05",
  "endpoint_project_mode_id" : "112c1cb8-4b9e-4d1a-a042-0bd031dc7d05",
  "service_project_mode_id" : "112c1cb8-4b9e-4d1a-a042-0bd031dc7d05",
  "parent_component_config_service_project_mode_id" : "112c1cb8-4b9e-4d1a-a042-0bd031dc7d05",
  "is_audit" : true,
  "keys_with_order" : null
}