{
  "component_config_id" : "3e78275f-7445-47ca-8da9-62392cb5660c",
  "endpoint_config_json" : {
    "type" : "jsonb",
    "value" : "{\"crossRef\": [], \"services\": [], \"multistep\": [], \"operations\": []}",
    "null" : false
  },
  "input_config_json" : {
    "type" : "jsonb",
    "value" : "{\"crossRef\": [], \"services\": [], \"multistep\": [], \"operations\": []}",
    "null" : false
  },
  "output_config_json" : {
    "type" : "jsonb",
    "value" : "{\"crossRef\": [], \"services\": [], \"multistep\": [], \"operations\": [{\"map\": {\"id\": \"30fd060c-8a40-4ae8-a8f4-4744c3df551b\", \"root\": true, \"type\": \"map\", \"cached\": false, \"source\": \"/AmazonS3GetAllBucketsOutput\", \"target\": \"/AmazonS3GetAllBucketsOutput\", \"mapNull\": false, \"disabled\": false, \"extractXml\": false, \"extractJson\": false, \"mapEmptyString\": false}}]}",
    "null" : false
  },
  "component_id" : "e91d1785-bfa5-473b-a37f-be1745a4484d",
  "service_id" : "b2f5dc7a-bfde-40af-9ca8-461c2e2483c8",
  "endpoint_id" : "56229130-8881-417d-8bda-3dcef070b454",
  "parent_component_config_id" : null,
  "component_config_order" : 2.0,
  "action_id" : "b7e20ce2-c648-4ac2-9bbd-004d4e109fd3",
  "name" : null,
  "description" : "",
  "override_endpoint" : false,
  "input_structure_json" : {
    "type" : "jsonb",
    "value" : "{\"maps\": [], \"mappedNodes\": [\"/AmazonS3GetAllBucketsOutput\", \"/AmazonS3GetAllBucketsOutputpipeOut\"]}",
    "null" : false
  },
  "output_structure_json" : {
    "type" : "jsonb",
    "value" : "{\"maps\": [{\"/AmazonS3GetAllBucketsOutput\": [{\"type\": \"map\", \"source\": {\"path\": \"/AmazonS3GetAllBucketsOutput\", \"title\": \"AmazonS3GetAllBucketsOutput\", \"dataElementType\": \"document\"}, \"target\": {\"path\": \"/AmazonS3GetAllBucketsOutput\", \"alias\": null, \"order\": null, \"title\": \"AmazonS3GetAllBucketsOutput\", \"dataElementType\": \"document\"}, \"mapCondition\": {\"mapNull\": null, \"defaultValue\": null, \"isConditionSet\": false, \"mapEmptyString\": null, \"sourceTreeIndex\": [], \"targetTreeIndex\": [], \"mapConditionFormValue\": {\"fields\": null}}}]}], \"tracks\": {}, \"transformer\": []}",
    "null" : false
  },
  "endpoint_structure_json" : {
    "type" : "jsonb",
    "value" : "{\"maps\": []}",
    "null" : false
  },
  "is_error" : false,
  "no_of_errors" : 0,
  "action_input_type" : null,
  "config_service_id" : null,
  "config_imap_id" : null,
  "config_b2b_document_type_id" : null,
  "config_document_id" : null,
  "add_variables" : {
    "type" : "jsonb",
    "value" : "[]",
    "null" : false
  },
  "drop_variables" : {
    "type" : "jsonb",
    "value" : "[]",
    "null" : false
  },
  "plug_input_structure" : null,
  "plug_output_structure" : null,
  "config_plug_id" : null,
  "override_plug" : false,
  "config_java_service_id" : null,
  "service_tag" : "V18",
  "endpoint_tag" : "EMPTY",
  "config_service_tag" : "",
  "config_imap_tag" : "",
  "config_b2b_document_type_tag" : "",
  "active" : false,
  "parent_component_config_service_tag" : "V18",
  "service_project_id" : "94afffa5-622e-4445-9e23-5019119fbd0b",
  "service_project_tag" : "V18",
  "config_service_project_id" : null,
  "config_service_project_tag" : "",
  "config_imap_project_id" : null,
  "config_imap_project_tag" : "",
  "config_b2b_document_type_project_id" : null,
  "config_b2b_document_type_project_tag" : "",
  "endpoint_project_id" : "94afffa5-622e-4445-9e23-5019119fbd0b",
  "endpoint_project_tag" : "EMPTY",
  "config_plug_tag" : null,
  "config_plug_project_id" : null,
  "config_plug_project_tag" : null,
  "config_java_service_tag" : "",
  "config_java_service_project_id" : null,
  "config_java_service_project_tag" : "",
  "disabled" : false,
  "config" : null,
  "config_b2b_document_type_project_mode_id" : "112c1cb8-4b9e-4d1a-a042-0bd031dc7d05",
  "config_imap_project_mode_id" : "112c1cb8-4b9e-4d1a-a042-0bd031dc7d05",
  "config_java_service_project_mode_id" : "112c1cb8-4b9e-4d1a-a042-0bd031dc7d05",
  "config_plug_project_mode_id" : "112c1cb8-4b9e-4d1a-a042-0bd031dc7d05",
  "config_service_project_mode_id" : "112c1cb8-4b9e-4d1a-a042-0bd031dc7d05",
  "endpoint_project_mode_id" : "112c1cb8-4b9e-4d1a-a042-0bd031dc7d05",
  "service_project_mode_id" : "112c1cb8-4b9e-4d1a-a042-0bd031dc7d05",
  "parent_component_config_service_project_mode_id" : "112c1cb8-4b9e-4d1a-a042-0bd031dc7d05",
  "is_audit" : true,
  "keys_with_order" : null
}