{
  "component_config_id" : "559937c5-774c-4ce0-b2f2-42a09798c6b2",
  "endpoint_config_json" : {
    "type" : "jsonb",
    "value" : "{\"crossRef\": [], \"services\": [], \"multistep\": [], \"operations\": []}",
    "null" : false
  },
  "input_config_json" : {
    "type" : "jsonb",
    "value" : "{\"crossRef\": [], \"services\": [], \"multistep\": [], \"operations\": [{\"map\": {\"id\": \"ac9d61fd-a6fc-4eb3-ab97-a4cae2c1943d\", \"root\": false, \"type\": \"map\", \"cached\": false, \"source\": \"/symbolUC\", \"target\": \"/queryParams/symbol\", \"mapNull\": false, \"disabled\": false, \"extractXml\": false, \"extractJson\": false, \"mapEmptyString\": false, \"sourceJavaType\": \"java.lang.String\", \"targetJavaType\": \"java.lang.String\"}}]}",
    "null" : false
  },
  "output_config_json" : {
    "type" : "jsonb",
    "value" : "{\"crossRef\": [], \"services\": [], \"multistep\": [], \"operations\": [{\"map\": {\"id\": \"b28b52af-ba2c-4b3f-be8b-279b3ccb1ebf\", \"root\": true, \"type\": \"map\", \"cached\": false, \"source\": \"/quoteOutput\", \"target\": \"/quoteOutput\", \"mapNull\": false, \"disabled\": false, \"extractXml\": false, \"extractJson\": false, \"targetOrder\": 1.0, \"mapEmptyString\": false}}, {\"map\": {\"id\": \"9c32c21b-ee3b-4d59-b697-c84f6ffa64d1\", \"root\": false, \"type\": \"map\", \"cached\": false, \"source\": \"/quoteOutput/response/c\", \"target\": \"/get-stock-quoteAPIServerResponse/200/Price\", \"mapNull\": false, \"disabled\": false, \"extractXml\": false, \"extractJson\": false, \"targetOrder\": 1.0, \"mapEmptyString\": false, \"sourceJavaType\": \"java.lang.Float\", \"targetJavaType\": \"java.lang.Float\"}}, {\"map\": {\"id\": \"f4eb95e5-988c-4238-aed2-1ba848085bb7\", \"root\": false, \"type\": \"map\", \"cached\": false, \"source\": \"/quoteOutput/response/d\", \"target\": \"/get-stock-quoteAPIServerResponse/200/Change\", \"mapNull\": false, \"disabled\": false, \"extractXml\": false, \"extractJson\": false, \"targetOrder\": 2.0, \"mapEmptyString\": false, \"sourceJavaType\": \"java.lang.Float\", \"targetJavaType\": \"java.lang.Float\"}}, {\"map\": {\"id\": \"1b88d919-4637-43b0-b609-c44f015f23b6\", \"root\": false, \"type\": \"map\", \"cached\": false, \"source\": \"/quoteOutput/response/dp\", \"target\": \"/get-stock-quoteAPIServerResponse/200/ChangePercent\", \"mapNull\": false, \"disabled\": false, \"extractXml\": false, \"extractJson\": false, \"targetOrder\": 3.0, \"mapEmptyString\": false, \"sourceJavaType\": \"java.lang.Float\", \"targetJavaType\": \"java.lang.Float\"}}, {\"map\": {\"id\": \"54388a66-2ecf-4f99-8dbe-838a5debba64\", \"root\": false, \"type\": \"map\", \"cached\": false, \"source\": \"/quoteOutput/response/h\", \"target\": \"/get-stock-quoteAPIServerResponse/200/DayHigh\", \"mapNull\": false, \"disabled\": false, \"extractXml\": false, \"extractJson\": false, \"targetOrder\": 4.0, \"mapEmptyString\": false, \"sourceJavaType\": \"java.lang.Float\", \"targetJavaType\": \"java.lang.Float\"}}, {\"map\": {\"id\": \"3b659a1c-ea20-40bc-9e27-e8c80dfb9e28\", \"root\": false, \"type\": \"map\", \"cached\": false, \"source\": \"/quoteOutput/response/l\", \"target\": \"/get-stock-quoteAPIServerResponse/200/DayLow\", \"mapNull\": false, \"disabled\": false, \"extractXml\": false, \"extractJson\": false, \"targetOrder\": 5.0, \"mapEmptyString\": false, \"sourceJavaType\": \"java.lang.Float\", \"targetJavaType\": \"java.lang.Float\"}}, {\"map\": {\"id\": \"9319fe5d-17f1-4afb-afdb-49d0b2469d4e\", \"root\": false, \"type\": \"map\", \"cached\": false, \"source\": \"/quoteOutput/response/o\", \"target\": \"/get-stock-quoteAPIServerResponse/200/OpenPrice\", \"mapNull\": false, \"disabled\": false, \"extractXml\": false, \"extractJson\": false, \"targetOrder\": 6.0, \"mapEmptyString\": false, \"sourceJavaType\": \"java.lang.Float\", \"targetJavaType\": \"java.lang.Float\"}}, {\"map\": {\"id\": \"ce048972-5738-42f5-ab3e-f3c389c1e3a0\", \"root\": false, \"type\": \"setValue\", \"cached\": false, \"target\": \"/status\", \"mapNull\": false, \"disabled\": false, \"extractXml\": false, \"extractJson\": false, \"targetOrder\": 1.0, \"targetValue\": \"200\", \"mapEmptyString\": false, \"targetJavaType\": \"java.lang.String\", \"variableSubstitution\": false}}, {\"map\": {\"id\": \"a123435a-d237-4277-94ad-caee44c7ee4b\", \"root\": false, \"type\": \"setValue\", \"cached\": false, \"target\": \"/get-stock-quoteAPIServerResponse/200/responseHeaders/content-type\", \"mapNull\": false, \"disabled\": false, \"extractXml\": false, \"extractJson\": false, \"targetOrder\": 16.0, \"targetValue\": \"application/json\", \"mapEmptyString\": false, \"targetJavaType\": \"java.lang.String\", \"variableSubstitution\": false}}]}",
    "null" : false
  },
  "component_id" : "57a4eaf2-7d82-4894-856a-a4a477d2a3a5",
  "service_id" : "8ae626cc-3540-46f0-bffe-03127a5232d5",
  "endpoint_id" : "876525e2-91e1-4626-b544-ef942d57654c",
  "parent_component_config_id" : "4ffdb2d1-8e6c-4a4c-aeca-1a9cf1743e57",
  "component_config_order" : 2.0,
  "action_id" : "57561e36-ab3c-427b-8fd6-55016149e0ba",
  "name" : "",
  "description" : "",
  "override_endpoint" : false,
  "input_structure_json" : {
    "type" : "jsonb",
    "value" : "{\"maps\": [{\"/queryParams/symbol\": [{\"type\": \"map\", \"source\": {\"path\": \"/symbolUC\", \"title\": \"symbolUC\", \"dataElementType\": \"string\"}, \"target\": {\"path\": \"/queryParams/symbol\", \"title\": \"symbol\", \"dataElementType\": \"string\"}, \"mapCondition\": {\"isConditionSet\": false, \"sourceTreeIndex\": [], \"targetTreeIndex\": [], \"mapConditionFormValue\": {}}}]}], \"mappedNodes\": [\"/symbolUC pipeIn\", \"/queryParams/symbol actionIn\"], \"addVariables\": []}",
    "null" : false
  },
  "output_structure_json" : {
    "type" : "jsonb",
    "value" : "{\"maps\": [{\"/quoteOutput\": [{\"type\": \"map\", \"source\": {\"path\": \"/quoteOutput\", \"title\": \"quoteOutput\", \"dataElementType\": \"document\"}, \"target\": {\"path\": \"/quoteOutput\", \"order\": 1, \"title\": \"quoteOutput\", \"dataElementType\": \"document\"}, \"mapCondition\": {\"isConditionSet\": false, \"sourceTreeIndex\": [], \"targetTreeIndex\": [], \"mapConditionFormValue\": {}}}]}, {\"/get-stock-quoteAPIServerResponse/200/Price\": [{\"type\": \"map\", \"source\": {\"path\": \"/quoteOutput/response/c\", \"title\": \"c\", \"dataElementType\": \"number\"}, \"target\": {\"path\": \"/get-stock-quoteAPIServerResponse/200/Price\", \"order\": 1, \"title\": \"Price\", \"dataElementType\": \"number\"}, \"mapCondition\": {\"isConditionSet\": false, \"sourceTreeIndex\": [], \"targetTreeIndex\": [], \"mapConditionFormValue\": {}}}]}, {\"/get-stock-quoteAPIServerResponse/200/Change\": [{\"type\": \"map\", \"source\": {\"path\": \"/quoteOutput/response/d\", \"title\": \"d\", \"dataElementType\": \"number\"}, \"target\": {\"path\": \"/get-stock-quoteAPIServerResponse/200/Change\", \"order\": 2, \"title\": \"Change\", \"dataElementType\": \"number\"}, \"mapCondition\": {\"isConditionSet\": false, \"sourceTreeIndex\": [], \"targetTreeIndex\": [], \"mapConditionFormValue\": {}}}]}, {\"/get-stock-quoteAPIServerResponse/200/ChangePercent\": [{\"type\": \"map\", \"source\": {\"path\": \"/quoteOutput/response/dp\", \"title\": \"dp\", \"dataElementType\": \"number\"}, \"target\": {\"path\": \"/get-stock-quoteAPIServerResponse/200/ChangePercent\", \"order\": 3, \"title\": \"ChangePercent\", \"dataElementType\": \"number\"}, \"mapCondition\": {\"isConditionSet\": false, \"sourceTreeIndex\": [], \"targetTreeIndex\": [], \"mapConditionFormValue\": {}}}]}, {\"/get-stock-quoteAPIServerResponse/200/DayHigh\": [{\"type\": \"map\", \"source\": {\"path\": \"/quoteOutput/response/h\", \"title\": \"h\", \"dataElementType\": \"number\"}, \"target\": {\"path\": \"/get-stock-quoteAPIServerResponse/200/DayHigh\", \"order\": 4, \"title\": \"DayHigh\", \"dataElementType\": \"number\"}, \"mapCondition\": {\"isConditionSet\": false, \"sourceTreeIndex\": [], \"targetTreeIndex\": [], \"mapConditionFormValue\": {}}}]}, {\"/get-stock-quoteAPIServerResponse/200/DayLow\": [{\"type\": \"map\", \"source\": {\"path\": \"/quoteOutput/response/l\", \"title\": \"l\", \"dataElementType\": \"number\"}, \"target\": {\"path\": \"/get-stock-quoteAPIServerResponse/200/DayLow\", \"order\": 5, \"title\": \"DayLow\", \"dataElementType\": \"number\"}, \"mapCondition\": {\"isConditionSet\": false, \"sourceTreeIndex\": [], \"targetTreeIndex\": [], \"mapConditionFormValue\": {}}}]}, {\"/get-stock-quoteAPIServerResponse/200/OpenPrice\": [{\"type\": \"map\", \"source\": {\"path\": \"/quoteOutput/response/o\", \"title\": \"o\", \"dataElementType\": \"number\"}, \"target\": {\"path\": \"/get-stock-quoteAPIServerResponse/200/OpenPrice\", \"order\": 6, \"title\": \"OpenPrice\", \"dataElementType\": \"number\"}, \"mapCondition\": {\"isConditionSet\": false, \"sourceTreeIndex\": [], \"targetTreeIndex\": [], \"mapConditionFormValue\": {}}}]}, {\"/status\": [{\"type\": \"setValue\", \"order\": 1, \"target\": {\"path\": \"/status\", \"order\": 1, \"title\": \"status\", \"dataElementType\": \"string\"}, \"values\": [{\"id\": \"8c822294-11ff-4d70-bdf3-59afe1994a5f\", \"key\": \"/status\", \"type\": \"string\", \"order\": 1, \"title\": \"status\", \"setValue\": null, \"uiElement\": \"200\", \"isSetValue\": false, \"childrenSet\": false, \"hasChildren\": false, \"dataElementType\": \"string\", \"encryption_required\": false}], \"mapCondition\": {\"isConditionSet\": false, \"sourceTreeIndex\": [], \"targetTreeIndex\": [], \"mapConditionFormValue\": {}}, \"dataElementType\": \"string\", \"variableSubstitution\": false, \"overwritePipelineValue\": false}]}, {\"/get-stock-quoteAPIServerResponse/200/responseHeaders/content-type\": [{\"type\": \"setValue\", \"order\": 16, \"target\": {\"path\": \"/get-stock-quoteAPIServerResponse/200/responseHeaders/content-type\", \"order\": 16, \"title\": \"content-type\", \"dataElementType\": \"string\"}, \"values\": [{\"id\": \"3c5b9533-76bc-4137-b299-e2a2ef790f26\", \"key\": \"/get-stock-quoteAPIServerResponse/200/responseHeaders/content-type\", \"type\": \"string\", \"order\": 16, \"title\": \"content-type\", \"isLeaf\": true, \"setValue\": null, \"uiElement\": \"application/json\", \"isSetValue\": false, \"childrenSet\": false, \"hasChildren\": false, \"dataElementType\": \"string\", \"encryption_required\": false}], \"mapCondition\": {\"isConditionSet\": false, \"sourceTreeIndex\": [], \"targetTreeIndex\": [], \"mapConditionFormValue\": {}}, \"dataElementType\": \"string\", \"variableSubstitution\": false, \"overwritePipelineValue\": false}]}], \"tracks\": {}, \"transformer\": []}",
    "null" : false
  },
  "endpoint_structure_json" : {
    "type" : "jsonb",
    "value" : "{\"maps\": []}",
    "null" : false
  },
  "is_error" : false,
  "no_of_errors" : 0,
  "action_input_type" : null,
  "config_service_id" : null,
  "config_imap_id" : null,
  "config_b2b_document_type_id" : null,
  "config_document_id" : null,
  "add_variables" : {
    "type" : "jsonb",
    "value" : "[]",
    "null" : false
  },
  "drop_variables" : {
    "type" : "jsonb",
    "value" : "[]",
    "null" : false
  },
  "plug_input_structure" : {
    "type" : "jsonb",
    "value" : "[{\"id\": \"559937c5-774c-4ce0-b2f2-42a09798c6b2\", \"key\": \"/pathParams\", \"order\": 0.0, \"title\": \"pathParams\", \"value\": {\"type\": \"object\"}, \"isLeaf\": false, \"children\": [], \"entityType\": \"componentConfig\", \"childrenSet\": false, \"hasChildren\": true, \"dataElementType\": \"document\", \"encryption_required\": false}, {\"id\": \"559937c5-774c-4ce0-b2f2-42a09798c6b2\", \"key\": \"/queryParams\", \"order\": 1.0, \"title\": \"queryParams\", \"value\": {\"type\": \"object\"}, \"isLeaf\": false, \"children\": [{\"id\": \"559937c5-774c-4ce0-b2f2-42a09798c6b2\", \"key\": \"/queryParams/symbol\", \"title\": \"symbol\", \"value\": {\"type\": \"string\", \"requiredFlag\": true}, \"isLeaf\": true, \"entityType\": \"componentConfig\", \"childrenSet\": false, \"hasChildren\": false, \"dataElementType\": \"string\", \"encryption_required\": false}], \"entityType\": \"componentConfig\", \"childrenSet\": false, \"hasChildren\": true, \"dataElementType\": \"document\", \"encryption_required\": false}, {\"id\": \"559937c5-774c-4ce0-b2f2-42a09798c6b2\", \"key\": \"/headers\", \"order\": 2.0, \"title\": \"headers\", \"value\": {\"type\": \"object\"}, \"isLeaf\": false, \"children\": [], \"entityType\": \"componentConfig\", \"childrenSet\": false, \"hasChildren\": true, \"dataElementType\": \"document\", \"encryption_required\": false}]",
    "null" : false
  },
  "plug_output_structure" : {
    "type" : "jsonb",
    "value" : "[{\"id\": \"559937c5-774c-4ce0-b2f2-42a09798c6b2\", \"key\": \"/quoteOutput\", \"type\": \"object\", \"order\": 1.0, \"title\": \"quoteOutput\", \"value\": {\"type\": \"object\", \"requiredFlag\": false}, \"isLeaf\": false, \"children\": [{\"id\": \"559937c5-774c-4ce0-b2f2-42a09798c6b2\", \"key\": \"/quoteOutput/success\", \"type\": \"boolean\", \"order\": 2.0, \"title\": \"success\", \"value\": {\"type\": \"boolean\", \"requiredFlag\": false}, \"isLeaf\": true, \"entityType\": \"componentConfig\", \"childrenSet\": false, \"hasChildren\": false, \"dataElementType\": \"boolean\", \"encryption_required\": false}, {\"id\": \"559937c5-774c-4ce0-b2f2-42a09798c6b2\", \"key\": \"/quoteOutput/statusCode\", \"type\": \"number\", \"order\": 3.0, \"title\": \"statusCode\", \"value\": {\"type\": \"number\", \"requiredFlag\": false}, \"isLeaf\": true, \"entityType\": \"componentConfig\", \"childrenSet\": false, \"hasChildren\": false, \"dataElementType\": \"number\", \"encryption_required\": false}, {\"id\": \"559937c5-774c-4ce0-b2f2-42a09798c6b2\", \"key\": \"/quoteOutput/response\", \"type\": \"object\", \"order\": 4.0, \"title\": \"response\", \"value\": {\"type\": \"object\", \"requiredFlag\": false}, \"isLeaf\": false, \"children\": [{\"id\": \"559937c5-774c-4ce0-b2f2-42a09798c6b2\", \"key\": \"/quoteOutput/response/o\", \"type\": \"number\", \"order\": 5.0, \"title\": \"o\", \"value\": {\"type\": \"number\", \"requiredFlag\": false}, \"isLeaf\": true, \"entityType\": \"componentConfig\", \"childrenSet\": false, \"hasChildren\": false, \"dataElementType\": \"number\", \"encryption_required\": false}, {\"id\": \"559937c5-774c-4ce0-b2f2-42a09798c6b2\", \"key\": \"/quoteOutput/response/h\", \"type\": \"number\", \"order\": 6.0, \"title\": \"h\", \"value\": {\"type\": \"number\", \"requiredFlag\": false}, \"isLeaf\": true, \"entityType\": \"componentConfig\", \"childrenSet\": false, \"hasChildren\": false, \"dataElementType\": \"number\", \"encryption_required\": false}, {\"id\": \"559937c5-774c-4ce0-b2f2-42a09798c6b2\", \"key\": \"/quoteOutput/response/l\", \"type\": \"number\", \"order\": 7.0, \"title\": \"l\", \"value\": {\"type\": \"number\", \"requiredFlag\": false}, \"isLeaf\": true, \"entityType\": \"componentConfig\", \"childrenSet\": false, \"hasChildren\": false, \"dataElementType\": \"number\", \"encryption_required\": false}, {\"id\": \"559937c5-774c-4ce0-b2f2-42a09798c6b2\", \"key\": \"/quoteOutput/response/c\", \"type\": \"number\", \"order\": 8.0, \"title\": \"c\", \"value\": {\"type\": \"number\", \"requiredFlag\": false}, \"isLeaf\": true, \"entityType\": \"componentConfig\", \"childrenSet\": false, \"hasChildren\": false, \"dataElementType\": \"number\", \"encryption_required\": false}, {\"id\": \"559937c5-774c-4ce0-b2f2-42a09798c6b2\", \"key\": \"/quoteOutput/response/pc\", \"type\": \"number\", \"order\": 9.0, \"title\": \"pc\", \"value\": {\"type\": \"number\", \"requiredFlag\": false}, \"isLeaf\": true, \"entityType\": \"componentConfig\", \"childrenSet\": false, \"hasChildren\": false, \"dataElementType\": \"number\", \"encryption_required\": false}, {\"id\": \"559937c5-774c-4ce0-b2f2-42a09798c6b2\", \"key\": \"/quoteOutput/response/d\", \"type\": \"number\", \"order\": 10.0, \"title\": \"d\", \"value\": {\"type\": \"number\", \"requiredFlag\": false}, \"isLeaf\": true, \"entityType\": \"componentConfig\", \"childrenSet\": false, \"hasChildren\": false, \"dataElementType\": \"number\", \"encryption_required\": false}, {\"id\": \"559937c5-774c-4ce0-b2f2-42a09798c6b2\", \"key\": \"/quoteOutput/response/dp\", \"type\": \"number\", \"order\": 11.0, \"title\": \"dp\", \"value\": {\"type\": \"number\", \"requiredFlag\": false}, \"isLeaf\": true, \"entityType\": \"componentConfig\", \"childrenSet\": false, \"hasChildren\": false, \"dataElementType\": \"number\", \"encryption_required\": false}], \"entityType\": \"componentConfig\", \"childrenSet\": false, \"hasChildren\": false, \"dataElementType\": \"document\", \"encryption_required\": false}, {\"id\": \"559937c5-774c-4ce0-b2f2-42a09798c6b2\", \"key\": \"/quoteOutput/errors\", \"order\": 3.0, \"title\": \"errors\", \"value\": {\"type\": \"object\"}, \"isLeaf\": true, \"children\": [], \"entityType\": \"componentConfig\", \"childrenSet\": false, \"hasChildren\": false, \"dataElementType\": \"document\", \"encryption_required\": false}, {\"id\": \"559937c5-774c-4ce0-b2f2-42a09798c6b2\", \"key\": \"/quoteOutput/responseHeaders\", \"order\": 4.0, \"title\": \"responseHeaders\", \"value\": {\"type\": \"object\"}, \"isLeaf\": true, \"children\": [], \"entityType\": \"componentConfig\", \"childrenSet\": false, \"hasChildren\": false, \"dataElementType\": \"document\", \"encryption_required\": false}], \"entityType\": \"componentConfig\", \"childrenSet\": false, \"hasChildren\": false, \"dataElementType\": \"document\", \"encryption_required\": false}]",
    "null" : false
  },
  "config_plug_id" : null,
  "override_plug" : false,
  "config_java_service_id" : null,
  "service_tag" : "V18",
  "endpoint_tag" : "EMPTY",
  "config_service_tag" : "",
  "config_imap_tag" : "",
  "config_b2b_document_type_tag" : "",
  "active" : false,
  "parent_component_config_service_tag" : "V18",
  "service_project_id" : "94afffa5-622e-4445-9e23-5019119fbd0b",
  "service_project_tag" : "V18",
  "config_service_project_id" : null,
  "config_service_project_tag" : "",
  "config_imap_project_id" : null,
  "config_imap_project_tag" : "",
  "config_b2b_document_type_project_id" : null,
  "config_b2b_document_type_project_tag" : "",
  "endpoint_project_id" : "94afffa5-622e-4445-9e23-5019119fbd0b",
  "endpoint_project_tag" : "EMPTY",
  "config_plug_tag" : null,
  "config_plug_project_id" : null,
  "config_plug_project_tag" : null,
  "config_java_service_tag" : "",
  "config_java_service_project_id" : null,
  "config_java_service_project_tag" : "",
  "disabled" : false,
  "config" : {
    "type" : "json",
    "value" : "{\"objectName\":\"quote\",\"operationName\":\"quote\",\"actionConfig\":{\"resourcePath\":\"/quote\",\"produces\":[\"application/json\"],\"methodName\":\"get\",\"consumes\":[\"application/json\"]}}",
    "null" : false
  },
  "config_b2b_document_type_project_mode_id" : "112c1cb8-4b9e-4d1a-a042-0bd031dc7d05",
  "config_imap_project_mode_id" : "112c1cb8-4b9e-4d1a-a042-0bd031dc7d05",
  "config_java_service_project_mode_id" : "112c1cb8-4b9e-4d1a-a042-0bd031dc7d05",
  "config_plug_project_mode_id" : "112c1cb8-4b9e-4d1a-a042-0bd031dc7d05",
  "config_service_project_mode_id" : "112c1cb8-4b9e-4d1a-a042-0bd031dc7d05",
  "endpoint_project_mode_id" : "112c1cb8-4b9e-4d1a-a042-0bd031dc7d05",
  "service_project_mode_id" : "112c1cb8-4b9e-4d1a-a042-0bd031dc7d05",
  "parent_component_config_service_project_mode_id" : "112c1cb8-4b9e-4d1a-a042-0bd031dc7d05",
  "is_audit" : true,
  "keys_with_order" : null
}