{
  "component_config_id" : "eca1fc4e-408e-41a5-b72f-321fcc18c265",
  "endpoint_config_json" : {
    "type" : "jsonb",
    "value" : "{\"crossRef\": [], \"services\": [], \"multistep\": [], \"operations\": []}",
    "null" : false
  },
  "input_config_json" : {
    "type" : "jsonb",
    "value" : "{\"crossRef\": [], \"services\": [], \"multistep\": [], \"operations\": [{\"map\": {\"id\": \"ae78dcba-f1d4-45e0-9774-0d37afa20310\", \"root\": true, \"type\": \"map\", \"cached\": false, \"source\": \"/contactcsvMapped\", \"target\": \"/contactcsv\", \"mapNull\": false, \"disabled\": false, \"extractXml\": false, \"extractJson\": false, \"targetOrder\": 0.0, \"mapEmptyString\": false}}]}",
    "null" : false
  },
  "output_config_json" : {
    "type" : "jsonb",
    "value" : "{\"crossRef\": [], \"services\": [], \"multistep\": [], \"operations\": [{\"map\": {\"id\": \"71fbe4ff-e14a-4397-a85d-700f95122230\", \"root\": false, \"type\": \"map\", \"cached\": false, \"source\": \"/ffString\", \"target\": \"/ffString\", \"mapNull\": false, \"disabled\": false, \"extractXml\": false, \"extractJson\": false, \"targetOrder\": 1.0, \"mapEmptyString\": false, \"sourceJavaType\": \"java.lang.String\", \"targetJavaType\": \"java.lang.String\"}}, {\"map\": {\"id\": \"bb19fcfe-c084-4f87-bbbf-bf1491c80754\", \"root\": false, \"type\": \"map\", \"cached\": false, \"source\": \"/isValid\", \"target\": \"/isValid\", \"mapNull\": false, \"disabled\": false, \"extractXml\": false, \"extractJson\": false, \"targetOrder\": 1.0, \"mapEmptyString\": false, \"sourceJavaType\": \"java.lang.Boolean\", \"targetJavaType\": \"java.lang.Boolean\"}}, {\"map\": {\"id\": \"333d706d-8a69-4057-827b-40ab3dbbdddf\", \"root\": true, \"type\": \"map\", \"cached\": false, \"source\": \"/Error\", \"target\": \"/Error\", \"mapNull\": false, \"disabled\": false, \"extractXml\": false, \"extractJson\": false, \"targetOrder\": 1.0, \"mapEmptyString\": false}}]}",
    "null" : false
  },
  "component_id" : "d21ee9c1-d876-4d36-855b-fc8bc8f22ecb",
  "service_id" : "83479d72-c85a-482e-bf14-107e2274afa9",
  "endpoint_id" : null,
  "parent_component_config_id" : null,
  "component_config_order" : 3.0,
  "action_id" : "28c7568b-f96d-4fd8-b4c0-911c183105d8",
  "name" : "",
  "description" : "",
  "override_endpoint" : false,
  "input_structure_json" : {
    "type" : "jsonb",
    "value" : "{\"maps\": [{\"/contactcsv\": [{\"type\": \"map\", \"source\": {\"path\": \"/contactcsvMapped\", \"title\": \"contactcsvMapped\", \"dataElementType\": \"document\"}, \"target\": {\"path\": \"/contactcsv\", \"order\": 0, \"title\": \"contactcsv\", \"dataElementType\": \"document\"}, \"mapCondition\": {\"isConditionSet\": false, \"sourceTreeIndex\": [], \"targetTreeIndex\": [], \"mapConditionFormValue\": {}}}]}], \"mappedNodes\": [\"/ffString\", \"/ffStringpipeOut\", \"/isValid\", \"/isValidpipeOut\", \"/Error\", \"/ErrorpipeOut\", \"/contactcsvMapped pipeIn\", \"/contactcsv actionIn\"]}",
    "null" : false
  },
  "output_structure_json" : {
    "type" : "jsonb",
    "value" : "{\"maps\": [{\"/ffString\": [{\"type\": \"map\", \"source\": {\"path\": \"/ffString\", \"title\": \"ffString\", \"dataElementType\": \"string\"}, \"target\": {\"path\": \"/ffString\", \"order\": 1, \"title\": \"ffString\", \"dataElementType\": \"string\"}, \"mapCondition\": {\"isConditionSet\": false, \"sourceTreeIndex\": [], \"targetTreeIndex\": [], \"mapConditionFormValue\": {}}}]}, {\"/isValid\": [{\"type\": \"map\", \"source\": {\"path\": \"/isValid\", \"title\": \"isValid\", \"dataElementType\": \"boolean\"}, \"target\": {\"path\": \"/isValid\", \"order\": 1, \"title\": \"isValid\", \"dataElementType\": \"boolean\"}, \"mapCondition\": {\"isConditionSet\": false, \"sourceTreeIndex\": [], \"targetTreeIndex\": [], \"mapConditionFormValue\": {}}}]}, {\"/Error\": [{\"type\": \"map\", \"source\": {\"path\": \"/Error\", \"title\": \"Error\", \"dataElementType\": \"document\"}, \"target\": {\"path\": \"/Error\", \"order\": 1, \"title\": \"Error\", \"dataElementType\": \"document\"}, \"mapCondition\": {\"isConditionSet\": false, \"sourceTreeIndex\": [], \"targetTreeIndex\": [], \"mapConditionFormValue\": {}}}]}], \"tracks\": {}, \"transformer\": []}",
    "null" : false
  },
  "endpoint_structure_json" : {
    "type" : "jsonb",
    "value" : "{\"maps\": []}",
    "null" : false
  },
  "is_error" : false,
  "no_of_errors" : 0,
  "action_input_type" : null,
  "config_service_id" : null,
  "config_imap_id" : null,
  "config_b2b_document_type_id" : "f5abc3b8-481c-4b76-ae42-47c405fbd9e1",
  "config_document_id" : null,
  "add_variables" : {
    "type" : "jsonb",
    "value" : "[]",
    "null" : false
  },
  "drop_variables" : {
    "type" : "jsonb",
    "value" : "[]",
    "null" : false
  },
  "plug_input_structure" : null,
  "plug_output_structure" : null,
  "config_plug_id" : null,
  "override_plug" : false,
  "config_java_service_id" : null,
  "service_tag" : "V18",
  "endpoint_tag" : null,
  "config_service_tag" : "",
  "config_imap_tag" : "",
  "config_b2b_document_type_tag" : "EMPTY",
  "active" : false,
  "parent_component_config_service_tag" : "V18",
  "service_project_id" : "94afffa5-622e-4445-9e23-5019119fbd0b",
  "service_project_tag" : "V18",
  "config_service_project_id" : null,
  "config_service_project_tag" : "",
  "config_imap_project_id" : null,
  "config_imap_project_tag" : "",
  "config_b2b_document_type_project_id" : "94afffa5-622e-4445-9e23-5019119fbd0b",
  "config_b2b_document_type_project_tag" : "EMPTY",
  "endpoint_project_id" : null,
  "endpoint_project_tag" : null,
  "config_plug_tag" : null,
  "config_plug_project_id" : null,
  "config_plug_project_tag" : null,
  "config_java_service_tag" : "",
  "config_java_service_project_id" : null,
  "config_java_service_project_tag" : "",
  "disabled" : false,
  "config" : null,
  "config_b2b_document_type_project_mode_id" : "112c1cb8-4b9e-4d1a-a042-0bd031dc7d05",
  "config_imap_project_mode_id" : "112c1cb8-4b9e-4d1a-a042-0bd031dc7d05",
  "config_java_service_project_mode_id" : "112c1cb8-4b9e-4d1a-a042-0bd031dc7d05",
  "config_plug_project_mode_id" : "112c1cb8-4b9e-4d1a-a042-0bd031dc7d05",
  "config_service_project_mode_id" : "112c1cb8-4b9e-4d1a-a042-0bd031dc7d05",
  "endpoint_project_mode_id" : "112c1cb8-4b9e-4d1a-a042-0bd031dc7d05",
  "service_project_mode_id" : "112c1cb8-4b9e-4d1a-a042-0bd031dc7d05",
  "parent_component_config_service_project_mode_id" : "112c1cb8-4b9e-4d1a-a042-0bd031dc7d05",
  "is_audit" : true,
  "keys_with_order" : {
    "type" : "json",
    "value" : "{\"/contactcsv/delimitedRecords[]\":1.0,\"/contactcsv/delimitedRecords[]/firstname\":2.0,\"/contactcsv/delimitedRecords[]/lastname\":3.0,\"/contactcsv/delimitedRecords[]/email\":4.0,\"/contactcsv/delimitedRecords[]/gender\":5.0,\"/contactcsv/delimitedRecords[]/jobtitle\":6.0,\"/contactcsv/delimitedRecords[]/state\":7.0,\"/contactcsv/delimitedRecords[]/city\":8.0,\"/contactcsv/delimitedRecords[]/consumer\":9.0}",
    "null" : false
  }
}