{
  "component_config_id" : "7cf85a8f-9701-4f4a-bb1c-2bfdd345f993",
  "endpoint_config_json" : {
    "type" : "jsonb",
    "value" : "{\"crossRef\": [], \"services\": [], \"multistep\": [], \"operations\": []}",
    "null" : false
  },
  "input_config_json" : {
    "type" : "jsonb",
    "value" : "{\"crossRef\": [], \"services\": [], \"multistep\": [], \"operations\": []}",
    "null" : false
  },
  "output_config_json" : {
    "type" : "jsonb",
    "value" : "{\"crossRef\": [], \"services\": [], \"multistep\": [], \"operations\": [{\"map\": {\"id\": \"33349194-e45d-4fa0-897f-c2af642a7f16\", \"root\": false, \"type\": \"list\", \"cached\": false, \"source\": \"/Employees2CountOutput/response/resultSet[]/count\", \"target\": \"/200Response/total\", \"mapNull\": false, \"disabled\": false, \"extractXml\": false, \"extractJson\": true, \"targetOrder\": 3.0, \"mapEmptyString\": false, \"sourceJavaType\": \"java.lang.Integer\", \"targetJavaType\": \"java.lang.Integer\"}}, {\"map\": {\"id\": \"6a8e901a-791a-4f77-b833-cdceb80a8413\", \"root\": true, \"type\": \"list\", \"cached\": false, \"source\": \"/Employees2SelectOffsetLimitOutput/response/resultSet[]\", \"target\": \"/200Response/employees[]\", \"mapNull\": false, \"disabled\": false, \"extractXml\": false, \"extractJson\": true, \"targetOrder\": 4.0, \"mapEmptyString\": false}}, {\"map\": {\"id\": \"f05c5dfd-1f9a-4e0c-aef6-4eaaa0215212\", \"root\": false, \"type\": \"map\", \"cached\": false, \"source\": \"/limit\", \"target\": \"/200Response/limit\", \"mapNull\": false, \"disabled\": false, \"extractXml\": false, \"extractJson\": true, \"targetOrder\": 1.0, \"mapEmptyString\": false, \"sourceJavaType\": \"java.lang.Integer\", \"targetJavaType\": \"java.lang.Integer\"}}, {\"map\": {\"id\": \"9893dd07-00b8-41b6-8629-e383bf9605fd\", \"root\": false, \"type\": \"map\", \"cached\": false, \"source\": \"/offset\", \"target\": \"/200Response/offset\", \"mapNull\": false, \"disabled\": false, \"extractXml\": false, \"extractJson\": true, \"targetOrder\": 2.0, \"mapEmptyString\": false, \"sourceJavaType\": \"java.lang.Integer\", \"targetJavaType\": \"java.lang.Integer\"}}]}",
    "null" : false
  },
  "component_id" : "8ac5fe03-27a2-4e6a-a449-6a8893818223",
  "service_id" : "007ac044-426d-4041-b892-9fb8d951619a",
  "endpoint_id" : null,
  "parent_component_config_id" : null,
  "component_config_order" : 2.0,
  "action_id" : "06843b78-eab0-45da-afab-8c8277d7553f",
  "name" : "Set response",
  "description" : "",
  "override_endpoint" : false,
  "input_structure_json" : {
    "type" : "jsonb",
    "value" : "{\"maps\": [], \"mappedNodes\": [\"/limit pipeIn\", \"/200Response/limitpipeOut\", \"/offset pipeIn\", \"/200Response/offsetpipeOut\"]}",
    "null" : false
  },
  "output_structure_json" : {
    "type" : "jsonb",
    "value" : "{\"maps\": [{\"/200Response/total\": [{\"type\": \"list\", \"source\": {\"path\": \"/Employees2CountOutput/response/resultSet[]/count\", \"title\": \"count\", \"dataElementType\": \"integer\"}, \"target\": {\"path\": \"/200Response/total\", \"order\": 3, \"title\": \"total\", \"dataElementType\": \"integer\"}, \"extractJson\": true, \"mapCondition\": {\"isConditionSet\": false, \"sourceTreeIndex\": [{\"key\": 1, \"title\": \"Employees2CountOutput\", \"isLeaf\": false, \"isArray\": false, \"children\": [{\"key\": 2, \"title\": \"response\", \"isLeaf\": false, \"isArray\": false, \"children\": [{\"key\": 3, \"title\": \"resultSet\", \"isLeaf\": false, \"isArray\": true, \"children\": [{\"key\": 4, \"title\": \"count\", \"isLeaf\": false, \"isArray\": false, \"parentKey\": 3}], \"parentKey\": 2, \"arrayIndex\": null}], \"parentKey\": 1}], \"parentKey\": 0}], \"targetTreeIndex\": [{\"key\": 1, \"title\": \"200Response\", \"isLeaf\": false, \"isArray\": false, \"children\": [{\"key\": 2, \"title\": \"total\", \"isLeaf\": false, \"isArray\": false, \"parentKey\": 1}], \"parentKey\": 0}], \"mapConditionFormValue\": {}}}]}, {\"/200Response/employees[]\": [{\"type\": \"list\", \"source\": {\"path\": \"/Employees2SelectOffsetLimitOutput/response/resultSet[]\", \"title\": \"resultSet\", \"dataElementType\": \"documentArray\"}, \"target\": {\"path\": \"/200Response/employees[]\", \"order\": 4, \"title\": \"employees\", \"dataElementType\": \"documentArray\"}, \"extractJson\": true, \"mapCondition\": {\"isConditionSet\": false, \"sourceTreeIndex\": [{\"key\": 1, \"title\": \"Employees2SelectOffsetLimitOutput\", \"isLeaf\": false, \"isArray\": false, \"children\": [{\"key\": 2, \"title\": \"response\", \"isLeaf\": false, \"isArray\": false, \"children\": [{\"key\": 3, \"title\": \"resultSet[]\", \"isLeaf\": false, \"isArray\": true, \"parentKey\": 2, \"arrayIndex\": null}], \"parentKey\": 1}], \"parentKey\": 0}], \"targetTreeIndex\": [{\"key\": 1, \"title\": \"200Response\", \"isLeaf\": false, \"isArray\": false, \"children\": [{\"key\": 2, \"title\": \"employees[]\", \"isLeaf\": false, \"isArray\": true, \"parentKey\": 1, \"arrayIndex\": null}], \"parentKey\": 0}], \"mapConditionFormValue\": {}}}]}, {\"/200Response/limit\": [{\"type\": \"map\", \"source\": {\"path\": \"/limit\", \"title\": \"limit\", \"dataElementType\": \"integer\"}, \"target\": {\"path\": \"/200Response/limit\", \"order\": 1, \"title\": \"limit\", \"dataElementType\": \"integer\"}, \"extractJson\": true, \"mapCondition\": {\"isConditionSet\": false, \"sourceTreeIndex\": [], \"targetTreeIndex\": [], \"mapConditionFormValue\": {}}}]}, {\"/200Response/offset\": [{\"type\": \"map\", \"source\": {\"path\": \"/offset\", \"title\": \"offset\", \"dataElementType\": \"integer\"}, \"target\": {\"path\": \"/200Response/offset\", \"order\": 2, \"title\": \"offset\", \"dataElementType\": \"integer\"}, \"extractJson\": true, \"mapCondition\": {\"isConditionSet\": false, \"sourceTreeIndex\": [], \"targetTreeIndex\": [], \"mapConditionFormValue\": {}}}]}], \"transformer\": []}",
    "null" : false
  },
  "endpoint_structure_json" : {
    "type" : "jsonb",
    "value" : "{\"maps\": []}",
    "null" : false
  },
  "is_error" : false,
  "no_of_errors" : 0,
  "action_input_type" : null,
  "config_service_id" : null,
  "config_imap_id" : null,
  "config_b2b_document_type_id" : null,
  "config_document_id" : null,
  "add_variables" : {
    "type" : "jsonb",
    "value" : "[]",
    "null" : false
  },
  "drop_variables" : {
    "type" : "jsonb",
    "value" : "[]",
    "null" : false
  },
  "plug_input_structure" : null,
  "plug_output_structure" : null,
  "config_plug_id" : null,
  "override_plug" : false,
  "config_java_service_id" : null,
  "service_tag" : "V18",
  "endpoint_tag" : null,
  "config_service_tag" : "",
  "config_imap_tag" : "",
  "config_b2b_document_type_tag" : "",
  "active" : false,
  "parent_component_config_service_tag" : "V18",
  "service_project_id" : "94afffa5-622e-4445-9e23-5019119fbd0b",
  "service_project_tag" : "V18",
  "config_service_project_id" : null,
  "config_service_project_tag" : "",
  "config_imap_project_id" : null,
  "config_imap_project_tag" : "",
  "config_b2b_document_type_project_id" : null,
  "config_b2b_document_type_project_tag" : "",
  "endpoint_project_id" : null,
  "endpoint_project_tag" : null,
  "config_plug_tag" : null,
  "config_plug_project_id" : null,
  "config_plug_project_tag" : null,
  "config_java_service_tag" : "",
  "config_java_service_project_id" : null,
  "config_java_service_project_tag" : "",
  "disabled" : false,
  "config" : null,
  "config_b2b_document_type_project_mode_id" : "112c1cb8-4b9e-4d1a-a042-0bd031dc7d05",
  "config_imap_project_mode_id" : "112c1cb8-4b9e-4d1a-a042-0bd031dc7d05",
  "config_java_service_project_mode_id" : "112c1cb8-4b9e-4d1a-a042-0bd031dc7d05",
  "config_plug_project_mode_id" : "112c1cb8-4b9e-4d1a-a042-0bd031dc7d05",
  "config_service_project_mode_id" : "112c1cb8-4b9e-4d1a-a042-0bd031dc7d05",
  "endpoint_project_mode_id" : "112c1cb8-4b9e-4d1a-a042-0bd031dc7d05",
  "service_project_mode_id" : "112c1cb8-4b9e-4d1a-a042-0bd031dc7d05",
  "parent_component_config_service_project_mode_id" : "112c1cb8-4b9e-4d1a-a042-0bd031dc7d05",
  "is_audit" : true,
  "keys_with_order" : null
}