{
  "component_config_id" : "0b67046f-5683-4cb1-96a8-c588427305d2",
  "endpoint_config_json" : {
    "type" : "jsonb",
    "value" : "{\"crossRef\": [], \"services\": [], \"multistep\": [], \"operations\": []}",
    "null" : false
  },
  "input_config_json" : {
    "type" : "jsonb",
    "value" : "{\"crossRef\": [], \"services\": [], \"multistep\": [], \"operations\": []}",
    "null" : false
  },
  "output_config_json" : {
    "type" : "jsonb",
    "value" : "{\"crossRef\": [], \"services\": [], \"multistep\": [], \"operations\": [{\"map\": {\"id\": \"ded3c3e3-875e-4715-a579-c470a0157982\", \"root\": false, \"type\": \"setValue\", \"cached\": false, \"target\": \"/employeeSalaryData\", \"mapNull\": false, \"disabled\": false, \"extractXml\": false, \"extractJson\": false, \"targetOrder\": 1.0, \"targetValue\": \"{\\\"employees\\\":[{\\\"employeeId\\\":101,\\\"firstName\\\":\\\"Alice\\\",\\\"lastName\\\":\\\"Johnson\\\",\\\"email\\\":\\\"alice.johnson@example.com\\\",\\\"title\\\":\\\"Software Engineer\\\",\\\"startDate\\\":\\\"2022-03-15\\\",\\\"salary\\\":95000,\\\"department\\\":\\\"Engineering\\\"},{\\\"employeeId\\\":102,\\\"firstName\\\":\\\"Bob\\\",\\\"lastName\\\":\\\"Smith\\\",\\\"email\\\":\\\"bob.smith@example.com\\\",\\\"title\\\":\\\"Project Manager\\\",\\\"startDate\\\":\\\"2021-08-01\\\",\\\"salary\\\":110000,\\\"department\\\":\\\"Project Management\\\"},{\\\"employeeId\\\":103,\\\"firstName\\\":\\\"Carol\\\",\\\"lastName\\\":\\\"Lee\\\",\\\"email\\\":\\\"carol.lee@example.com\\\",\\\"title\\\":\\\"QA Analyst\\\",\\\"startDate\\\":\\\"2020-12-10\\\",\\\"salary\\\":78000,\\\"department\\\":\\\"Quality Assurance\\\"},{\\\"employeeId\\\":104,\\\"firstName\\\":\\\"David\\\",\\\"lastName\\\":\\\"Martinez\\\",\\\"email\\\":\\\"david.martinez@example.com\\\",\\\"title\\\":\\\"Product Designer\\\",\\\"startDate\\\":\\\"2023-02-20\\\",\\\"salary\\\":87000,\\\"department\\\":\\\"Design\\\"},{\\\"employeeId\\\":105,\\\"firstName\\\":\\\"Eve\\\",\\\"lastName\\\":\\\"Nguyen\\\",\\\"email\\\":\\\"eve.nguyen@example.com\\\",\\\"title\\\":\\\"DevOps Engineer\\\",\\\"startDate\\\":\\\"2021-05-07\\\",\\\"salary\\\":102000,\\\"department\\\":\\\"Engineering\\\"},{\\\"employeeId\\\":106,\\\"firstName\\\":\\\"Emily\\\",\\\"lastName\\\":\\\"Wilson\\\",\\\"email\\\":\\\"emily.wilson@example.com\\\",\\\"title\\\":\\\"UX Designer\\\",\\\"startDate\\\":\\\"2022-08-10\\\",\\\"salary\\\":95026,\\\"department\\\":\\\"Design\\\"},{\\\"employeeId\\\":107,\\\"firstName\\\":\\\"John\\\",\\\"lastName\\\":\\\"Jackson\\\",\\\"email\\\":\\\"john.jackson@example.com\\\",\\\"title\\\":\\\"Scrum Master\\\",\\\"startDate\\\":\\\"2020-03-24\\\",\\\"salary\\\":106029,\\\"department\\\":\\\"Project Management\\\"},{\\\"employeeId\\\":108,\\\"firstName\\\":\\\"Daniel\\\",\\\"lastName\\\":\\\"Anderson\\\",\\\"email\\\":\\\"daniel.anderson@example.com\\\",\\\"title\\\":\\\"Product Designer\\\",\\\"startDate\\\":\\\"2024-01-10\\\",\\\"salary\\\":91427,\\\"department\\\":\\\"Design\\\"},{\\\"employeeId\\\":109,\\\"firstName\\\":\\\"Jane\\\",\\\"lastName\\\":\\\"Davis\\\",\\\"email\\\":\\\"jane.davis@example.com\\\",\\\"title\\\":\\\"QA Analyst\\\",\\\"startDate\\\":\\\"2021-11-15\\\",\\\"salary\\\":82679,\\\"department\\\":\\\"Quality Assurance\\\"},{\\\"employeeId\\\":110,\\\"firstName\\\":\\\"Emily\\\",\\\"lastName\\\":\\\"Harris\\\",\\\"email\\\":\\\"emily.harris@example.com\\\",\\\"title\\\":\\\"Backend Developer\\\",\\\"startDate\\\":\\\"2023-07-24\\\",\\\"salary\\\":97666,\\\"department\\\":\\\"Engineering\\\"},{\\\"employeeId\\\":111,\\\"firstName\\\":\\\"John\\\",\\\"lastName\\\":\\\"Thomas\\\",\\\"email\\\":\\\"john.thomas@example.com\\\",\\\"title\\\":\\\"Scrum Master\\\",\\\"startDate\\\":\\\"2022-03-16\\\",\\\"salary\\\":119015,\\\"department\\\":\\\"Project Management\\\"},{\\\"employeeId\\\":112,\\\"firstName\\\":\\\"Daniel\\\",\\\"lastName\\\":\\\"Davis\\\",\\\"email\\\":\\\"daniel.davis@example.com\\\",\\\"title\\\":\\\"Test Engineer\\\",\\\"startDate\\\":\\\"2021-10-03\\\",\\\"salary\\\":75724,\\\"department\\\":\\\"Quality Assurance\\\"},{\\\"employeeId\\\":113,\\\"firstName\\\":\\\"Tom\\\",\\\"lastName\\\":\\\"Jackson\\\",\\\"email\\\":\\\"tom.jackson@example.com\\\",\\\"title\\\":\\\"Frontend Developer\\\",\\\"startDate\\\":\\\"2021-02-20\\\",\\\"salary\\\":112080,\\\"department\\\":\\\"Engineering\\\"},{\\\"employeeId\\\":114,\\\"firstName\\\":\\\"Sara\\\",\\\"lastName\\\":\\\"Harris\\\",\\\"email\\\":\\\"sara.harris@example.com\\\",\\\"title\\\":\\\"QA Analyst\\\",\\\"startDate\\\":\\\"2024-01-23\\\",\\\"salary\\\":71896,\\\"department\\\":\\\"Quality Assurance\\\"},{\\\"employeeId\\\":115,\\\"firstName\\\":\\\"Linda\\\",\\\"lastName\\\":\\\"Thomas\\\",\\\"email\\\":\\\"linda.thomas@example.com\\\",\\\"title\\\":\\\"Scrum Master\\\",\\\"startDate\\\":\\\"2022-01-17\\\",\\\"salary\\\":81893,\\\"department\\\":\\\"Project Management\\\"},{\\\"employeeId\\\":116,\\\"firstName\\\":\\\"Emily\\\",\\\"lastName\\\":\\\"Jackson\\\",\\\"email\\\":\\\"emily.jackson@example.com\\\",\\\"title\\\":\\\"Frontend Developer\\\",\\\"startDate\\\":\\\"2024-06-02\\\",\\\"salary\\\":105059,\\\"department\\\":\\\"Engineering\\\"},{\\\"employeeId\\\":117,\\\"firstName\\\":\\\"Michael\\\",\\\"lastName\\\":\\\"Wilson\\\",\\\"email\\\":\\\"michael.wilson@example.com\\\",\\\"title\\\":\\\"Project Manager\\\",\\\"startDate\\\":\\\"2021-02-11\\\",\\\"salary\\\":113144,\\\"department\\\":\\\"Project Management\\\"},{\\\"employeeId\\\":118,\\\"firstName\\\":\\\"Tom\\\",\\\"lastName\\\":\\\"Jackson\\\",\\\"email\\\":\\\"tom.jackson@example.com\\\",\\\"title\\\":\\\"Software Engineer\\\",\\\"startDate\\\":\\\"2023-02-03\\\",\\\"salary\\\":107653,\\\"department\\\":\\\"Engineering\\\"},{\\\"employeeId\\\":119,\\\"firstName\\\":\\\"John\\\",\\\"lastName\\\":\\\"Davis\\\",\\\"email\\\":\\\"john.davis@example.com\\\",\\\"title\\\":\\\"Scrum Master\\\",\\\"startDate\\\":\\\"2022-06-02\\\",\\\"salary\\\":79871,\\\"department\\\":\\\"Project Management\\\"},{\\\"employeeId\\\":120,\\\"firstName\\\":\\\"Linda\\\",\\\"lastName\\\":\\\"Wilson\\\",\\\"email\\\":\\\"linda.wilson@example.com\\\",\\\"title\\\":\\\"Project Manager\\\",\\\"startDate\\\":\\\"2024-09-20\\\",\\\"salary\\\":91873,\\\"department\\\":\\\"Project Management\\\"},{\\\"employeeId\\\":121,\\\"firstName\\\":\\\"Sara\\\",\\\"lastName\\\":\\\"White\\\",\\\"email\\\":\\\"sara.white@example.com\\\",\\\"title\\\":\\\"Product Designer\\\",\\\"startDate\\\":\\\"2021-12-12\\\",\\\"salary\\\":117545,\\\"department\\\":\\\"Design\\\"},{\\\"employeeId\\\":122,\\\"firstName\\\":\\\"Linda\\\",\\\"lastName\\\":\\\"Martin\\\",\\\"email\\\":\\\"linda.martin@example.com\\\",\\\"title\\\":\\\"UX Designer\\\",\\\"startDate\\\":\\\"2024-08-12\\\",\\\"salary\\\":71943,\\\"department\\\":\\\"Design\\\"},{\\\"employeeId\\\":123,\\\"firstName\\\":\\\"Laura\\\",\\\"lastName\\\":\\\"Brown\\\",\\\"email\\\":\\\"laura.brown@example.com\\\",\\\"title\\\":\\\"Scrum Master\\\",\\\"startDate\\\":\\\"2022-04-18\\\",\\\"salary\\\":86060,\\\"department\\\":\\\"Project Management\\\"},{\\\"employeeId\\\":124,\\\"firstName\\\":\\\"Linda\\\",\\\"lastName\\\":\\\"Jackson\\\",\\\"email\\\":\\\"linda.jackson@example.com\\\",\\\"title\\\":\\\"Product Designer\\\",\\\"startDate\\\":\\\"2021-06-06\\\",\\\"salary\\\":73930,\\\"department\\\":\\\"Design\\\"},{\\\"employeeId\\\":125,\\\"firstName\\\":\\\"Emily\\\",\\\"lastName\\\":\\\"Davis\\\",\\\"email\\\":\\\"emily.davis@example.com\\\",\\\"title\\\":\\\"Product Designer\\\",\\\"startDate\\\":\\\"2020-02-24\\\",\\\"salary\\\":84454,\\\"department\\\":\\\"Design\\\"},{\\\"employeeId\\\":126,\\\"firstName\\\":\\\"Emily\\\",\\\"lastName\\\":\\\"Martin\\\",\\\"email\\\":\\\"emily.martin@example.com\\\",\\\"title\\\":\\\"Product Designer\\\",\\\"startDate\\\":\\\"2023-01-15\\\",\\\"salary\\\":70042,\\\"department\\\":\\\"Design\\\"},{\\\"employeeId\\\":127,\\\"firstName\\\":\\\"Michael\\\",\\\"lastName\\\":\\\"Brown\\\",\\\"email\\\":\\\"michael.brown@example.com\\\",\\\"title\\\":\\\"Project Manager\\\",\\\"startDate\\\":\\\"2024-04-20\\\",\\\"salary\\\":103768,\\\"department\\\":\\\"Project Management\\\"},{\\\"employeeId\\\":128,\\\"firstName\\\":\\\"John\\\",\\\"lastName\\\":\\\"Harris\\\",\\\"email\\\":\\\"john.harris@example.com\\\",\\\"title\\\":\\\"Product Designer\\\",\\\"startDate\\\":\\\"2023-09-14\\\",\\\"salary\\\":90685,\\\"department\\\":\\\"Design\\\"},{\\\"employeeId\\\":129,\\\"firstName\\\":\\\"Tom\\\",\\\"lastName\\\":\\\"Wilson\\\",\\\"email\\\":\\\"tom.wilson@example.com\\\",\\\"title\\\":\\\"Scrum Master\\\",\\\"startDate\\\":\\\"2022-01-07\\\",\\\"salary\\\":103834,\\\"department\\\":\\\"Project Management\\\"},{\\\"employeeId\\\":130,\\\"firstName\\\":\\\"Michael\\\",\\\"lastName\\\":\\\"Thomas\\\",\\\"email\\\":\\\"michael.thomas@example.com\\\",\\\"title\\\":\\\"Project Manager\\\",\\\"startDate\\\":\\\"2024-08-13\\\",\\\"salary\\\":98517,\\\"department\\\":\\\"Project Management\\\"},{\\\"employeeId\\\":131,\\\"firstName\\\":\\\"Emily\\\",\\\"lastName\\\":\\\"Jackson\\\",\\\"email\\\":\\\"emily.jackson@example.com\\\",\\\"title\\\":\\\"Product Designer\\\",\\\"startDate\\\":\\\"2024-05-18\\\",\\\"salary\\\":85230,\\\"department\\\":\\\"Design\\\"},{\\\"employeeId\\\":132,\\\"firstName\\\":\\\"Sara\\\",\\\"lastName\\\":\\\"Brown\\\",\\\"email\\\":\\\"sara.brown@example.com\\\",\\\"title\\\":\\\"Software Engineer\\\",\\\"startDate\\\":\\\"2020-03-22\\\",\\\"salary\\\":88370,\\\"department\\\":\\\"Engineering\\\"},{\\\"employeeId\\\":133,\\\"firstName\\\":\\\"Jane\\\",\\\"lastName\\\":\\\"White\\\",\\\"email\\\":\\\"jane.white@example.com\\\",\\\"title\\\":\\\"Software Engineer\\\",\\\"startDate\\\":\\\"2022-09-29\\\",\\\"salary\\\":91528,\\\"department\\\":\\\"Engineering\\\"},{\\\"employeeId\\\":134,\\\"firstName\\\":\\\"Sara\\\",\\\"lastName\\\":\\\"Taylor\\\",\\\"email\\\":\\\"sara.taylor@example.com\\\",\\\"title\\\":\\\"Frontend Developer\\\",\\\"startDate\\\":\\\"2022-09-03\\\",\\\"salary\\\":82935,\\\"department\\\":\\\"Engineering\\\"},{\\\"employeeId\\\":135,\\\"firstName\\\":\\\"James\\\",\\\"lastName\\\":\\\"Jackson\\\",\\\"email\\\":\\\"james.jackson@example.com\\\",\\\"title\\\":\\\"Software Engineer\\\",\\\"startDate\\\":\\\"2022-11-26\\\",\\\"salary\\\":81652,\\\"department\\\":\\\"Engineering\\\"},{\\\"employeeId\\\":136,\\\"firstName\\\":\\\"Linda\\\",\\\"lastName\\\":\\\"Harris\\\",\\\"email\\\":\\\"linda.harris@example.com\\\",\\\"title\\\":\\\"Software Engineer\\\",\\\"startDate\\\":\\\"2022-07-03\\\",\\\"salary\\\":88245,\\\"department\\\":\\\"Engineering\\\"},{\\\"employeeId\\\":137,\\\"firstName\\\":\\\"Sara\\\",\\\"lastName\\\":\\\"Davis\\\",\\\"email\\\":\\\"sara.davis@example.com\\\",\\\"title\\\":\\\"UX Designer\\\",\\\"startDate\\\":\\\"2020-12-04\\\",\\\"salary\\\":107874,\\\"department\\\":\\\"Design\\\"},{\\\"employeeId\\\":138,\\\"firstName\\\":\\\"Laura\\\",\\\"lastName\\\":\\\"Martin\\\",\\\"email\\\":\\\"laura.martin@example.com\\\",\\\"title\\\":\\\"Scrum Master\\\",\\\"startDate\\\":\\\"2022-06-20\\\",\\\"salary\\\":79406,\\\"department\\\":\\\"Project Management\\\"},{\\\"employeeId\\\":139,\\\"firstName\\\":\\\"Michael\\\",\\\"lastName\\\":\\\"Thomas\\\",\\\"email\\\":\\\"michael.thomas@example.com\\\",\\\"title\\\":\\\"QA Analyst\\\",\\\"startDate\\\":\\\"2023-03-25\\\",\\\"salary\\\":92173,\\\"department\\\":\\\"Quality Assurance\\\"},{\\\"employeeId\\\":140,\\\"firstName\\\":\\\"Laura\\\",\\\"lastName\\\":\\\"Thomas\\\",\\\"email\\\":\\\"laura.thomas@example.com\\\",\\\"title\\\":\\\"Scrum Master\\\",\\\"startDate\\\":\\\"2021-11-26\\\",\\\"salary\\\":97341,\\\"department\\\":\\\"Project Management\\\"},{\\\"employeeId\\\":141,\\\"firstName\\\":\\\"Michael\\\",\\\"lastName\\\":\\\"White\\\",\\\"email\\\":\\\"michael.white@example.com\\\",\\\"title\\\":\\\"UX Designer\\\",\\\"startDate\\\":\\\"2021-11-11\\\",\\\"salary\\\":119012,\\\"department\\\":\\\"Design\\\"},{\\\"employeeId\\\":142,\\\"firstName\\\":\\\"Linda\\\",\\\"lastName\\\":\\\"Anderson\\\",\\\"email\\\":\\\"linda.anderson@example.com\\\",\\\"title\\\":\\\"UX Designer\\\",\\\"startDate\\\":\\\"2020-12-21\\\",\\\"salary\\\":75461,\\\"department\\\":\\\"Design\\\"},{\\\"employeeId\\\":143,\\\"firstName\\\":\\\"Michael\\\",\\\"lastName\\\":\\\"White\\\",\\\"email\\\":\\\"michael.white@example.com\\\",\\\"title\\\":\\\"Scrum Master\\\",\\\"startDate\\\":\\\"2023-06-21\\\",\\\"salary\\\":104021,\\\"department\\\":\\\"Project Management\\\"},{\\\"employeeId\\\":144,\\\"firstName\\\":\\\"John\\\",\\\"lastName\\\":\\\"Brown\\\",\\\"email\\\":\\\"john.brown@example.com\\\",\\\"title\\\":\\\"QA Analyst\\\",\\\"startDate\\\":\\\"2021-05-02\\\",\\\"salary\\\":95826,\\\"department\\\":\\\"Quality Assurance\\\"},{\\\"employeeId\\\":145,\\\"firstName\\\":\\\"John\\\",\\\"lastName\\\":\\\"Jackson\\\",\\\"email\\\":\\\"john.jackson@example.com\\\",\\\"title\\\":\\\"UX Designer\\\",\\\"startDate\\\":\\\"2024-02-11\\\",\\\"salary\\\":108738,\\\"department\\\":\\\"Design\\\"},{\\\"employeeId\\\":146,\\\"firstName\\\":\\\"James\\\",\\\"lastName\\\":\\\"Jackson\\\",\\\"email\\\":\\\"james.jackson@example.com\\\",\\\"title\\\":\\\"UX Designer\\\",\\\"startDate\\\":\\\"2024-07-02\\\",\\\"salary\\\":70071,\\\"department\\\":\\\"Design\\\"},{\\\"employeeId\\\":147,\\\"firstName\\\":\\\"John\\\",\\\"lastName\\\":\\\"Brown\\\",\\\"email\\\":\\\"john.brown@example.com\\\",\\\"title\\\":\\\"QA Analyst\\\",\\\"startDate\\\":\\\"2021-05-17\\\",\\\"salary\\\":102856,\\\"department\\\":\\\"Quality Assurance\\\"},{\\\"employeeId\\\":148,\\\"firstName\\\":\\\"Sara\\\",\\\"lastName\\\":\\\"White\\\",\\\"email\\\":\\\"sara.white@example.com\\\",\\\"title\\\":\\\"QA Analyst\\\",\\\"startDate\\\":\\\"2023-10-30\\\",\\\"salary\\\":101787,\\\"department\\\":\\\"Quality Assurance\\\"},{\\\"employeeId\\\":149,\\\"firstName\\\":\\\"Emily\\\",\\\"lastName\\\":\\\"Brown\\\",\\\"email\\\":\\\"emily.brown@example.com\\\",\\\"title\\\":\\\"QA Analyst\\\",\\\"startDate\\\":\\\"2022-09-07\\\",\\\"salary\\\":70562,\\\"department\\\":\\\"Quality Assurance\\\"},{\\\"employeeId\\\":150,\\\"firstName\\\":\\\"Tom\\\",\\\"lastName\\\":\\\"Martin\\\",\\\"email\\\":\\\"tom.martin@example.com\\\",\\\"title\\\":\\\"Project Manager\\\",\\\"startDate\\\":\\\"2024-10-01\\\",\\\"salary\\\":104326,\\\"department\\\":\\\"Project Management\\\"}]}\", \"mapEmptyString\": false, \"targetJavaType\": \"java.lang.String\", \"variableSubstitution\": false}}]}",
    "null" : false
  },
  "component_id" : "8ac5fe03-27a2-4e6a-a449-6a8893818223",
  "service_id" : "9a5031ef-6112-47ef-ae57-47d8e8159ddf",
  "endpoint_id" : null,
  "parent_component_config_id" : null,
  "component_config_order" : 2.0,
  "action_id" : "06843b78-eab0-45da-afab-8c8277d7553f",
  "name" : null,
  "description" : "",
  "override_endpoint" : false,
  "input_structure_json" : {
    "type" : "jsonb",
    "value" : "{\"maps\": [], \"mappedNodes\": [\"/employeeSalaryDatapipeOut\"]}",
    "null" : false
  },
  "output_structure_json" : {
    "type" : "jsonb",
    "value" : "{\"maps\": [{\"/employeeSalaryData\": [{\"type\": \"setValue\", \"order\": 1, \"target\": {\"path\": \"/employeeSalaryData\", \"order\": 1, \"title\": \"employeeSalaryData\", \"dataElementType\": \"string\"}, \"values\": [{\"id\": \"4a8a2203-5ba0-44c9-b798-669c960f5642\", \"key\": \"/employeeSalaryData\", \"type\": \"node\", \"order\": 1, \"title\": \"employeeSalaryData\", \"children\": [], \"setValue\": null, \"editAllow\": true, \"uiElement\": \"{\\\"employees\\\":[{\\\"employeeId\\\":101,\\\"firstName\\\":\\\"Alice\\\",\\\"lastName\\\":\\\"Johnson\\\",\\\"email\\\":\\\"alice.johnson@example.com\\\",\\\"title\\\":\\\"Software Engineer\\\",\\\"startDate\\\":\\\"2022-03-15\\\",\\\"salary\\\":95000,\\\"department\\\":\\\"Engineering\\\"},{\\\"employeeId\\\":102,\\\"firstName\\\":\\\"Bob\\\",\\\"lastName\\\":\\\"Smith\\\",\\\"email\\\":\\\"bob.smith@example.com\\\",\\\"title\\\":\\\"Project Manager\\\",\\\"startDate\\\":\\\"2021-08-01\\\",\\\"salary\\\":110000,\\\"department\\\":\\\"Project Management\\\"},{\\\"employeeId\\\":103,\\\"firstName\\\":\\\"Carol\\\",\\\"lastName\\\":\\\"Lee\\\",\\\"email\\\":\\\"carol.lee@example.com\\\",\\\"title\\\":\\\"QA Analyst\\\",\\\"startDate\\\":\\\"2020-12-10\\\",\\\"salary\\\":78000,\\\"department\\\":\\\"Quality Assurance\\\"},{\\\"employeeId\\\":104,\\\"firstName\\\":\\\"David\\\",\\\"lastName\\\":\\\"Martinez\\\",\\\"email\\\":\\\"david.martinez@example.com\\\",\\\"title\\\":\\\"Product Designer\\\",\\\"startDate\\\":\\\"2023-02-20\\\",\\\"salary\\\":87000,\\\"department\\\":\\\"Design\\\"},{\\\"employeeId\\\":105,\\\"firstName\\\":\\\"Eve\\\",\\\"lastName\\\":\\\"Nguyen\\\",\\\"email\\\":\\\"eve.nguyen@example.com\\\",\\\"title\\\":\\\"DevOps Engineer\\\",\\\"startDate\\\":\\\"2021-05-07\\\",\\\"salary\\\":102000,\\\"department\\\":\\\"Engineering\\\"},{\\\"employeeId\\\":106,\\\"firstName\\\":\\\"Emily\\\",\\\"lastName\\\":\\\"Wilson\\\",\\\"email\\\":\\\"emily.wilson@example.com\\\",\\\"title\\\":\\\"UX Designer\\\",\\\"startDate\\\":\\\"2022-08-10\\\",\\\"salary\\\":95026,\\\"department\\\":\\\"Design\\\"},{\\\"employeeId\\\":107,\\\"firstName\\\":\\\"John\\\",\\\"lastName\\\":\\\"Jackson\\\",\\\"email\\\":\\\"john.jackson@example.com\\\",\\\"title\\\":\\\"Scrum Master\\\",\\\"startDate\\\":\\\"2020-03-24\\\",\\\"salary\\\":106029,\\\"department\\\":\\\"Project Management\\\"},{\\\"employeeId\\\":108,\\\"firstName\\\":\\\"Daniel\\\",\\\"lastName\\\":\\\"Anderson\\\",\\\"email\\\":\\\"daniel.anderson@example.com\\\",\\\"title\\\":\\\"Product Designer\\\",\\\"startDate\\\":\\\"2024-01-10\\\",\\\"salary\\\":91427,\\\"department\\\":\\\"Design\\\"},{\\\"employeeId\\\":109,\\\"firstName\\\":\\\"Jane\\\",\\\"lastName\\\":\\\"Davis\\\",\\\"email\\\":\\\"jane.davis@example.com\\\",\\\"title\\\":\\\"QA Analyst\\\",\\\"startDate\\\":\\\"2021-11-15\\\",\\\"salary\\\":82679,\\\"department\\\":\\\"Quality Assurance\\\"},{\\\"employeeId\\\":110,\\\"firstName\\\":\\\"Emily\\\",\\\"lastName\\\":\\\"Harris\\\",\\\"email\\\":\\\"emily.harris@example.com\\\",\\\"title\\\":\\\"Backend Developer\\\",\\\"startDate\\\":\\\"2023-07-24\\\",\\\"salary\\\":97666,\\\"department\\\":\\\"Engineering\\\"},{\\\"employeeId\\\":111,\\\"firstName\\\":\\\"John\\\",\\\"lastName\\\":\\\"Thomas\\\",\\\"email\\\":\\\"john.thomas@example.com\\\",\\\"title\\\":\\\"Scrum Master\\\",\\\"startDate\\\":\\\"2022-03-16\\\",\\\"salary\\\":119015,\\\"department\\\":\\\"Project Management\\\"},{\\\"employeeId\\\":112,\\\"firstName\\\":\\\"Daniel\\\",\\\"lastName\\\":\\\"Davis\\\",\\\"email\\\":\\\"daniel.davis@example.com\\\",\\\"title\\\":\\\"Test Engineer\\\",\\\"startDate\\\":\\\"2021-10-03\\\",\\\"salary\\\":75724,\\\"department\\\":\\\"Quality Assurance\\\"},{\\\"employeeId\\\":113,\\\"firstName\\\":\\\"Tom\\\",\\\"lastName\\\":\\\"Jackson\\\",\\\"email\\\":\\\"tom.jackson@example.com\\\",\\\"title\\\":\\\"Frontend Developer\\\",\\\"startDate\\\":\\\"2021-02-20\\\",\\\"salary\\\":112080,\\\"department\\\":\\\"Engineering\\\"},{\\\"employeeId\\\":114,\\\"firstName\\\":\\\"Sara\\\",\\\"lastName\\\":\\\"Harris\\\",\\\"email\\\":\\\"sara.harris@example.com\\\",\\\"title\\\":\\\"QA Analyst\\\",\\\"startDate\\\":\\\"2024-01-23\\\",\\\"salary\\\":71896,\\\"department\\\":\\\"Quality Assurance\\\"},{\\\"employeeId\\\":115,\\\"firstName\\\":\\\"Linda\\\",\\\"lastName\\\":\\\"Thomas\\\",\\\"email\\\":\\\"linda.thomas@example.com\\\",\\\"title\\\":\\\"Scrum Master\\\",\\\"startDate\\\":\\\"2022-01-17\\\",\\\"salary\\\":81893,\\\"department\\\":\\\"Project Management\\\"},{\\\"employeeId\\\":116,\\\"firstName\\\":\\\"Emily\\\",\\\"lastName\\\":\\\"Jackson\\\",\\\"email\\\":\\\"emily.jackson@example.com\\\",\\\"title\\\":\\\"Frontend Developer\\\",\\\"startDate\\\":\\\"2024-06-02\\\",\\\"salary\\\":105059,\\\"department\\\":\\\"Engineering\\\"},{\\\"employeeId\\\":117,\\\"firstName\\\":\\\"Michael\\\",\\\"lastName\\\":\\\"Wilson\\\",\\\"email\\\":\\\"michael.wilson@example.com\\\",\\\"title\\\":\\\"Project Manager\\\",\\\"startDate\\\":\\\"2021-02-11\\\",\\\"salary\\\":113144,\\\"department\\\":\\\"Project Management\\\"},{\\\"employeeId\\\":118,\\\"firstName\\\":\\\"Tom\\\",\\\"lastName\\\":\\\"Jackson\\\",\\\"email\\\":\\\"tom.jackson@example.com\\\",\\\"title\\\":\\\"Software Engineer\\\",\\\"startDate\\\":\\\"2023-02-03\\\",\\\"salary\\\":107653,\\\"department\\\":\\\"Engineering\\\"},{\\\"employeeId\\\":119,\\\"firstName\\\":\\\"John\\\",\\\"lastName\\\":\\\"Davis\\\",\\\"email\\\":\\\"john.davis@example.com\\\",\\\"title\\\":\\\"Scrum Master\\\",\\\"startDate\\\":\\\"2022-06-02\\\",\\\"salary\\\":79871,\\\"department\\\":\\\"Project Management\\\"},{\\\"employeeId\\\":120,\\\"firstName\\\":\\\"Linda\\\",\\\"lastName\\\":\\\"Wilson\\\",\\\"email\\\":\\\"linda.wilson@example.com\\\",\\\"title\\\":\\\"Project Manager\\\",\\\"startDate\\\":\\\"2024-09-20\\\",\\\"salary\\\":91873,\\\"department\\\":\\\"Project Management\\\"},{\\\"employeeId\\\":121,\\\"firstName\\\":\\\"Sara\\\",\\\"lastName\\\":\\\"White\\\",\\\"email\\\":\\\"sara.white@example.com\\\",\\\"title\\\":\\\"Product Designer\\\",\\\"startDate\\\":\\\"2021-12-12\\\",\\\"salary\\\":117545,\\\"department\\\":\\\"Design\\\"},{\\\"employeeId\\\":122,\\\"firstName\\\":\\\"Linda\\\",\\\"lastName\\\":\\\"Martin\\\",\\\"email\\\":\\\"linda.martin@example.com\\\",\\\"title\\\":\\\"UX Designer\\\",\\\"startDate\\\":\\\"2024-08-12\\\",\\\"salary\\\":71943,\\\"department\\\":\\\"Design\\\"},{\\\"employeeId\\\":123,\\\"firstName\\\":\\\"Laura\\\",\\\"lastName\\\":\\\"Brown\\\",\\\"email\\\":\\\"laura.brown@example.com\\\",\\\"title\\\":\\\"Scrum Master\\\",\\\"startDate\\\":\\\"2022-04-18\\\",\\\"salary\\\":86060,\\\"department\\\":\\\"Project Management\\\"},{\\\"employeeId\\\":124,\\\"firstName\\\":\\\"Linda\\\",\\\"lastName\\\":\\\"Jackson\\\",\\\"email\\\":\\\"linda.jackson@example.com\\\",\\\"title\\\":\\\"Product Designer\\\",\\\"startDate\\\":\\\"2021-06-06\\\",\\\"salary\\\":73930,\\\"department\\\":\\\"Design\\\"},{\\\"employeeId\\\":125,\\\"firstName\\\":\\\"Emily\\\",\\\"lastName\\\":\\\"Davis\\\",\\\"email\\\":\\\"emily.davis@example.com\\\",\\\"title\\\":\\\"Product Designer\\\",\\\"startDate\\\":\\\"2020-02-24\\\",\\\"salary\\\":84454,\\\"department\\\":\\\"Design\\\"},{\\\"employeeId\\\":126,\\\"firstName\\\":\\\"Emily\\\",\\\"lastName\\\":\\\"Martin\\\",\\\"email\\\":\\\"emily.martin@example.com\\\",\\\"title\\\":\\\"Product Designer\\\",\\\"startDate\\\":\\\"2023-01-15\\\",\\\"salary\\\":70042,\\\"department\\\":\\\"Design\\\"},{\\\"employeeId\\\":127,\\\"firstName\\\":\\\"Michael\\\",\\\"lastName\\\":\\\"Brown\\\",\\\"email\\\":\\\"michael.brown@example.com\\\",\\\"title\\\":\\\"Project Manager\\\",\\\"startDate\\\":\\\"2024-04-20\\\",\\\"salary\\\":103768,\\\"department\\\":\\\"Project Management\\\"},{\\\"employeeId\\\":128,\\\"firstName\\\":\\\"John\\\",\\\"lastName\\\":\\\"Harris\\\",\\\"email\\\":\\\"john.harris@example.com\\\",\\\"title\\\":\\\"Product Designer\\\",\\\"startDate\\\":\\\"2023-09-14\\\",\\\"salary\\\":90685,\\\"department\\\":\\\"Design\\\"},{\\\"employeeId\\\":129,\\\"firstName\\\":\\\"Tom\\\",\\\"lastName\\\":\\\"Wilson\\\",\\\"email\\\":\\\"tom.wilson@example.com\\\",\\\"title\\\":\\\"Scrum Master\\\",\\\"startDate\\\":\\\"2022-01-07\\\",\\\"salary\\\":103834,\\\"department\\\":\\\"Project Management\\\"},{\\\"employeeId\\\":130,\\\"firstName\\\":\\\"Michael\\\",\\\"lastName\\\":\\\"Thomas\\\",\\\"email\\\":\\\"michael.thomas@example.com\\\",\\\"title\\\":\\\"Project Manager\\\",\\\"startDate\\\":\\\"2024-08-13\\\",\\\"salary\\\":98517,\\\"department\\\":\\\"Project Management\\\"},{\\\"employeeId\\\":131,\\\"firstName\\\":\\\"Emily\\\",\\\"lastName\\\":\\\"Jackson\\\",\\\"email\\\":\\\"emily.jackson@example.com\\\",\\\"title\\\":\\\"Product Designer\\\",\\\"startDate\\\":\\\"2024-05-18\\\",\\\"salary\\\":85230,\\\"department\\\":\\\"Design\\\"},{\\\"employeeId\\\":132,\\\"firstName\\\":\\\"Sara\\\",\\\"lastName\\\":\\\"Brown\\\",\\\"email\\\":\\\"sara.brown@example.com\\\",\\\"title\\\":\\\"Software Engineer\\\",\\\"startDate\\\":\\\"2020-03-22\\\",\\\"salary\\\":88370,\\\"department\\\":\\\"Engineering\\\"},{\\\"employeeId\\\":133,\\\"firstName\\\":\\\"Jane\\\",\\\"lastName\\\":\\\"White\\\",\\\"email\\\":\\\"jane.white@example.com\\\",\\\"title\\\":\\\"Software Engineer\\\",\\\"startDate\\\":\\\"2022-09-29\\\",\\\"salary\\\":91528,\\\"department\\\":\\\"Engineering\\\"},{\\\"employeeId\\\":134,\\\"firstName\\\":\\\"Sara\\\",\\\"lastName\\\":\\\"Taylor\\\",\\\"email\\\":\\\"sara.taylor@example.com\\\",\\\"title\\\":\\\"Frontend Developer\\\",\\\"startDate\\\":\\\"2022-09-03\\\",\\\"salary\\\":82935,\\\"department\\\":\\\"Engineering\\\"},{\\\"employeeId\\\":135,\\\"firstName\\\":\\\"James\\\",\\\"lastName\\\":\\\"Jackson\\\",\\\"email\\\":\\\"james.jackson@example.com\\\",\\\"title\\\":\\\"Software Engineer\\\",\\\"startDate\\\":\\\"2022-11-26\\\",\\\"salary\\\":81652,\\\"department\\\":\\\"Engineering\\\"},{\\\"employeeId\\\":136,\\\"firstName\\\":\\\"Linda\\\",\\\"lastName\\\":\\\"Harris\\\",\\\"email\\\":\\\"linda.harris@example.com\\\",\\\"title\\\":\\\"Software Engineer\\\",\\\"startDate\\\":\\\"2022-07-03\\\",\\\"salary\\\":88245,\\\"department\\\":\\\"Engineering\\\"},{\\\"employeeId\\\":137,\\\"firstName\\\":\\\"Sara\\\",\\\"lastName\\\":\\\"Davis\\\",\\\"email\\\":\\\"sara.davis@example.com\\\",\\\"title\\\":\\\"UX Designer\\\",\\\"startDate\\\":\\\"2020-12-04\\\",\\\"salary\\\":107874,\\\"department\\\":\\\"Design\\\"},{\\\"employeeId\\\":138,\\\"firstName\\\":\\\"Laura\\\",\\\"lastName\\\":\\\"Martin\\\",\\\"email\\\":\\\"laura.martin@example.com\\\",\\\"title\\\":\\\"Scrum Master\\\",\\\"startDate\\\":\\\"2022-06-20\\\",\\\"salary\\\":79406,\\\"department\\\":\\\"Project Management\\\"},{\\\"employeeId\\\":139,\\\"firstName\\\":\\\"Michael\\\",\\\"lastName\\\":\\\"Thomas\\\",\\\"email\\\":\\\"michael.thomas@example.com\\\",\\\"title\\\":\\\"QA Analyst\\\",\\\"startDate\\\":\\\"2023-03-25\\\",\\\"salary\\\":92173,\\\"department\\\":\\\"Quality Assurance\\\"},{\\\"employeeId\\\":140,\\\"firstName\\\":\\\"Laura\\\",\\\"lastName\\\":\\\"Thomas\\\",\\\"email\\\":\\\"laura.thomas@example.com\\\",\\\"title\\\":\\\"Scrum Master\\\",\\\"startDate\\\":\\\"2021-11-26\\\",\\\"salary\\\":97341,\\\"department\\\":\\\"Project Management\\\"},{\\\"employeeId\\\":141,\\\"firstName\\\":\\\"Michael\\\",\\\"lastName\\\":\\\"White\\\",\\\"email\\\":\\\"michael.white@example.com\\\",\\\"title\\\":\\\"UX Designer\\\",\\\"startDate\\\":\\\"2021-11-11\\\",\\\"salary\\\":119012,\\\"department\\\":\\\"Design\\\"},{\\\"employeeId\\\":142,\\\"firstName\\\":\\\"Linda\\\",\\\"lastName\\\":\\\"Anderson\\\",\\\"email\\\":\\\"linda.anderson@example.com\\\",\\\"title\\\":\\\"UX Designer\\\",\\\"startDate\\\":\\\"2020-12-21\\\",\\\"salary\\\":75461,\\\"department\\\":\\\"Design\\\"},{\\\"employeeId\\\":143,\\\"firstName\\\":\\\"Michael\\\",\\\"lastName\\\":\\\"White\\\",\\\"email\\\":\\\"michael.white@example.com\\\",\\\"title\\\":\\\"Scrum Master\\\",\\\"startDate\\\":\\\"2023-06-21\\\",\\\"salary\\\":104021,\\\"department\\\":\\\"Project Management\\\"},{\\\"employeeId\\\":144,\\\"firstName\\\":\\\"John\\\",\\\"lastName\\\":\\\"Brown\\\",\\\"email\\\":\\\"john.brown@example.com\\\",\\\"title\\\":\\\"QA Analyst\\\",\\\"startDate\\\":\\\"2021-05-02\\\",\\\"salary\\\":95826,\\\"department\\\":\\\"Quality Assurance\\\"},{\\\"employeeId\\\":145,\\\"firstName\\\":\\\"John\\\",\\\"lastName\\\":\\\"Jackson\\\",\\\"email\\\":\\\"john.jackson@example.com\\\",\\\"title\\\":\\\"UX Designer\\\",\\\"startDate\\\":\\\"2024-02-11\\\",\\\"salary\\\":108738,\\\"department\\\":\\\"Design\\\"},{\\\"employeeId\\\":146,\\\"firstName\\\":\\\"James\\\",\\\"lastName\\\":\\\"Jackson\\\",\\\"email\\\":\\\"james.jackson@example.com\\\",\\\"title\\\":\\\"UX Designer\\\",\\\"startDate\\\":\\\"2024-07-02\\\",\\\"salary\\\":70071,\\\"department\\\":\\\"Design\\\"},{\\\"employeeId\\\":147,\\\"firstName\\\":\\\"John\\\",\\\"lastName\\\":\\\"Brown\\\",\\\"email\\\":\\\"john.brown@example.com\\\",\\\"title\\\":\\\"QA Analyst\\\",\\\"startDate\\\":\\\"2021-05-17\\\",\\\"salary\\\":102856,\\\"department\\\":\\\"Quality Assurance\\\"},{\\\"employeeId\\\":148,\\\"firstName\\\":\\\"Sara\\\",\\\"lastName\\\":\\\"White\\\",\\\"email\\\":\\\"sara.white@example.com\\\",\\\"title\\\":\\\"QA Analyst\\\",\\\"startDate\\\":\\\"2023-10-30\\\",\\\"salary\\\":101787,\\\"department\\\":\\\"Quality Assurance\\\"},{\\\"employeeId\\\":149,\\\"firstName\\\":\\\"Emily\\\",\\\"lastName\\\":\\\"Brown\\\",\\\"email\\\":\\\"emily.brown@example.com\\\",\\\"title\\\":\\\"QA Analyst\\\",\\\"startDate\\\":\\\"2022-09-07\\\",\\\"salary\\\":70562,\\\"department\\\":\\\"Quality Assurance\\\"},{\\\"employeeId\\\":150,\\\"firstName\\\":\\\"Tom\\\",\\\"lastName\\\":\\\"Martin\\\",\\\"email\\\":\\\"tom.martin@example.com\\\",\\\"title\\\":\\\"Project Manager\\\",\\\"startDate\\\":\\\"2024-10-01\\\",\\\"salary\\\":104326,\\\"department\\\":\\\"Project Management\\\"}]}\", \"isSetValue\": false, \"dataElementType\": \"string\", \"componentConfigId\": \"0b67046f-5683-4cb1-96a8-c588427305d2\", \"componentConfigName\": \"Map\"}], \"mapCondition\": {\"isConditionSet\": false, \"sourceTreeIndex\": [], \"targetTreeIndex\": [], \"mapConditionFormValue\": {}}, \"dataElementType\": \"string\", \"variableSubstitution\": false, \"overwritePipelineValue\": false}]}], \"tracks\": {}, \"transformer\": []}",
    "null" : false
  },
  "endpoint_structure_json" : {
    "type" : "jsonb",
    "value" : "{\"maps\": []}",
    "null" : false
  },
  "is_error" : false,
  "no_of_errors" : 0,
  "action_input_type" : null,
  "config_service_id" : null,
  "config_imap_id" : null,
  "config_b2b_document_type_id" : null,
  "config_document_id" : null,
  "add_variables" : {
    "type" : "jsonb",
    "value" : "[{\"id\": \"2f0360b2-c495-4ad8-a3f4-df6815d85609\", \"key\": \"/employeeSalaryData\", \"type\": \"node\", \"order\": 1, \"title\": \"employeeSalaryData\", \"value\": {\"type\": \"string\"}, \"children\": [], \"editAllow\": true, \"dataElementType\": \"string\", \"componentConfigId\": \"0b67046f-5683-4cb1-96a8-c588427305d2\", \"componentConfigName\": \"Map\"}]",
    "null" : false
  },
  "drop_variables" : {
    "type" : "jsonb",
    "value" : "[]",
    "null" : false
  },
  "plug_input_structure" : null,
  "plug_output_structure" : null,
  "config_plug_id" : null,
  "override_plug" : false,
  "config_java_service_id" : null,
  "service_tag" : "V22",
  "endpoint_tag" : null,
  "config_service_tag" : "",
  "config_imap_tag" : "",
  "config_b2b_document_type_tag" : "",
  "active" : false,
  "parent_component_config_service_tag" : "V22",
  "service_project_id" : "94afffa5-622e-4445-9e23-5019119fbd0b",
  "service_project_tag" : "V22",
  "config_service_project_id" : null,
  "config_service_project_tag" : "",
  "config_imap_project_id" : null,
  "config_imap_project_tag" : "",
  "config_b2b_document_type_project_id" : null,
  "config_b2b_document_type_project_tag" : "",
  "endpoint_project_id" : null,
  "endpoint_project_tag" : null,
  "config_plug_tag" : null,
  "config_plug_project_id" : null,
  "config_plug_project_tag" : null,
  "config_java_service_tag" : "",
  "config_java_service_project_id" : null,
  "config_java_service_project_tag" : "",
  "disabled" : false,
  "config" : null,
  "config_b2b_document_type_project_mode_id" : "112c1cb8-4b9e-4d1a-a042-0bd031dc7d05",
  "config_imap_project_mode_id" : "112c1cb8-4b9e-4d1a-a042-0bd031dc7d05",
  "config_java_service_project_mode_id" : "112c1cb8-4b9e-4d1a-a042-0bd031dc7d05",
  "config_plug_project_mode_id" : "112c1cb8-4b9e-4d1a-a042-0bd031dc7d05",
  "config_service_project_mode_id" : "112c1cb8-4b9e-4d1a-a042-0bd031dc7d05",
  "endpoint_project_mode_id" : "112c1cb8-4b9e-4d1a-a042-0bd031dc7d05",
  "service_project_mode_id" : "112c1cb8-4b9e-4d1a-a042-0bd031dc7d05",
  "parent_component_config_service_project_mode_id" : "112c1cb8-4b9e-4d1a-a042-0bd031dc7d05",
  "is_audit" : true,
  "keys_with_order" : null
}