{
  "component_config_id" : "20398d9d-a0ef-4503-b5c5-596b503a9aff",
  "endpoint_config_json" : {
    "type" : "jsonb",
    "value" : "{\"crossRef\": [], \"services\": [], \"multistep\": [], \"operations\": []}",
    "null" : false
  },
  "input_config_json" : {
    "type" : "jsonb",
    "value" : "{\"crossRef\": [], \"services\": [], \"multistep\": [], \"operations\": []}",
    "null" : false
  },
  "output_config_json" : {
    "type" : "jsonb",
    "value" : "{\"crossRef\": [], \"services\": [], \"multistep\": [], \"operations\": [{\"map\": {\"id\": \"c6a778f7-62cd-411e-8cef-4395cce23387\", \"root\": false, \"type\": \"setValue\", \"cached\": false, \"target\": \"/user/firstName\", \"mapNull\": false, \"disabled\": false, \"extractXml\": false, \"extractJson\": false, \"targetOrder\": 1.0, \"targetValue\": \"John\", \"mapEmptyString\": false, \"targetJavaType\": \"java.lang.String\", \"variableSubstitution\": false}}, {\"map\": {\"id\": \"604a4e74-6a1f-4bc6-aaa0-66c66905fa70\", \"root\": false, \"type\": \"setValue\", \"cached\": false, \"target\": \"/user/lastName\", \"mapNull\": false, \"disabled\": false, \"extractXml\": false, \"extractJson\": false, \"targetOrder\": 1.0, \"targetValue\": \"Doe\", \"mapEmptyString\": false, \"targetJavaType\": \"java.lang.String\", \"variableSubstitution\": false}}, {\"map\": {\"id\": \"f6f74821-6ddc-4975-bb61-465f76e95c60\", \"root\": false, \"type\": \"setValue\", \"cached\": false, \"target\": \"/user/email\", \"mapNull\": false, \"disabled\": false, \"extractXml\": false, \"extractJson\": false, \"targetOrder\": 1.0, \"targetValue\": \"jdoe@gmail.com\", \"mapEmptyString\": false, \"targetJavaType\": \"java.lang.String\", \"variableSubstitution\": false}}, {\"map\": {\"id\": \"2cc26552-0e16-41a5-8bb5-d74564621eed\", \"root\": false, \"type\": \"setValue\", \"cached\": false, \"target\": \"/inputs\", \"mapNull\": false, \"disabled\": false, \"extractXml\": false, \"extractJson\": false, \"targetOrder\": 1.0, \"targetValue\": \"%{/HTTPSServerGetOutput/queryParams/status}%, %{/HTTPSServerGetOutput/pathParams/userId}%, %{/HTTPSServerGetOutput/headers/x-custom-header}%\", \"mapEmptyString\": false, \"targetJavaType\": \"java.lang.String\", \"variableSubstitution\": true}}]}",
    "null" : false
  },
  "component_id" : "8ac5fe03-27a2-4e6a-a449-6a8893818223",
  "service_id" : "670f7329-e468-4283-9423-525deb829c31",
  "endpoint_id" : null,
  "parent_component_config_id" : null,
  "component_config_order" : 2.0,
  "action_id" : "06843b78-eab0-45da-afab-8c8277d7553f",
  "name" : null,
  "description" : "",
  "override_endpoint" : false,
  "input_structure_json" : {
    "type" : "jsonb",
    "value" : "{\"maps\": [], \"mappedNodes\": [\"/user/firstNamepipeOut\", \"/userpipeOut\", \"/user/lastNamepipeOut\", \"/userpipeOut\", \"/user/emailpipeOut\", \"/userpipeOut\", \"/inputspipeOut\"]}",
    "null" : false
  },
  "output_structure_json" : {
    "type" : "jsonb",
    "value" : "{\"maps\": [{\"/user/firstName\": [{\"type\": \"setValue\", \"order\": 1, \"target\": {\"path\": \"/user/firstName\", \"order\": 1, \"title\": \"firstName\", \"dataElementType\": \"string\"}, \"values\": [{\"id\": \"2f1f6054-c6e4-4b0e-8243-bc3185d90e8f\", \"key\": \"/user/firstName\", \"type\": \"node\", \"order\": 1, \"title\": \"firstName\", \"children\": [], \"setValue\": null, \"editAllow\": true, \"uiElement\": \"John\", \"isSetValue\": false, \"dataElementType\": \"string\", \"componentConfigId\": \"20398d9d-a0ef-4503-b5c5-596b503a9aff\", \"componentConfigName\": \"Map\"}], \"mapCondition\": {\"isConditionSet\": false, \"sourceTreeIndex\": [], \"targetTreeIndex\": [], \"mapConditionFormValue\": {}}, \"dataElementType\": \"string\", \"variableSubstitution\": false, \"overwritePipelineValue\": false}]}, {\"/user/lastName\": [{\"type\": \"setValue\", \"order\": 1, \"target\": {\"path\": \"/user/lastName\", \"order\": 1, \"title\": \"lastName\", \"dataElementType\": \"string\"}, \"values\": [{\"id\": \"13a41197-34eb-44a2-a418-ae57cff04396\", \"key\": \"/user/lastName\", \"type\": \"node\", \"order\": 1, \"title\": \"lastName\", \"children\": [], \"setValue\": null, \"editAllow\": true, \"uiElement\": \"Doe\", \"isSetValue\": false, \"dataElementType\": \"string\", \"componentConfigId\": \"20398d9d-a0ef-4503-b5c5-596b503a9aff\", \"componentConfigName\": \"Map\"}], \"mapCondition\": {\"isConditionSet\": false, \"sourceTreeIndex\": [], \"targetTreeIndex\": [], \"mapConditionFormValue\": {}}, \"dataElementType\": \"string\", \"variableSubstitution\": false, \"overwritePipelineValue\": false}]}, {\"/user/email\": [{\"type\": \"setValue\", \"order\": 1, \"target\": {\"path\": \"/user/email\", \"order\": 1, \"title\": \"email\", \"dataElementType\": \"string\"}, \"values\": [{\"id\": \"010fc1fe-73ce-440d-8cab-1bcfd79eb281\", \"key\": \"/user/email\", \"type\": \"node\", \"order\": 1, \"title\": \"email\", \"children\": [], \"setValue\": null, \"editAllow\": true, \"uiElement\": \"jdoe@gmail.com\", \"isSetValue\": false, \"dataElementType\": \"string\", \"componentConfigId\": \"20398d9d-a0ef-4503-b5c5-596b503a9aff\", \"componentConfigName\": \"Map\"}], \"mapCondition\": {\"isConditionSet\": false, \"sourceTreeIndex\": [], \"targetTreeIndex\": [], \"mapConditionFormValue\": {}}, \"dataElementType\": \"string\", \"variableSubstitution\": false, \"overwritePipelineValue\": false}]}, {\"/inputs\": [{\"type\": \"setValue\", \"order\": 1, \"target\": {\"path\": \"/inputs\", \"order\": 1, \"title\": \"inputs\", \"dataElementType\": \"string\"}, \"values\": [{\"id\": \"b6733a89-8acb-46f8-9f71-bbd0edb6882e\", \"key\": \"/inputs\", \"type\": \"node\", \"order\": 1, \"title\": \"inputs\", \"children\": [], \"setValue\": null, \"editAllow\": true, \"uiElement\": \"<input _ngcontent-ng-c3455819434=\\\"\\\" class=\\\"chip\\\" title=\\\"/HTTPSServerGetOutput/queryParams/status\\\" readonly=\\\"true\\\" disabled=\\\"true\\\" type=\\\"button\\\" value=\\\"status\\\">, <input _ngcontent-ng-c3455819434=\\\"\\\" class=\\\"chip\\\" title=\\\"/HTTPSServerGetOutput/pathParams/userId\\\" readonly=\\\"true\\\" disabled=\\\"true\\\" type=\\\"button\\\" value=\\\"userId\\\">, <input _ngcontent-ng-c3455819434=\\\"\\\" class=\\\"chip\\\" title=\\\"/HTTPSServerGetOutput/headers/x-custom-header\\\" readonly=\\\"true\\\" disabled=\\\"true\\\" type=\\\"button\\\" value=\\\"x-custom-header\\\">\", \"isSetValue\": false, \"dataElementType\": \"string\", \"componentConfigId\": \"20398d9d-a0ef-4503-b5c5-596b503a9aff\", \"componentConfigName\": \"Map\"}], \"mapCondition\": {\"isConditionSet\": false, \"sourceTreeIndex\": [], \"targetTreeIndex\": [], \"mapConditionFormValue\": {}}, \"dataElementType\": \"string\", \"variableSubstitution\": true, \"overwritePipelineValue\": false}]}], \"tracks\": {}, \"transformer\": []}",
    "null" : false
  },
  "endpoint_structure_json" : {
    "type" : "jsonb",
    "value" : "{\"maps\": []}",
    "null" : false
  },
  "is_error" : false,
  "no_of_errors" : 0,
  "action_input_type" : null,
  "config_service_id" : null,
  "config_imap_id" : null,
  "config_b2b_document_type_id" : null,
  "config_document_id" : null,
  "add_variables" : {
    "type" : "jsonb",
    "value" : "[{\"id\": \"670747c4-2ad6-416e-8d3e-d2260612c12b\", \"key\": \"/user\", \"type\": \"node\", \"order\": 1, \"title\": \"user\", \"value\": {\"type\": \"array\"}, \"children\": [{\"id\": \"4a370c5b-8ae8-4ae8-b180-331aea2dcbdc\", \"key\": \"/user/firstName\", \"type\": \"node\", \"order\": 1, \"title\": \"firstName\", \"value\": {\"type\": \"string\"}, \"children\": [], \"editAllow\": true, \"dataElementType\": \"string\", \"componentConfigId\": \"20398d9d-a0ef-4503-b5c5-596b503a9aff\", \"componentConfigName\": \"Map\"}, {\"id\": \"42e501b1-1cbe-4259-a4fe-17919308d111\", \"key\": \"/user/lastName\", \"type\": \"node\", \"order\": 1, \"title\": \"lastName\", \"value\": {\"type\": \"string\"}, \"children\": [], \"editAllow\": true, \"dataElementType\": \"string\", \"componentConfigId\": \"20398d9d-a0ef-4503-b5c5-596b503a9aff\", \"componentConfigName\": \"Map\"}, {\"id\": \"8bb914dc-6942-4e8e-8e61-d4522218cce3\", \"key\": \"/user/email\", \"type\": \"node\", \"order\": 1, \"title\": \"email\", \"value\": {\"type\": \"string\"}, \"children\": [], \"editAllow\": true, \"dataElementType\": \"string\", \"componentConfigId\": \"20398d9d-a0ef-4503-b5c5-596b503a9aff\", \"componentConfigName\": \"Map\"}], \"editAllow\": true, \"dataElementType\": \"document\", \"componentConfigId\": \"20398d9d-a0ef-4503-b5c5-596b503a9aff\", \"componentConfigName\": \"Map\"}, {\"id\": \"a9e18beb-2788-4fc2-8a4a-2f2d909acc21\", \"key\": \"/inputs\", \"type\": \"node\", \"order\": 1, \"title\": \"inputs\", \"value\": {\"type\": \"string\"}, \"children\": [], \"editAllow\": true, \"dataElementType\": \"string\", \"componentConfigId\": \"20398d9d-a0ef-4503-b5c5-596b503a9aff\", \"componentConfigName\": \"Map\"}]",
    "null" : false
  },
  "drop_variables" : {
    "type" : "jsonb",
    "value" : "[]",
    "null" : false
  },
  "plug_input_structure" : null,
  "plug_output_structure" : null,
  "config_plug_id" : null,
  "override_plug" : false,
  "config_java_service_id" : null,
  "service_tag" : "V22",
  "endpoint_tag" : null,
  "config_service_tag" : "",
  "config_imap_tag" : "",
  "config_b2b_document_type_tag" : "",
  "active" : false,
  "parent_component_config_service_tag" : "V22",
  "service_project_id" : "94afffa5-622e-4445-9e23-5019119fbd0b",
  "service_project_tag" : "V22",
  "config_service_project_id" : null,
  "config_service_project_tag" : "",
  "config_imap_project_id" : null,
  "config_imap_project_tag" : "",
  "config_b2b_document_type_project_id" : null,
  "config_b2b_document_type_project_tag" : "",
  "endpoint_project_id" : null,
  "endpoint_project_tag" : null,
  "config_plug_tag" : null,
  "config_plug_project_id" : null,
  "config_plug_project_tag" : null,
  "config_java_service_tag" : "",
  "config_java_service_project_id" : null,
  "config_java_service_project_tag" : "",
  "disabled" : false,
  "config" : null,
  "config_b2b_document_type_project_mode_id" : "112c1cb8-4b9e-4d1a-a042-0bd031dc7d05",
  "config_imap_project_mode_id" : "112c1cb8-4b9e-4d1a-a042-0bd031dc7d05",
  "config_java_service_project_mode_id" : "112c1cb8-4b9e-4d1a-a042-0bd031dc7d05",
  "config_plug_project_mode_id" : "112c1cb8-4b9e-4d1a-a042-0bd031dc7d05",
  "config_service_project_mode_id" : "112c1cb8-4b9e-4d1a-a042-0bd031dc7d05",
  "endpoint_project_mode_id" : "112c1cb8-4b9e-4d1a-a042-0bd031dc7d05",
  "service_project_mode_id" : "112c1cb8-4b9e-4d1a-a042-0bd031dc7d05",
  "parent_component_config_service_project_mode_id" : "112c1cb8-4b9e-4d1a-a042-0bd031dc7d05",
  "is_audit" : true,
  "keys_with_order" : null
}