{
  "component_config_id" : "a761d455-f215-42ae-9475-46f876041f21",
  "endpoint_config_json" : {
    "type" : "jsonb",
    "value" : "{\"crossRef\": [], \"services\": [], \"multistep\": [], \"operations\": []}",
    "null" : false
  },
  "input_config_json" : {
    "type" : "jsonb",
    "value" : "{\"crossRef\": [], \"services\": [], \"multistep\": [], \"operations\": [{\"map\": {\"id\": \"90fb6b2c-7615-4ac9-b1c2-fb24cf6d822a\", \"root\": false, \"type\": \"map\", \"cached\": false, \"source\": \"/user\", \"target\": \"/HttpResponseInput/body\", \"mapNull\": false, \"disabled\": false, \"extractXml\": false, \"extractJson\": false, \"targetOrder\": 2.0, \"mapEmptyString\": false, \"targetJavaType\": \"java.lang.String\"}}, {\"map\": {\"id\": \"f5ed0ea4-724d-491c-94fd-e1cfee996091\", \"root\": false, \"type\": \"map\", \"cached\": false, \"source\": \"/inputs\", \"target\": \"/HttpResponseInput/headers/x-mycustom-header\", \"mapNull\": false, \"disabled\": false, \"extractXml\": false, \"extractJson\": false, \"targetOrder\": 1.0, \"mapEmptyString\": false, \"sourceJavaType\": \"java.lang.String\", \"targetJavaType\": \"java.lang.String\"}}, {\"map\": {\"id\": \"557abad3-17d1-4d3e-bdb5-c80fa3a95c93\", \"root\": false, \"type\": \"setValue\", \"cached\": false, \"target\": \"/HttpResponseInput/status\", \"mapNull\": false, \"disabled\": false, \"extractXml\": false, \"extractJson\": false, \"targetOrder\": 5.0, \"targetValue\": \"200\", \"mapEmptyString\": false, \"targetJavaType\": \"java.lang.Integer\", \"variableSubstitution\": false}}, {\"map\": {\"id\": \"aeff7f6e-36e0-43c2-a784-2cd35b681dfb\", \"root\": false, \"type\": \"setValue\", \"cached\": false, \"target\": \"/HttpResponseInput/headers/Content-Type\", \"mapNull\": false, \"disabled\": false, \"extractXml\": false, \"extractJson\": false, \"targetOrder\": 4.0, \"targetValue\": \"application/json\", \"mapEmptyString\": false, \"targetJavaType\": \"java.lang.String\", \"variableSubstitution\": false}}]}",
    "null" : false
  },
  "output_config_json" : {
    "type" : "jsonb",
    "value" : "{\"crossRef\": [], \"services\": [], \"multistep\": [], \"operations\": []}",
    "null" : false
  },
  "component_id" : "6116e8c7-9c67-4086-a4e5-5b0fa60d9070",
  "service_id" : "670f7329-e468-4283-9423-525deb829c31",
  "endpoint_id" : "d8c551ec-89e0-4781-91b7-9bd86dbaa9bf",
  "parent_component_config_id" : null,
  "component_config_order" : 1.0,
  "action_id" : "3c8179e3-0fd6-4fcb-a638-2417e4ca6eb8",
  "name" : "",
  "description" : "",
  "override_endpoint" : false,
  "input_structure_json" : {
    "type" : "jsonb",
    "value" : "{\"maps\": [{\"/HttpResponseInput/status\": [{\"type\": \"setValue\", \"target\": {\"path\": \"/HttpResponseInput/status\", \"order\": 5, \"title\": \"status\", \"dataElementType\": \"integer\"}, \"values\": [{\"id\": \"69ad8186-2252-4d18-9ddb-20fdd4fafb43\", \"key\": \"/HttpResponseInput/status\", \"type\": \"integer\", \"order\": 5, \"title\": \"status\", \"isLeaf\": true, \"children\": [], \"setValue\": null, \"uiElement\": \"200\", \"isSetValue\": false, \"dataElementType\": \"integer\"}], \"mapCondition\": {\"isConditionSet\": false, \"sourceTreeIndex\": [], \"targetTreeIndex\": [], \"mapConditionFormValue\": {}}, \"variableSubstitution\": false, \"overwritePipelineValue\": false}]}, {\"/HttpResponseInput/body\": [{\"type\": \"map\", \"source\": {\"path\": \"/user\", \"title\": \"user\", \"dataElementType\": \"document\"}, \"target\": {\"path\": \"/HttpResponseInput/body\", \"order\": 2, \"title\": \"body\", \"dataElementType\": \"string\"}, \"mapCondition\": {\"isConditionSet\": false, \"sourceTreeIndex\": [], \"targetTreeIndex\": [], \"mapConditionFormValue\": {}}}]}, {\"/HttpResponseInput/headers/Content-Type\": [{\"type\": \"setValue\", \"target\": {\"path\": \"/HttpResponseInput/headers/Content-Type\", \"order\": 4, \"title\": \"Content-Type\", \"dataElementType\": \"string\"}, \"values\": [{\"id\": \"3091c690-9fce-4349-99c6-459c931e767c\", \"key\": \"/HttpResponseInput/headers/Content-Type\", \"type\": \"string\", \"order\": 4, \"title\": \"Content-Type\", \"isLeaf\": true, \"children\": [], \"setValue\": null, \"uiElement\": \"application/json\", \"isSetValue\": false, \"dataElementType\": \"string\"}], \"mapCondition\": {\"isConditionSet\": false, \"sourceTreeIndex\": [], \"targetTreeIndex\": [], \"mapConditionFormValue\": {}}, \"variableSubstitution\": false, \"overwritePipelineValue\": false}]}, {\"/HttpResponseInput/headers/x-mycustom-header\": [{\"type\": \"map\", \"source\": {\"path\": \"/inputs\", \"title\": \"inputs\", \"dataElementType\": \"string\"}, \"target\": {\"path\": \"/HttpResponseInput/headers/x-mycustom-header\", \"order\": 1, \"title\": \"x-mycustom-header\", \"dataElementType\": \"string\"}, \"mapCondition\": {\"isConditionSet\": false, \"sourceTreeIndex\": [], \"targetTreeIndex\": [], \"mapConditionFormValue\": {}}}]}], \"mappedNodes\": [\"/HttpResponseInput/status actionIn\", \"/HttpResponseInput actionIn\", \"/user pipeIn\", \"/HttpResponseInput/body actionIn\", \"/HttpResponseInput/headers/Content-Type actionIn\", \"/HttpResponseInput/headers actionIn\", \"/HttpResponseInput actionIn\", \"/inputs pipeIn\", \"/HttpResponseInput/headers/x-mycustom-header actionIn\"], \"addVariables\": [{\"id\": \"d60720e2-ec1d-4b02-8685-be3c6d6065d7\", \"key\": \"/HttpResponseInput/headers/x-mycustom-header\", \"type\": \"node\", \"order\": 1, \"title\": \"x-mycustom-header\", \"value\": {\"type\": \"string\"}, \"children\": [], \"editAllow\": true, \"componentName\": \"\", \"dataElementType\": \"string\", \"componentConfigId\": \"a761d455-f215-42ae-9475-46f876041f21\", \"componentConfigName\": \"HTTPSServer\"}]}",
    "null" : false
  },
  "output_structure_json" : {
    "type" : "jsonb",
    "value" : "{\"maps\": [], \"tracks\": {}, \"transformer\": []}",
    "null" : false
  },
  "endpoint_structure_json" : {
    "type" : "jsonb",
    "value" : "{\"maps\": []}",
    "null" : false
  },
  "is_error" : false,
  "no_of_errors" : 0,
  "action_input_type" : null,
  "config_service_id" : null,
  "config_imap_id" : null,
  "config_b2b_document_type_id" : null,
  "config_document_id" : null,
  "add_variables" : {
    "type" : "jsonb",
    "value" : "[{\"id\": \"8a061dc5-dd6e-4424-b0da-1660e686f369\", \"key\": \"/HTTPSServerGetOutput\", \"type\": \"object\", \"title\": \"HTTPSServerGetOutput\", \"children\": [{\"id\": \"0a23815c-bd8a-4f0d-a65e-d81dea6d1db7\", \"key\": \"/HTTPSServerGetOutput/pathParams\", \"type\": \"object\", \"title\": \"pathParams\", \"children\": [{\"key\": \"/HTTPSServerGetOutput/pathParams/userId\", \"type\": \"node\", \"order\": 1.0, \"title\": \"userId\", \"children\": [], \"editAllow\": false, \"childrenSet\": false, \"hasChildren\": false, \"dataElementType\": \"string\", \"encryption_required\": false}], \"editAllow\": false, \"childrenSet\": false, \"hasChildren\": true, \"dataElementType\": \"document\", \"encryption_required\": false}, {\"id\": \"7e7689a2-409d-4850-aa6e-61b62aa816c2\", \"key\": \"/HTTPSServerGetOutput/queryParams\", \"type\": \"object\", \"title\": \"queryParams\", \"children\": [{\"key\": \"/HTTPSServerGetOutput/queryParams/status\", \"type\": \"node\", \"order\": 1.0, \"title\": \"status\", \"children\": [], \"editAllow\": false, \"childrenSet\": false, \"hasChildren\": false, \"dataElementType\": \"string\", \"encryption_required\": false}], \"editAllow\": false, \"childrenSet\": false, \"hasChildren\": true, \"dataElementType\": \"document\", \"encryption_required\": false}, {\"id\": \"eec0481e-6d8e-4e4c-a047-deed82c6418c\", \"key\": \"/HTTPSServerGetOutput/headers\", \"type\": \"object\", \"title\": \"headers\", \"children\": [{\"key\": \"/HTTPSServerGetOutput/headers/x-custom-header\", \"type\": \"node\", \"order\": 1.0, \"title\": \"x-custom-header\", \"children\": [], \"editAllow\": false, \"childrenSet\": false, \"hasChildren\": false, \"dataElementType\": \"string\", \"encryption_required\": false}], \"editAllow\": false, \"childrenSet\": false, \"hasChildren\": true, \"dataElementType\": \"document\", \"encryption_required\": false}], \"editAllow\": false, \"childrenSet\": false, \"hasChildren\": true, \"dataElementType\": \"document\", \"encryption_required\": false}]",
    "null" : false
  },
  "drop_variables" : {
    "type" : "jsonb",
    "value" : "[]",
    "null" : false
  },
  "plug_input_structure" : null,
  "plug_output_structure" : null,
  "config_plug_id" : null,
  "override_plug" : false,
  "config_java_service_id" : null,
  "service_tag" : "V22",
  "endpoint_tag" : "EMPTY",
  "config_service_tag" : "",
  "config_imap_tag" : "",
  "config_b2b_document_type_tag" : "",
  "active" : false,
  "parent_component_config_service_tag" : "V22",
  "service_project_id" : "94afffa5-622e-4445-9e23-5019119fbd0b",
  "service_project_tag" : "V22",
  "config_service_project_id" : null,
  "config_service_project_tag" : "",
  "config_imap_project_id" : null,
  "config_imap_project_tag" : "",
  "config_b2b_document_type_project_id" : null,
  "config_b2b_document_type_project_tag" : "",
  "endpoint_project_id" : "94afffa5-622e-4445-9e23-5019119fbd0b",
  "endpoint_project_tag" : "EMPTY",
  "config_plug_tag" : null,
  "config_plug_project_id" : null,
  "config_plug_project_tag" : null,
  "config_java_service_tag" : "",
  "config_java_service_project_id" : null,
  "config_java_service_project_tag" : "",
  "disabled" : false,
  "config" : {
    "type" : "json",
    "value" : "{\"resourceParams\":[{\"type\":\"resourceParams\",\"id\":\"14478940-9b23-44c2-8bd5-d6a26fbe9aeb\",\"value\":\"user\",\"order\":6}],\"pathListParams\":[{\"type\":\"pathListParams\",\"id\":\"c4b96028-dce2-49f0-8d97-f844a4ce6236\",\"value\":\"userId\",\"order\":8}],\"queryParams\":[\"status\"],\"headers\":[\"x-custom-header\"],\"url\":\"https://axway-marketplace-design.prod.integration.us.axway.com:9443/user/{userId}?status=\",\"resourcePath\":\"/user/{userId}?status=\",\"body\":null,\"status\":null,\"isAsync\":null,\"contentType\":null,\"pathParams\":[\"userId\"]}",
    "null" : false
  },
  "config_b2b_document_type_project_mode_id" : "112c1cb8-4b9e-4d1a-a042-0bd031dc7d05",
  "config_imap_project_mode_id" : "112c1cb8-4b9e-4d1a-a042-0bd031dc7d05",
  "config_java_service_project_mode_id" : "112c1cb8-4b9e-4d1a-a042-0bd031dc7d05",
  "config_plug_project_mode_id" : "112c1cb8-4b9e-4d1a-a042-0bd031dc7d05",
  "config_service_project_mode_id" : "112c1cb8-4b9e-4d1a-a042-0bd031dc7d05",
  "endpoint_project_mode_id" : "112c1cb8-4b9e-4d1a-a042-0bd031dc7d05",
  "service_project_mode_id" : "112c1cb8-4b9e-4d1a-a042-0bd031dc7d05",
  "parent_component_config_service_project_mode_id" : "112c1cb8-4b9e-4d1a-a042-0bd031dc7d05",
  "is_audit" : true,
  "keys_with_order" : null
}