{
  "component_config_id" : "d6e050f3-5911-4a17-a4e9-b0c42a547fca",
  "endpoint_config_json" : {
    "type" : "jsonb",
    "value" : "{\"crossRef\": [], \"services\": [], \"multistep\": [], \"operations\": []}",
    "null" : false
  },
  "input_config_json" : {
    "type" : "jsonb",
    "value" : "{\"crossRef\": [], \"services\": [], \"multistep\": [], \"operations\": []}",
    "null" : false
  },
  "output_config_json" : {
    "type" : "jsonb",
    "value" : "{\"crossRef\": [], \"services\": [], \"multistep\": [], \"operations\": [{\"transformer\": {\"id\": \"141b133f-7359-4032-956c-3782f49bfc78\", \"name\": \"STRING_UPPER_CASE\", \"type\": \"String\", \"query\": null, \"inputs\": [{\"id\": \"aa337760-5f4d-4cd8-afa8-3c26b469f27a\", \"root\": false, \"type\": \"map\", \"cached\": false, \"source\": \"/employeesXML/dataset/record[]/last_name\", \"target\": \"/STRING_UPPER_CASE_INPUT/inputString\", \"mapNull\": false, \"disabled\": false, \"extractXml\": false, \"extractJson\": false, \"mapEmptyString\": false, \"sourceJavaType\": \"java.lang.String\", \"targetJavaType\": \"java.lang.String\"}], \"outputs\": [{\"id\": \"f0385766-8741-41c6-a190-a0f43922815c\", \"root\": false, \"type\": \"map\", \"cached\": false, \"source\": \"/STRING_UPPER_CASE_OUTPUT/output\", \"target\": \"/contactcsvMapped/delimitedRecords[]/lastname\", \"mapNull\": false, \"disabled\": false, \"extractXml\": false, \"extractJson\": false, \"targetOrder\": 3.0, \"mapEmptyString\": false, \"sourceJavaType\": \"java.lang.String\", \"targetJavaType\": \"java.lang.String\"}], \"tableId\": null, \"configId\": null, \"disabled\": false, \"serviceId\": null, \"expression\": null}}, {\"map\": {\"id\": \"9ab00f76-8b59-467a-b806-bc7196bfa666\", \"root\": false, \"type\": \"list\", \"cached\": false, \"source\": \"/employeesXML/dataset/record[]/first_name\", \"target\": \"/contactcsvMapped/delimitedRecords[]/firstname\", \"mapNull\": false, \"disabled\": false, \"extractXml\": false, \"extractJson\": false, \"targetOrder\": 2.0, \"mapEmptyString\": false, \"sourceJavaType\": \"java.lang.String\", \"targetJavaType\": \"java.lang.String\"}}, {\"map\": {\"id\": \"4af570ef-055d-4402-bbe9-2f858797ef3d\", \"root\": false, \"type\": \"list\", \"cached\": false, \"source\": \"/employeesXML/dataset/record[]/email\", \"target\": \"/contactcsvMapped/delimitedRecords[]/email\", \"mapNull\": false, \"disabled\": false, \"extractXml\": false, \"extractJson\": false, \"targetOrder\": 4.0, \"mapEmptyString\": false, \"sourceJavaType\": \"java.lang.String\", \"targetJavaType\": \"java.lang.String\"}}, {\"map\": {\"id\": \"0128994b-38ca-4131-9668-8c1cea43ca57\", \"root\": false, \"type\": \"list\", \"cached\": false, \"source\": \"/employeesXML/dataset/record[]/gender\", \"target\": \"/contactcsvMapped/delimitedRecords[]/gender\", \"mapNull\": false, \"disabled\": false, \"extractXml\": false, \"extractJson\": false, \"targetOrder\": 5.0, \"mapEmptyString\": false, \"sourceJavaType\": \"java.lang.String\", \"targetJavaType\": \"java.lang.String\"}}, {\"map\": {\"id\": \"10d1a5b0-7f2e-4d4a-a7ac-e9598ca1d58c\", \"root\": false, \"type\": \"list\", \"cached\": false, \"source\": \"/employeesXML/dataset/record[]/job_title\", \"target\": \"/contactcsvMapped/delimitedRecords[]/jobtitle\", \"mapNull\": false, \"disabled\": false, \"extractXml\": false, \"extractJson\": false, \"targetOrder\": 6.0, \"mapEmptyString\": false, \"sourceJavaType\": \"java.lang.String\", \"targetJavaType\": \"java.lang.String\"}}, {\"map\": {\"id\": \"2c4d33b9-9f8c-43d9-bc3a-1e1b9afa3e7f\", \"root\": false, \"type\": \"list\", \"cached\": false, \"source\": \"/employeesXML/dataset/record[]/state\", \"target\": \"/contactcsvMapped/delimitedRecords[]/state\", \"mapNull\": false, \"disabled\": false, \"extractXml\": false, \"extractJson\": false, \"targetOrder\": 7.0, \"mapEmptyString\": false, \"sourceJavaType\": \"java.lang.String\", \"targetJavaType\": \"java.lang.String\"}}, {\"map\": {\"id\": \"4b48a906-4c22-4837-96e2-fd88405e2f14\", \"root\": false, \"type\": \"list\", \"cached\": false, \"source\": \"/employeesXML/dataset/record[]/city\", \"target\": \"/contactcsvMapped/delimitedRecords[]/city\", \"mapNull\": false, \"disabled\": false, \"extractXml\": false, \"extractJson\": false, \"targetOrder\": 8.0, \"mapEmptyString\": false, \"sourceJavaType\": \"java.lang.String\", \"targetJavaType\": \"java.lang.String\"}}, {\"ifElseBlock\": {\"root\": false, \"cached\": false, \"target\": \"/contactcsvMapped/delimitedRecords[]/consumer\", \"disabled\": false, \"actualPath\": \"/contactcsvMapped/delimitedRecords[]/consumer\", \"operations\": [{\"map\": {\"id\": \"b3b8c46a-7e4a-441b-b4a2-00da4f6dda62\", \"root\": false, \"type\": \"setValue\", \"cached\": false, \"mapNull\": false, \"disabled\": false, \"expression\": \"%{/employeesXML/dataset/record[]/consumer}% == \\\"A\\\" \", \"extractXml\": false, \"extractJson\": false, \"targetValue\": \"A\", \"mapEmptyString\": false, \"targetJavaType\": \"java.lang.String\", \"variableSubstitution\": false}}, {\"map\": {\"id\": \"2e68e5a3-e23a-4473-8ceb-21194cb8be8e\", \"root\": false, \"type\": \"setValue\", \"cached\": false, \"mapNull\": true, \"disabled\": false, \"expression\": \"%{/employeesXML/dataset/record[]/consumer}% != A \", \"extractXml\": false, \"extractJson\": false, \"targetValue\": \"\", \"mapEmptyString\": false, \"targetJavaType\": \"java.lang.String\", \"variableSubstitution\": false}}], \"targetOrder\": 9.0}}]}",
    "null" : false
  },
  "component_id" : "8ac5fe03-27a2-4e6a-a449-6a8893818223",
  "service_id" : "83479d72-c85a-482e-bf14-107e2274afa9",
  "endpoint_id" : null,
  "parent_component_config_id" : null,
  "component_config_order" : 2.5,
  "action_id" : "06843b78-eab0-45da-afab-8c8277d7553f",
  "name" : null,
  "description" : "",
  "override_endpoint" : false,
  "input_structure_json" : {
    "type" : "jsonb",
    "value" : "{\"maps\": [], \"mappedNodes\": [\"/employeesXML/dataset/record[]/first_name pipeIn\", \"/contactcsvMapped/delimitedRecords[]/firstnamepipeOut\", \"/employeesXML/dataset/record[]/last_name pipeIn\", \"/STRING_UPPER_CASE_INPUT/inputString0\", \"/STRING_UPPER_CASE_OUTPUT/output0\", \"/contactcsvMapped/delimitedRecords[]/lastnamepipeOut\", \"/employeesXML/dataset/record[]/email pipeIn\", \"/contactcsvMapped/delimitedRecords[]/emailpipeOut\", \"/employeesXML/dataset/record[]/gender pipeIn\", \"/contactcsvMapped/delimitedRecords[]/genderpipeOut\", \"/employeesXML/dataset/record[]/job_title pipeIn\", \"/contactcsvMapped/delimitedRecords[]/jobtitlepipeOut\", \"/employeesXML/dataset/record[]/state pipeIn\", \"/contactcsvMapped/delimitedRecords[]/statepipeOut\", \"/employeesXML/dataset/record[]/city pipeIn\", \"/contactcsvMapped/delimitedRecords[]/citypipeOut\", \"/contactcsvMapped/delimitedRecords[]pipeOut\", \"/contactcsvMappedpipeOut\"]}",
    "null" : false
  },
  "output_structure_json" : {
    "type" : "jsonb",
    "value" : "{\"maps\": [{\"/contactcsvMapped/delimitedRecords[]/firstname\": [{\"type\": \"list\", \"source\": {\"path\": \"/employeesXML/dataset/record[]/first_name\", \"title\": \"first_name\", \"dataElementType\": \"string\"}, \"target\": {\"path\": \"/contactcsvMapped/delimitedRecords[]/firstname\", \"order\": 2, \"title\": \"firstname\", \"dataElementType\": \"string\"}, \"mapCondition\": {\"isConditionSet\": false, \"sourceTreeIndex\": [{\"key\": 1, \"title\": \"employeesXML\", \"isLeaf\": false, \"isArray\": false, \"children\": [{\"key\": 2, \"title\": \"dataset\", \"isLeaf\": false, \"isArray\": false, \"children\": [{\"key\": 3, \"title\": \"record\", \"isLeaf\": false, \"isArray\": true, \"children\": [{\"key\": 4, \"title\": \"first_name\", \"isLeaf\": false, \"isArray\": false, \"parentKey\": 3}], \"parentKey\": 2, \"arrayIndex\": null}], \"parentKey\": 1}], \"parentKey\": 0}], \"targetTreeIndex\": [{\"key\": 1, \"title\": \"contactcsvMapped\", \"isLeaf\": false, \"isArray\": false, \"children\": [{\"key\": 2, \"title\": \"delimitedRecords\", \"isLeaf\": false, \"isArray\": true, \"children\": [{\"key\": 3, \"title\": \"firstname\", \"isLeaf\": false, \"isArray\": false, \"parentKey\": 2}], \"parentKey\": 1, \"arrayIndex\": null}], \"parentKey\": 0}], \"mapConditionFormValue\": {}}}]}, {\"/contactcsvMapped/delimitedRecords[]/email\": [{\"type\": \"list\", \"source\": {\"path\": \"/employeesXML/dataset/record[]/email\", \"title\": \"email\", \"dataElementType\": \"string\"}, \"target\": {\"path\": \"/contactcsvMapped/delimitedRecords[]/email\", \"order\": 4, \"title\": \"email\", \"dataElementType\": \"string\"}, \"mapCondition\": {\"isConditionSet\": false, \"sourceTreeIndex\": [{\"key\": 1, \"title\": \"employeesXML\", \"isLeaf\": false, \"isArray\": false, \"children\": [{\"key\": 2, \"title\": \"dataset\", \"isLeaf\": false, \"isArray\": false, \"children\": [{\"key\": 3, \"title\": \"record\", \"isLeaf\": false, \"isArray\": true, \"children\": [{\"key\": 4, \"title\": \"email\", \"isLeaf\": false, \"isArray\": false, \"parentKey\": 3}], \"parentKey\": 2, \"arrayIndex\": null}], \"parentKey\": 1}], \"parentKey\": 0}], \"targetTreeIndex\": [{\"key\": 1, \"title\": \"contactcsvMapped\", \"isLeaf\": false, \"isArray\": false, \"children\": [{\"key\": 2, \"title\": \"delimitedRecords\", \"isLeaf\": false, \"isArray\": true, \"children\": [{\"key\": 3, \"title\": \"email\", \"isLeaf\": false, \"isArray\": false, \"parentKey\": 2}], \"parentKey\": 1, \"arrayIndex\": null}], \"parentKey\": 0}], \"mapConditionFormValue\": {}}}]}, {\"/contactcsvMapped/delimitedRecords[]/gender\": [{\"type\": \"list\", \"source\": {\"path\": \"/employeesXML/dataset/record[]/gender\", \"title\": \"gender\", \"dataElementType\": \"string\"}, \"target\": {\"path\": \"/contactcsvMapped/delimitedRecords[]/gender\", \"order\": 5, \"title\": \"gender\", \"dataElementType\": \"string\"}, \"mapCondition\": {\"isConditionSet\": false, \"sourceTreeIndex\": [{\"key\": 1, \"title\": \"employeesXML\", \"isLeaf\": false, \"isArray\": false, \"children\": [{\"key\": 2, \"title\": \"dataset\", \"isLeaf\": false, \"isArray\": false, \"children\": [{\"key\": 3, \"title\": \"record\", \"isLeaf\": false, \"isArray\": true, \"children\": [{\"key\": 4, \"title\": \"gender\", \"isLeaf\": false, \"isArray\": false, \"parentKey\": 3}], \"parentKey\": 2, \"arrayIndex\": null}], \"parentKey\": 1}], \"parentKey\": 0}], \"targetTreeIndex\": [{\"key\": 1, \"title\": \"contactcsvMapped\", \"isLeaf\": false, \"isArray\": false, \"children\": [{\"key\": 2, \"title\": \"delimitedRecords\", \"isLeaf\": false, \"isArray\": true, \"children\": [{\"key\": 3, \"title\": \"gender\", \"isLeaf\": false, \"isArray\": false, \"parentKey\": 2}], \"parentKey\": 1, \"arrayIndex\": null}], \"parentKey\": 0}], \"mapConditionFormValue\": {}}}]}, {\"/contactcsvMapped/delimitedRecords[]/jobtitle\": [{\"type\": \"list\", \"source\": {\"path\": \"/employeesXML/dataset/record[]/job_title\", \"title\": \"job_title\", \"dataElementType\": \"string\"}, \"target\": {\"path\": \"/contactcsvMapped/delimitedRecords[]/jobtitle\", \"order\": 6, \"title\": \"jobtitle\", \"dataElementType\": \"string\"}, \"mapCondition\": {\"isConditionSet\": false, \"sourceTreeIndex\": [{\"key\": 1, \"title\": \"employeesXML\", \"isLeaf\": false, \"isArray\": false, \"children\": [{\"key\": 2, \"title\": \"dataset\", \"isLeaf\": false, \"isArray\": false, \"children\": [{\"key\": 3, \"title\": \"record\", \"isLeaf\": false, \"isArray\": true, \"children\": [{\"key\": 4, \"title\": \"job_title\", \"isLeaf\": false, \"isArray\": false, \"parentKey\": 3}], \"parentKey\": 2, \"arrayIndex\": null}], \"parentKey\": 1}], \"parentKey\": 0}], \"targetTreeIndex\": [{\"key\": 1, \"title\": \"contactcsvMapped\", \"isLeaf\": false, \"isArray\": false, \"children\": [{\"key\": 2, \"title\": \"delimitedRecords\", \"isLeaf\": false, \"isArray\": true, \"children\": [{\"key\": 3, \"title\": \"jobtitle\", \"isLeaf\": false, \"isArray\": false, \"parentKey\": 2}], \"parentKey\": 1, \"arrayIndex\": null}], \"parentKey\": 0}], \"mapConditionFormValue\": {}}}]}, {\"/contactcsvMapped/delimitedRecords[]/state\": [{\"type\": \"list\", \"source\": {\"path\": \"/employeesXML/dataset/record[]/state\", \"title\": \"state\", \"dataElementType\": \"string\"}, \"target\": {\"path\": \"/contactcsvMapped/delimitedRecords[]/state\", \"order\": 7, \"title\": \"state\", \"dataElementType\": \"string\"}, \"mapCondition\": {\"isConditionSet\": false, \"sourceTreeIndex\": [{\"key\": 1, \"title\": \"employeesXML\", \"isLeaf\": false, \"isArray\": false, \"children\": [{\"key\": 2, \"title\": \"dataset\", \"isLeaf\": false, \"isArray\": false, \"children\": [{\"key\": 3, \"title\": \"record\", \"isLeaf\": false, \"isArray\": true, \"children\": [{\"key\": 4, \"title\": \"state\", \"isLeaf\": false, \"isArray\": false, \"parentKey\": 3}], \"parentKey\": 2, \"arrayIndex\": null}], \"parentKey\": 1}], \"parentKey\": 0}], \"targetTreeIndex\": [{\"key\": 1, \"title\": \"contactcsvMapped\", \"isLeaf\": false, \"isArray\": false, \"children\": [{\"key\": 2, \"title\": \"delimitedRecords\", \"isLeaf\": false, \"isArray\": true, \"children\": [{\"key\": 3, \"title\": \"state\", \"isLeaf\": false, \"isArray\": false, \"parentKey\": 2}], \"parentKey\": 1, \"arrayIndex\": null}], \"parentKey\": 0}], \"mapConditionFormValue\": {}}}]}, {\"/contactcsvMapped/delimitedRecords[]/city\": [{\"type\": \"list\", \"source\": {\"path\": \"/employeesXML/dataset/record[]/city\", \"title\": \"city\", \"dataElementType\": \"string\"}, \"target\": {\"path\": \"/contactcsvMapped/delimitedRecords[]/city\", \"order\": 8, \"title\": \"city\", \"dataElementType\": \"string\"}, \"mapCondition\": {\"isConditionSet\": false, \"sourceTreeIndex\": [{\"key\": 1, \"title\": \"employeesXML\", \"isLeaf\": false, \"isArray\": false, \"children\": [{\"key\": 2, \"title\": \"dataset\", \"isLeaf\": false, \"isArray\": false, \"children\": [{\"key\": 3, \"title\": \"record\", \"isLeaf\": false, \"isArray\": true, \"children\": [{\"key\": 4, \"title\": \"city\", \"isLeaf\": false, \"isArray\": false, \"parentKey\": 3}], \"parentKey\": 2, \"arrayIndex\": null}], \"parentKey\": 1}], \"parentKey\": 0}], \"targetTreeIndex\": [{\"key\": 1, \"title\": \"contactcsvMapped\", \"isLeaf\": false, \"isArray\": false, \"children\": [{\"key\": 2, \"title\": \"delimitedRecords\", \"isLeaf\": false, \"isArray\": true, \"children\": [{\"key\": 3, \"title\": \"city\", \"isLeaf\": false, \"isArray\": false, \"parentKey\": 2}], \"parentKey\": 1, \"arrayIndex\": null}], \"parentKey\": 0}], \"mapConditionFormValue\": {}}}]}, {\"/contactcsvMapped/delimitedRecords[]/consumer\": [{\"type\": \"conditionalMap\", \"target\": {\"path\": \"/contactcsvMapped/delimitedRecords[]/consumer\", \"order\": 9, \"title\": \"consumer\", \"dataElementType\": \"string\"}, \"actualPath\": \"/contactcsvMapped/delimitedRecords[]/consumer\", \"conditions\": [{\"id\": \"47fbc2db-e56c-424e-a8dc-8d25d6a3ee42\", \"type\": \"setValue\", \"fields\": [{\"id\": 1, \"path\": \"%{/employeesXML/dataset/record[]/consumer}%\", \"field\": \"/employeesXML/dataset/record[]/consumer\", \"value\": \"A\", \"isGroup\": false, \"children\": null, \"operator\": \"==\", \"uniqueId\": \"91d5d51d-2b0a-4058-b4e5-a9f428de4f4a\", \"operation\": \"&&\", \"isTreeChecked\": false, \"dataElementType\": \"string\"}], \"mapNull\": false, \"setValue\": \"\", \"uiElement\": \"A\", \"conditionName\": \"if\", \"mapEmptyString\": false, \"variableSubstitution\": false}, {\"id\": \"eecccdef-7f1f-4d16-8ff8-0b52dd1e5047\", \"type\": \"setValue\", \"fields\": [{\"id\": 1, \"path\": \"%{/employeesXML/dataset/record[]/consumer}%\", \"field\": \"/employeesXML/dataset/record[]/consumer\", \"value\": \"A\", \"isGroup\": false, \"children\": null, \"operator\": \"!=\", \"uniqueId\": \"aeb7ccd3-6083-4b07-9c2e-df73ad517ab8\", \"operation\": \"&&\", \"isTreeChecked\": false, \"dataElementType\": \"\"}], \"mapNull\": true, \"setValue\": \"\", \"uiElement\": null, \"conditionName\": \"else-if\", \"mapEmptyString\": false, \"variableSubstitution\": false}], \"mapCondition\": {\"isConditionSet\": false, \"sourceTreeIndex\": [], \"targetTreeIndex\": [{\"key\": 1, \"title\": \"contactcsvMapped\", \"isLeaf\": false, \"isArray\": false, \"children\": [{\"key\": 2, \"title\": \"delimitedRecords\", \"isLeaf\": false, \"isArray\": true, \"children\": [{\"key\": 3, \"title\": \"consumer\", \"isLeaf\": false, \"isArray\": false, \"parentKey\": 2}], \"parentKey\": 1, \"arrayIndex\": null}], \"parentKey\": 0}], \"mapConditionFormValue\": {}}, \"variableSubstitution\": false, \"overwritePipelineValue\": false}]}], \"tracks\": {}, \"transformer\": [{\"inputs\": {\"/STRING_UPPER_CASE_INPUT/inputString\": [{\"type\": \"list\", \"source\": {\"path\": \"/employeesXML/dataset/record[]/last_name\", \"title\": \"last_name\", \"dataElementType\": \"string\"}, \"target\": {\"path\": \"/STRING_UPPER_CASE_INPUT/inputString\", \"title\": \"inputString\", \"dataElementType\": \"string\"}, \"mapCondition\": {\"isConditionSet\": false, \"sourceTreeIndex\": [{\"key\": 1, \"title\": \"employeesXML\", \"isLeaf\": false, \"isArray\": false, \"children\": [{\"key\": 2, \"title\": \"dataset\", \"isLeaf\": false, \"isArray\": false, \"children\": [{\"key\": 3, \"title\": \"record\", \"isLeaf\": false, \"isArray\": true, \"children\": [{\"key\": 4, \"title\": \"last_name\", \"isLeaf\": false, \"isArray\": false, \"parentKey\": 3}], \"parentKey\": 2, \"arrayIndex\": null}], \"parentKey\": 1}], \"parentKey\": 0}], \"targetTreeIndex\": [{\"key\": 1, \"title\": \"STRING_UPPER_CASE_INPUT\", \"isLeaf\": false, \"isArray\": false, \"children\": [{\"key\": 2, \"title\": \"inputString\", \"isLeaf\": false, \"isArray\": false, \"parentKey\": 1}], \"parentKey\": 0}], \"mapConditionFormValue\": {}}}]}, \"outputs\": {\"/contactcsvMapped/delimitedRecords[]/lastname\": [{\"type\": \"list\", \"source\": {\"path\": \"/STRING_UPPER_CASE_OUTPUT/output\", \"title\": \"output\", \"dataElementType\": \"string\"}, \"target\": {\"path\": \"/contactcsvMapped/delimitedRecords[]/lastname\", \"order\": 3, \"title\": \"lastname\", \"dataElementType\": \"string\"}, \"mapCondition\": {\"isConditionSet\": false, \"sourceTreeIndex\": [{\"key\": 1, \"title\": \"STRING_UPPER_CASE_OUTPUT\", \"isLeaf\": false, \"isArray\": false, \"children\": [{\"key\": 2, \"title\": \"output\", \"isLeaf\": false, \"isArray\": false, \"parentKey\": 1}], \"parentKey\": 0}], \"targetTreeIndex\": [{\"key\": 1, \"title\": \"contactcsvMapped\", \"isLeaf\": false, \"isArray\": false, \"children\": [{\"key\": 2, \"title\": \"delimitedRecords\", \"isLeaf\": false, \"isArray\": true, \"children\": [{\"key\": 3, \"title\": \"lastname\", \"isLeaf\": false, \"isArray\": false, \"parentKey\": 2}], \"parentKey\": 1, \"arrayIndex\": null}], \"parentKey\": 0}], \"mapConditionFormValue\": {}}}]}, \"functionInfo\": {\"id\": \"56ebbc08-9f71-4db7-8d29-2ea3274c9a8a\", \"name\": \"UpperCase\", \"category\": {\"id\": \"7e335ebf-c122-41de-a87f-8e4cb8f39ff6\"}, \"internalName\": \"STRING_UPPER_CASE\"}}]}",
    "null" : false
  },
  "endpoint_structure_json" : {
    "type" : "jsonb",
    "value" : "{\"maps\": []}",
    "null" : false
  },
  "is_error" : false,
  "no_of_errors" : 0,
  "action_input_type" : null,
  "config_service_id" : null,
  "config_imap_id" : null,
  "config_b2b_document_type_id" : null,
  "config_document_id" : null,
  "add_variables" : {
    "type" : "jsonb",
    "value" : "[{\"id\": \"f5abc3b8-481c-4b76-ae42-47c405fbd9e1\", \"key\": \"/contactcsvMapped\", \"type\": \"node\", \"order\": 1, \"title\": \"contactcsvMapped\", \"value\": {}, \"children\": [{\"id\": \"f5abc3b8-481c-4b76-ae42-47c405fbd9e1\", \"key\": \"/contactcsvMapped/delimitedRecords[]\", \"type\": \"array\", \"order\": 1, \"title\": \"delimitedRecords\", \"value\": {\"type\": \"array\", \"requiredFlag\": false}, \"isLeaf\": false, \"children\": [{\"id\": \"19a06ab0-cfd4-4281-9ffd-ce6b9d690b13\", \"key\": \"/contactcsvMapped/delimitedRecords[]/firstname\", \"type\": \"string\", \"order\": 2, \"title\": \"firstname\", \"value\": {\"type\": \"string\", \"requiredFlag\": true}, \"isLeaf\": true, \"childrenSet\": false, \"hasChildren\": false, \"dataElementType\": \"string\", \"componentConfigId\": \"d6e050f3-5911-4a17-a4e9-b0c42a547fca\", \"componentConfigName\": \"Map\", \"encryption_required\": false}, {\"id\": \"02346a0c-541a-4c7c-b382-97cae179cf05\", \"key\": \"/contactcsvMapped/delimitedRecords[]/lastname\", \"type\": \"string\", \"order\": 3, \"title\": \"lastname\", \"value\": {\"type\": \"string\", \"requiredFlag\": true}, \"isLeaf\": true, \"childrenSet\": false, \"hasChildren\": false, \"dataElementType\": \"string\", \"componentConfigId\": \"d6e050f3-5911-4a17-a4e9-b0c42a547fca\", \"componentConfigName\": \"Map\", \"encryption_required\": false}, {\"id\": \"e61ff53e-214d-42c5-9b35-96a68c722596\", \"key\": \"/contactcsvMapped/delimitedRecords[]/email\", \"type\": \"string\", \"order\": 4, \"title\": \"email\", \"value\": {\"type\": \"string\", \"requiredFlag\": true}, \"isLeaf\": true, \"childrenSet\": false, \"hasChildren\": false, \"dataElementType\": \"string\", \"componentConfigId\": \"d6e050f3-5911-4a17-a4e9-b0c42a547fca\", \"componentConfigName\": \"Map\", \"encryption_required\": false}, {\"id\": \"00d013aa-aab0-47ef-98fa-ac411033b282\", \"key\": \"/contactcsvMapped/delimitedRecords[]/gender\", \"type\": \"string\", \"order\": 5, \"title\": \"gender\", \"value\": {\"type\": \"string\", \"requiredFlag\": true}, \"isLeaf\": true, \"childrenSet\": false, \"hasChildren\": false, \"dataElementType\": \"string\", \"componentConfigId\": \"d6e050f3-5911-4a17-a4e9-b0c42a547fca\", \"componentConfigName\": \"Map\", \"encryption_required\": false}, {\"id\": \"cf75dc59-2bc5-446c-8d87-9a9d62eb21c7\", \"key\": \"/contactcsvMapped/delimitedRecords[]/jobtitle\", \"type\": \"string\", \"order\": 6, \"title\": \"jobtitle\", \"value\": {\"type\": \"string\", \"requiredFlag\": true}, \"isLeaf\": true, \"childrenSet\": false, \"hasChildren\": false, \"dataElementType\": \"string\", \"componentConfigId\": \"d6e050f3-5911-4a17-a4e9-b0c42a547fca\", \"componentConfigName\": \"Map\", \"encryption_required\": false}, {\"id\": \"4a7d2fbb-5200-496a-bf45-0bfd8594d491\", \"key\": \"/contactcsvMapped/delimitedRecords[]/state\", \"type\": \"string\", \"order\": 7, \"title\": \"state\", \"value\": {\"type\": \"string\", \"requiredFlag\": true}, \"isLeaf\": true, \"childrenSet\": false, \"hasChildren\": false, \"dataElementType\": \"string\", \"componentConfigId\": \"d6e050f3-5911-4a17-a4e9-b0c42a547fca\", \"componentConfigName\": \"Map\", \"encryption_required\": false}, {\"id\": \"30b9b7f8-1f6c-4c1d-bf54-ebd66b1ed23f\", \"key\": \"/contactcsvMapped/delimitedRecords[]/city\", \"type\": \"string\", \"order\": 8, \"title\": \"city\", \"value\": {\"type\": \"string\", \"requiredFlag\": true}, \"isLeaf\": true, \"childrenSet\": false, \"hasChildren\": false, \"dataElementType\": \"string\", \"componentConfigId\": \"d6e050f3-5911-4a17-a4e9-b0c42a547fca\", \"componentConfigName\": \"Map\", \"encryption_required\": false}, {\"id\": \"547e4bfe-68e0-4caa-8b9b-6cd369e37558\", \"key\": \"/contactcsvMapped/delimitedRecords[]/consumer\", \"type\": \"string\", \"order\": 9, \"title\": \"consumer\", \"value\": {\"type\": \"string\", \"requiredFlag\": true}, \"isLeaf\": true, \"childrenSet\": false, \"hasChildren\": false, \"dataElementType\": \"string\", \"componentConfigId\": \"d6e050f3-5911-4a17-a4e9-b0c42a547fca\", \"componentConfigName\": \"Map\", \"encryption_required\": false}], \"entityType\": \"b2b_document_type\", \"childrenSet\": false, \"hasChildren\": true, \"appendKeyPrefix\": \"/contactcsv\", \"dataElementType\": \"documentArray\", \"componentConfigId\": \"d6e050f3-5911-4a17-a4e9-b0c42a547fca\", \"componentConfigName\": \"Map\", \"encryption_required\": false}], \"editAllow\": true, \"dataElementType\": \"document\", \"componentConfigId\": \"d6e050f3-5911-4a17-a4e9-b0c42a547fca\", \"componentConfigName\": \"Map\"}]",
    "null" : false
  },
  "drop_variables" : {
    "type" : "jsonb",
    "value" : "[]",
    "null" : false
  },
  "plug_input_structure" : null,
  "plug_output_structure" : null,
  "config_plug_id" : null,
  "override_plug" : false,
  "config_java_service_id" : null,
  "service_tag" : "V22",
  "endpoint_tag" : "EMPTY",
  "config_service_tag" : "EMPTY",
  "config_imap_tag" : "EMPTY",
  "config_b2b_document_type_tag" : "EMPTY",
  "active" : false,
  "parent_component_config_service_tag" : "V22",
  "service_project_id" : "94afffa5-622e-4445-9e23-5019119fbd0b",
  "service_project_tag" : "V22",
  "config_service_project_id" : null,
  "config_service_project_tag" : "EMPTY",
  "config_imap_project_id" : null,
  "config_imap_project_tag" : "EMPTY",
  "config_b2b_document_type_project_id" : null,
  "config_b2b_document_type_project_tag" : "EMPTY",
  "endpoint_project_id" : null,
  "endpoint_project_tag" : "EMPTY",
  "config_plug_tag" : "EMPTY",
  "config_plug_project_id" : null,
  "config_plug_project_tag" : "EMPTY",
  "config_java_service_tag" : "EMPTY",
  "config_java_service_project_id" : null,
  "config_java_service_project_tag" : "EMPTY",
  "disabled" : false,
  "config" : null,
  "config_b2b_document_type_project_mode_id" : "112c1cb8-4b9e-4d1a-a042-0bd031dc7d05",
  "config_imap_project_mode_id" : "112c1cb8-4b9e-4d1a-a042-0bd031dc7d05",
  "config_java_service_project_mode_id" : "112c1cb8-4b9e-4d1a-a042-0bd031dc7d05",
  "config_plug_project_mode_id" : "112c1cb8-4b9e-4d1a-a042-0bd031dc7d05",
  "config_service_project_mode_id" : "112c1cb8-4b9e-4d1a-a042-0bd031dc7d05",
  "endpoint_project_mode_id" : "112c1cb8-4b9e-4d1a-a042-0bd031dc7d05",
  "service_project_mode_id" : "112c1cb8-4b9e-4d1a-a042-0bd031dc7d05",
  "parent_component_config_service_project_mode_id" : "112c1cb8-4b9e-4d1a-a042-0bd031dc7d05",
  "is_audit" : true,
  "keys_with_order" : null
}