{
  "component_config_id" : "6a90d660-5104-4321-8964-4695b1e642f5",
  "endpoint_config_json" : {
    "type" : "jsonb",
    "value" : "{\"crossRef\": [], \"services\": [], \"multistep\": [], \"operations\": []}",
    "null" : false
  },
  "input_config_json" : {
    "type" : "jsonb",
    "value" : "{\"crossRef\": [], \"services\": [], \"multistep\": [], \"operations\": [{\"map\": {\"id\": \"8b483cc0-e81a-4857-a714-9ead155fc90b\", \"root\": false, \"type\": \"map\", \"cached\": false, \"source\": \"/salaryarraystring\", \"target\": \"/jsonString\", \"mapNull\": false, \"disabled\": false, \"extractXml\": false, \"extractJson\": false, \"targetOrder\": 1.0, \"mapEmptyString\": false, \"sourceJavaType\": \"java.lang.String\", \"targetJavaType\": \"java.lang.String\"}}]}",
    "null" : false
  },
  "output_config_json" : {
    "type" : "jsonb",
    "value" : "{\"crossRef\": [], \"services\": [], \"multistep\": [], \"operations\": [{\"map\": {\"id\": \"9bbbff05-9475-486e-a09a-9a2832a8064f\", \"root\": true, \"type\": \"map\", \"cached\": false, \"source\": \"/salaries\", \"target\": \"/salaries\", \"mapNull\": false, \"disabled\": false, \"extractXml\": false, \"extractJson\": false, \"targetOrder\": 0.0, \"mapEmptyString\": false}}, {\"map\": {\"id\": \"d20a23f6-e1fc-4311-a405-5231cf7d9edb\", \"root\": false, \"type\": \"map\", \"cached\": false, \"source\": \"/isValid\", \"target\": \"/isValid\", \"mapNull\": false, \"disabled\": false, \"extractXml\": false, \"extractJson\": false, \"targetOrder\": 1.0, \"mapEmptyString\": false, \"sourceJavaType\": \"java.lang.Boolean\", \"targetJavaType\": \"java.lang.Boolean\"}}, {\"map\": {\"id\": \"a38f6608-e70f-461c-9d66-b66608e59bad\", \"root\": true, \"type\": \"map\", \"cached\": false, \"source\": \"/Error\", \"target\": \"/Error\", \"mapNull\": false, \"disabled\": false, \"extractXml\": false, \"extractJson\": false, \"targetOrder\": 1.0, \"mapEmptyString\": false}}]}",
    "null" : false
  },
  "component_id" : "4c7b3568-6fa9-42c6-8bba-8e9e3933d6ed",
  "service_id" : "4f84cf83-ef61-44ae-869d-ca709f0f9a25",
  "endpoint_id" : null,
  "parent_component_config_id" : null,
  "component_config_order" : 4.0,
  "action_id" : "42bc8a52-bd1d-40f7-8f58-f813690561e1",
  "name" : "Parse salaraies",
  "description" : "",
  "override_endpoint" : false,
  "input_structure_json" : {
    "type" : "jsonb",
    "value" : "{\"maps\": [{\"/jsonString\": [{\"type\": \"map\", \"source\": {\"path\": \"/salaryarraystring\", \"title\": \"salaryarraystring\", \"dataElementType\": \"string\"}, \"target\": {\"path\": \"/jsonString\", \"order\": 1, \"title\": \"jsonString\", \"dataElementType\": \"string\"}, \"mapCondition\": {\"isConditionSet\": false, \"sourceTreeIndex\": [], \"targetTreeIndex\": [], \"mapConditionFormValue\": {}}}]}], \"mappedNodes\": [\"/isValid\", \"/isValidpipeOut\", \"/Error\", \"/ErrorpipeOut\", \"/salariesactionOut\", \"/salariespipeOut\", \"/salaryarraystring pipeIn\", \"/jsonString actionIn\"]}",
    "null" : false
  },
  "output_structure_json" : {
    "type" : "jsonb",
    "value" : "{\"maps\": [{\"/salaries\": [{\"type\": \"map\", \"source\": {\"path\": \"/salaries\", \"title\": \"salaries\", \"dataElementType\": \"document\"}, \"target\": {\"path\": \"/salaries\", \"order\": 0, \"title\": \"salaries\", \"dataElementType\": \"document\"}, \"mapCondition\": {\"isConditionSet\": false, \"sourceTreeIndex\": [], \"targetTreeIndex\": [], \"mapConditionFormValue\": {}}}]}, {\"/isValid\": [{\"type\": \"map\", \"source\": {\"path\": \"/isValid\", \"title\": \"isValid\", \"dataElementType\": \"boolean\"}, \"target\": {\"path\": \"/isValid\", \"order\": 1, \"title\": \"isValid\", \"dataElementType\": \"boolean\"}, \"mapCondition\": {\"isConditionSet\": false, \"sourceTreeIndex\": [], \"targetTreeIndex\": [], \"mapConditionFormValue\": {}}}]}, {\"/Error\": [{\"type\": \"map\", \"source\": {\"path\": \"/Error\", \"title\": \"Error\", \"dataElementType\": \"document\"}, \"target\": {\"path\": \"/Error\", \"order\": 1, \"title\": \"Error\", \"dataElementType\": \"document\"}, \"mapCondition\": {\"isConditionSet\": false, \"sourceTreeIndex\": [], \"targetTreeIndex\": [], \"mapConditionFormValue\": {}}}]}], \"tracks\": {}, \"transformer\": []}",
    "null" : false
  },
  "endpoint_structure_json" : {
    "type" : "jsonb",
    "value" : "{\"maps\": []}",
    "null" : false
  },
  "is_error" : false,
  "no_of_errors" : 0,
  "action_input_type" : null,
  "config_service_id" : null,
  "config_imap_id" : null,
  "config_b2b_document_type_id" : "3afd5c96-0961-4cc0-9cf4-08dac91e8396",
  "config_document_id" : null,
  "add_variables" : {
    "type" : "jsonb",
    "value" : "[]",
    "null" : false
  },
  "drop_variables" : {
    "type" : "jsonb",
    "value" : "[]",
    "null" : false
  },
  "plug_input_structure" : null,
  "plug_output_structure" : null,
  "config_plug_id" : null,
  "override_plug" : false,
  "config_java_service_id" : null,
  "service_tag" : "V22",
  "endpoint_tag" : "EMPTY",
  "config_service_tag" : "EMPTY",
  "config_imap_tag" : "EMPTY",
  "config_b2b_document_type_tag" : "EMPTY",
  "active" : false,
  "parent_component_config_service_tag" : "V22",
  "service_project_id" : "94afffa5-622e-4445-9e23-5019119fbd0b",
  "service_project_tag" : "V22",
  "config_service_project_id" : null,
  "config_service_project_tag" : "EMPTY",
  "config_imap_project_id" : null,
  "config_imap_project_tag" : "EMPTY",
  "config_b2b_document_type_project_id" : "94afffa5-622e-4445-9e23-5019119fbd0b",
  "config_b2b_document_type_project_tag" : "EMPTY",
  "endpoint_project_id" : null,
  "endpoint_project_tag" : "EMPTY",
  "config_plug_tag" : "EMPTY",
  "config_plug_project_id" : null,
  "config_plug_project_tag" : "EMPTY",
  "config_java_service_tag" : "EMPTY",
  "config_java_service_project_id" : null,
  "config_java_service_project_tag" : "EMPTY",
  "disabled" : false,
  "config" : null,
  "config_b2b_document_type_project_mode_id" : "112c1cb8-4b9e-4d1a-a042-0bd031dc7d05",
  "config_imap_project_mode_id" : "112c1cb8-4b9e-4d1a-a042-0bd031dc7d05",
  "config_java_service_project_mode_id" : "112c1cb8-4b9e-4d1a-a042-0bd031dc7d05",
  "config_plug_project_mode_id" : "112c1cb8-4b9e-4d1a-a042-0bd031dc7d05",
  "config_service_project_mode_id" : "112c1cb8-4b9e-4d1a-a042-0bd031dc7d05",
  "endpoint_project_mode_id" : "112c1cb8-4b9e-4d1a-a042-0bd031dc7d05",
  "service_project_mode_id" : "112c1cb8-4b9e-4d1a-a042-0bd031dc7d05",
  "parent_component_config_service_project_mode_id" : "112c1cb8-4b9e-4d1a-a042-0bd031dc7d05",
  "is_audit" : true,
  "keys_with_order" : null
}