{
  "id" : "99ed16e8-5a93-4f4d-8dc7-992aa7d20e3e",
  "name" : "FruitMapper",
  "description" : "",
  "source_document_id" : null,
  "target_document_id" : null,
  "config" : {
    "type" : "jsonb",
    "value" : "{\"crossRef\": [], \"services\": [], \"multistep\": [], \"operations\": [{\"loopBlock\": {\"loop\": \"/Document/fruitIn[]\", \"target\": \"/Document/fruitOut[]\", \"appendTo\": null, \"disabled\": false, \"actualPath\": \"/Document/fruitOut[]\", \"expression\": null, \"operations\": [{\"map\": {\"id\": \"8a69bd33-c269-4e9a-816f-a3461816666a\", \"root\": false, \"type\": \"map\", \"cached\": false, \"source\": \"/Document/fruitIn/name\", \"target\": \"/Document/fruitOut/name\", \"mapNull\": false, \"disabled\": false, \"extractXml\": false, \"extractJson\": false, \"targetOrder\": 2.0, \"mapEmptyString\": false, \"sourceJavaType\": \"java.lang.String\", \"targetJavaType\": \"java.lang.String\"}}, {\"loopBlock\": {\"loop\": \"/Document/fruitIn/types[]\", \"target\": \"/Document/fruitOut/inStock[]\", \"appendTo\": null, \"disabled\": false, \"actualPath\": \"/Document/fruitOut/inStock[]\", \"expression\": \"%{/Document/fruitIn/types[]/inStock}% == true \", \"operations\": [{\"map\": {\"id\": \"dfdcca0b-ab28-4b92-a148-9f987695c688\", \"root\": false, \"type\": \"map\", \"cached\": false, \"source\": \"/Document/fruitIn/types/name\", \"target\": \"/Document/fruitOut/inStock/name\", \"mapNull\": false, \"disabled\": false, \"extractXml\": false, \"extractJson\": false, \"targetOrder\": 4.0, \"mapEmptyString\": false, \"sourceJavaType\": \"java.lang.String\", \"targetJavaType\": \"java.lang.String\"}}, {\"map\": {\"id\": \"a2603a43-f302-4437-a4f9-3fd0ea8e4473\", \"root\": false, \"type\": \"map\", \"cached\": false, \"source\": \"/Document/fruitIn/types/color\", \"target\": \"/Document/fruitOut/inStock/color\", \"mapNull\": false, \"disabled\": false, \"extractXml\": false, \"extractJson\": false, \"targetOrder\": 5.0, \"mapEmptyString\": false, \"sourceJavaType\": \"java.lang.String\", \"targetJavaType\": \"java.lang.String\"}}]}}, {\"loopBlock\": {\"loop\": \"/Document/fruitIn/types[]\", \"target\": \"/Document/fruitOut/outOfStock[]\", \"appendTo\": null, \"disabled\": false, \"actualPath\": \"/Document/fruitOut/outOfStock[]\", \"expression\": \"%{/Document/fruitIn/types[]/inStock}% == false \", \"operations\": [{\"map\": {\"id\": \"eabc74ac-5f5e-4c59-9723-f42ace95eace\", \"root\": false, \"type\": \"map\", \"cached\": false, \"source\": \"/Document/fruitIn/types/name\", \"target\": \"/Document/fruitOut/outOfStock/name\", \"mapNull\": false, \"disabled\": false, \"extractXml\": false, \"extractJson\": false, \"targetOrder\": 7.0, \"mapEmptyString\": false, \"sourceJavaType\": \"java.lang.String\", \"targetJavaType\": \"java.lang.String\"}}, {\"map\": {\"id\": \"4d35668b-d7ad-4925-a229-6ade86038ec5\", \"root\": false, \"type\": \"map\", \"cached\": false, \"source\": \"/Document/fruitIn/types/color\", \"target\": \"/Document/fruitOut/outOfStock/color\", \"mapNull\": false, \"disabled\": false, \"extractXml\": false, \"extractJson\": false, \"targetOrder\": 8.0, \"mapEmptyString\": false, \"sourceJavaType\": \"java.lang.String\", \"targetJavaType\": \"java.lang.String\"}}]}}]}}]}",
    "null" : false
  },
  "structure" : {
    "type" : "jsonb",
    "value" : "{\"maps\": [{\"/Document/fruitOut[]\": [{\"id\": \"324b81e3-761f-4c02-89bc-57c002d388b7\", \"type\": \"loopBlock\", \"label\": \"FruitLoop\", \"target\": {\"path\": \"/Document/fruitOut[]\", \"order\": 1, \"title\": \"fruitOut\", \"dataElementType\": \"documentArray\"}, \"actualPath\": \"/Document/fruitOut[]\", \"isDisabled\": false, \"sourcePath\": \"/Document/fruitIn[]\", \"targetPath\": \"/Document/fruitOut[]\", \"mapCondition\": {\"isConditionSet\": false, \"sourceTreeIndex\": [], \"targetTreeIndex\": [{\"key\": 1, \"title\": \"Document\", \"isLeaf\": false, \"isArray\": false, \"children\": [{\"key\": 2, \"title\": \"fruitOut\", \"isLeaf\": false, \"isArray\": true, \"parentKey\": 1, \"arrayIndex\": null}], \"parentKey\": 0}], \"mapConditionFormValue\": {}}}]}], \"block\": {}, \"append\": {}, \"loopBlock\": {\"/Document/fruitOut[]\": [{\"id\": \"324b81e3-761f-4c02-89bc-57c002d388b7\", \"maps\": {\"/Document/fruitOut/name\": [{\"type\": \"map\", \"source\": {\"path\": \"/Document/fruitIn/name\", \"title\": \"name\", \"dataElementType\": \"string\"}, \"target\": {\"path\": \"/Document/fruitOut/name\", \"order\": 2, \"title\": \"name\", \"dataElementType\": \"string\"}, \"mapCondition\": {\"isConditionSet\": false, \"sourceTreeIndex\": [], \"targetTreeIndex\": [], \"mapConditionFormValue\": {}}}], \"/Document/fruitOut/inStock[]\": [{\"id\": \"81a11593-c796-4c82-a8de-ce7fd7090bf3\", \"type\": \"loopBlock\", \"label\": \"InStockLoop\", \"target\": {\"path\": \"/Document/fruitOut/inStock[]\", \"order\": 3, \"title\": \"inStock\", \"dataElementType\": \"documentArray\"}, \"actualPath\": \"/Document/fruitOut/inStock[]\", \"isDisabled\": false, \"sourcePath\": \"/Document/fruitIn/types[]\", \"targetPath\": \"/Document/fruitOut/inStock[]\", \"mapCondition\": {\"defaultValue\": null, \"isConditionSet\": false, \"sourceTreeIndex\": [], \"targetTreeIndex\": [{\"key\": 1, \"title\": \"Document\", \"isLeaf\": false, \"isArray\": false, \"children\": [{\"key\": 2, \"title\": \"fruitOut\", \"isLeaf\": false, \"isArray\": false, \"children\": [{\"key\": 3, \"title\": \"inStock\", \"isLeaf\": false, \"isArray\": true, \"expanded\": true, \"parentKey\": 2, \"arrayIndex\": null}], \"expanded\": true, \"parentKey\": 1}], \"expanded\": true, \"parentKey\": 0}], \"mapConditionFormValue\": {\"fields\": [{\"id\": 1, \"path\": \"\", \"field\": \"/Document/fruitIn/types[]/inStock\", \"value\": \"true\", \"isGroup\": false, \"children\": null, \"operator\": \"==\", \"operation\": \"&&\", \"dataElementType\": \"boolean\"}]}}}], \"/Document/fruitOut/outOfStock[]\": [{\"id\": \"e3c80594-00d3-4981-9305-2c1b4d414d19\", \"type\": \"loopBlock\", \"label\": \"OutOfStockLoop\", \"target\": {\"path\": \"/Document/fruitOut/outOfStock[]\", \"order\": 6, \"title\": \"outOfStock\", \"dataElementType\": \"documentArray\"}, \"actualPath\": \"/Document/fruitOut/outOfStock[]\", \"isDisabled\": false, \"sourcePath\": \"/Document/fruitIn/types[]\", \"targetPath\": \"/Document/fruitOut/outOfStock[]\", \"mapCondition\": {\"defaultValue\": null, \"isConditionSet\": false, \"sourceTreeIndex\": [], \"targetTreeIndex\": [{\"key\": 1, \"title\": \"Document\", \"isLeaf\": false, \"isArray\": false, \"children\": [{\"key\": 2, \"title\": \"fruitOut\", \"isLeaf\": false, \"isArray\": false, \"children\": [{\"key\": 3, \"title\": \"outOfStock\", \"isLeaf\": false, \"isArray\": true, \"expanded\": true, \"parentKey\": 2, \"arrayIndex\": null}], \"expanded\": true, \"parentKey\": 1}], \"expanded\": true, \"parentKey\": 0}], \"mapConditionFormValue\": {\"fields\": [{\"id\": 1, \"path\": \"\", \"field\": \"/Document/fruitIn/types[]/inStock\", \"value\": \"false\", \"isGroup\": false, \"children\": null, \"operator\": \"==\", \"operation\": \"&&\", \"dataElementType\": \"boolean\"}]}}}]}, \"loopBlock\": {\"/Document/fruitOut/inStock[]\": [{\"id\": \"81a11593-c796-4c82-a8de-ce7fd7090bf3\", \"maps\": {\"/Document/fruitOut/inStock/name\": [{\"type\": \"map\", \"source\": {\"path\": \"/Document/fruitIn/types/name\", \"title\": \"name\", \"dataElementType\": \"string\"}, \"target\": {\"path\": \"/Document/fruitOut/inStock/name\", \"order\": 4, \"title\": \"name\", \"dataElementType\": \"string\"}, \"mapCondition\": {\"isConditionSet\": false, \"sourceTreeIndex\": [], \"targetTreeIndex\": [], \"mapConditionFormValue\": {}}}], \"/Document/fruitOut/inStock/color\": [{\"type\": \"map\", \"source\": {\"path\": \"/Document/fruitIn/types/color\", \"title\": \"color\", \"dataElementType\": \"string\"}, \"target\": {\"path\": \"/Document/fruitOut/inStock/color\", \"order\": 5, \"title\": \"color\", \"dataElementType\": \"string\"}, \"mapCondition\": {\"isConditionSet\": false, \"sourceTreeIndex\": [], \"targetTreeIndex\": [], \"mapConditionFormValue\": {}}}]}, \"transformer\": []}], \"/Document/fruitOut/outOfStock[]\": [{\"id\": \"e3c80594-00d3-4981-9305-2c1b4d414d19\", \"maps\": {\"/Document/fruitOut/outOfStock/name\": [{\"type\": \"map\", \"source\": {\"path\": \"/Document/fruitIn/types/name\", \"title\": \"name\", \"dataElementType\": \"string\"}, \"target\": {\"path\": \"/Document/fruitOut/outOfStock/name\", \"order\": 7, \"title\": \"name\", \"dataElementType\": \"string\"}, \"mapCondition\": {\"isConditionSet\": false, \"sourceTreeIndex\": [], \"targetTreeIndex\": [], \"mapConditionFormValue\": {}}}], \"/Document/fruitOut/outOfStock/color\": [{\"type\": \"map\", \"source\": {\"path\": \"/Document/fruitIn/types/color\", \"title\": \"color\", \"dataElementType\": \"string\"}, \"target\": {\"path\": \"/Document/fruitOut/outOfStock/color\", \"order\": 8, \"title\": \"color\", \"dataElementType\": \"string\"}, \"mapCondition\": {\"isConditionSet\": false, \"sourceTreeIndex\": [], \"targetTreeIndex\": [], \"mapConditionFormValue\": {}}}]}, \"transformer\": []}]}, \"transformer\": []}]}, \"transformer\": []}",
    "null" : false
  },
  "source_b2b_document_type_id" : null,
  "target_b2b_document_type_id" : null,
  "exec_enable" : false,
  "source_b2b_document_type_root" : "Document",
  "target_b2b_document_type_root" : "Document",
  "active" : false,
  "tag" : "V22",
  "is_changed" : false,
  "source_b2b_document_type_tag" : "EMPTY",
  "target_b2b_document_type_tag" : "EMPTY",
  "source_b2b_document_type_project_id" : null,
  "source_b2b_document_type_project_tag" : "EMPTY",
  "target_b2b_document_type_project_id" : null,
  "target_b2b_document_type_project_tag" : "EMPTY",
  "comment" : "Added Aggregation Map function example",
  "base_tag" : "V21",
  "source_b2b_document_type_project_mode_id" : "112c1cb8-4b9e-4d1a-a042-0bd031dc7d05",
  "target_b2b_document_type_project_mode_id" : "112c1cb8-4b9e-4d1a-a042-0bd031dc7d05",
  "keys_with_order" : {
    "type" : "json",
    "value" : "{\"/Document/fruitOut[]\":1.0,\"/Document/fruitOut[]/name\":2.0,\"/Document/fruitOut[]/inStock[]\":3.0,\"/Document/fruitOut[]/inStock[]/name\":4.0,\"/Document/fruitOut[]/inStock[]/color\":5.0,\"/Document/fruitOut[]/outOfStock[]\":6.0,\"/Document/fruitOut[]/outOfStock[]/name\":7.0,\"/Document/fruitOut[]/outOfStock[]/color\":8.0}",
    "null" : false
  }
}