{
  "id" : "e933a5e4-af3f-4f4e-b4e2-c0a1409f6245",
  "name" : "HTTP Client WebhookSite",
  "description" : "HTTP Client WebhookSite",
  "connection_config" : null,
  "endpoint_type_id" : "de4f95fa-d30d-4d50-998c-dd3d1293e83c",
  "enabled" : true,
  "bean_name" : "HTTPSClient-e933a5e4-af3f-4f4e-b4e2-c0a1409f6245",
  "status" : {
    "type" : "jsonb",
    "value" : "{\"112c1cb8-4b9e-4d1a-a042-0bd031dc7d05\": true, \"81e359da-9454-40ba-b968-1273a3b8e37b\": true, \"bdf2e4f5-a195-40b5-a82a-1d76ab30e077\": true}",
    "null" : false
  },
  "auth_token_config" : {
    "type" : "jsonb",
    "value" : "{}",
    "null" : false
  },
  "avatar_id" : null,
  "tag" : "V17",
  "active" : false,
  "is_changed" : false,
  "comment" : "Added environment variable version of HTTP Client multipart form-data file upload",
  "is_error" : false,
  "base_tag" : "V16"
}