{
  "component_config_id" : "f699830e-4031-4b2c-a3f8-aa54090466ea",
  "endpoint_config_json" : null,
  "input_config_json" : {
    "type" : "jsonb",
    "value" : "{\"ApacheKafkaConsumeInput\": {\"general\": {\"offset\": null, \"ackMode\": \"IMMEDIATE\", \"recordKey\": null, \"topicName\": \"TestTopic\", \"concurrency\": null, \"topicPartition\": null, \"consumerGroupId\": null}}}",
    "null" : false
  },
  "output_config_json" : {
    "type" : "jsonb",
    "value" : "{\"crossRef\": [], \"services\": [], \"multistep\": [], \"operations\": [{\"map\": {\"id\": \"efddbd00-7940-45ed-966f-c9cc445a71d1\", \"root\": true, \"type\": \"map\", \"cached\": false, \"source\": \"/ApacheKafkaConsumeOutput\", \"target\": \"/ApacheKafkaConsumeOutput\", \"mapNull\": false, \"disabled\": false, \"extractXml\": false, \"extractJson\": false, \"mapEmptyString\": false}}]}",
    "null" : false
  },
  "component_id" : "5a882aff-d339-4df1-99af-fa8f7ed3b47b",
  "service_id" : "ba69113a-f527-44fc-8a22-9ba282209f91",
  "endpoint_id" : "2a8ace3e-4096-41b0-966b-7a4565658599",
  "parent_component_config_id" : null,
  "component_config_order" : 1.0,
  "action_id" : "6bde7f19-31fb-470e-9e35-0573d8ab1293",
  "name" : "",
  "description" : "",
  "override_endpoint" : false,
  "input_structure_json" : {
    "type" : "jsonb",
    "value" : "{\"ApacheKafkaConsumeInput\": {\"general\": {\"offset\": null, \"ackMode\": \"IMMEDIATE\", \"recordKey\": null, \"topicName\": \"TestTopic\", \"concurrency\": null, \"topicPartition\": null, \"consumerGroupId\": null}}}",
    "null" : false
  },
  "output_structure_json" : {
    "type" : "jsonb",
    "value" : "{\"maps\": [{\"/ApacheKafkaConsumeOutput\": [{\"type\": \"map\", \"source\": {\"path\": \"/ApacheKafkaConsumeOutput\", \"title\": \"ApacheKafkaConsumeOutput\", \"dataElementType\": \"document\"}, \"target\": {\"path\": \"/ApacheKafkaConsumeOutput\", \"alias\": null, \"order\": null, \"title\": \"ApacheKafkaConsumeOutput\", \"dataElementType\": \"document\"}, \"mapCondition\": {\"mapNull\": null, \"defaultValue\": null, \"isConditionSet\": false, \"mapEmptyString\": null, \"sourceTreeIndex\": [], \"targetTreeIndex\": [], \"mapConditionFormValue\": {\"fields\": null}}}]}]}",
    "null" : false
  },
  "endpoint_structure_json" : null,
  "is_error" : false,
  "no_of_errors" : null,
  "action_input_type" : null,
  "config_service_id" : null,
  "config_imap_id" : null,
  "config_b2b_document_type_id" : null,
  "config_document_id" : null,
  "add_variables" : null,
  "drop_variables" : null,
  "plug_input_structure" : null,
  "plug_output_structure" : null,
  "config_plug_id" : null,
  "override_plug" : false,
  "config_java_service_id" : null,
  "service_tag" : "V14",
  "endpoint_tag" : "EMPTY",
  "config_service_tag" : null,
  "config_imap_tag" : null,
  "config_b2b_document_type_tag" : null,
  "active" : false,
  "parent_component_config_service_tag" : "V14",
  "service_project_id" : "94afffa5-622e-4445-9e23-5019119fbd0b",
  "service_project_tag" : "V14",
  "config_service_project_id" : null,
  "config_service_project_tag" : null,
  "config_imap_project_id" : null,
  "config_imap_project_tag" : null,
  "config_b2b_document_type_project_id" : null,
  "config_b2b_document_type_project_tag" : null,
  "endpoint_project_id" : "94afffa5-622e-4445-9e23-5019119fbd0b",
  "endpoint_project_tag" : "EMPTY",
  "config_plug_tag" : null,
  "config_plug_project_id" : null,
  "config_plug_project_tag" : null,
  "config_java_service_tag" : null,
  "config_java_service_project_id" : null,
  "config_java_service_project_tag" : null,
  "disabled" : false,
  "config" : {
    "type" : "json",
    "value" : "{\"topicName\":\"TestTopic\",\"topicPartition\":null,\"recordKey\":null,\"offset\":null,\"consumerGroupId\":null,\"concurrency\":null,\"ackMode\":\"IMMEDIATE\"}",
    "null" : false
  },
  "config_b2b_document_type_project_mode_id" : "112c1cb8-4b9e-4d1a-a042-0bd031dc7d05",
  "config_imap_project_mode_id" : "112c1cb8-4b9e-4d1a-a042-0bd031dc7d05",
  "config_java_service_project_mode_id" : "112c1cb8-4b9e-4d1a-a042-0bd031dc7d05",
  "config_plug_project_mode_id" : "112c1cb8-4b9e-4d1a-a042-0bd031dc7d05",
  "config_service_project_mode_id" : "112c1cb8-4b9e-4d1a-a042-0bd031dc7d05",
  "endpoint_project_mode_id" : "112c1cb8-4b9e-4d1a-a042-0bd031dc7d05",
  "service_project_mode_id" : "112c1cb8-4b9e-4d1a-a042-0bd031dc7d05",
  "parent_component_config_service_project_mode_id" : "112c1cb8-4b9e-4d1a-a042-0bd031dc7d05",
  "is_audit" : true,
  "keys_with_order" : null
}