{
  "component_config_id" : "a067d2fa-8c81-4b04-822f-ac08c0221a26",
  "endpoint_config_json" : {
    "type" : "jsonb",
    "value" : "{\"crossRef\": [], \"services\": [], \"multistep\": [], \"operations\": []}",
    "null" : false
  },
  "input_config_json" : {
    "type" : "jsonb",
    "value" : "{\"crossRef\": [], \"services\": [], \"multistep\": [], \"operations\": [{\"map\": {\"id\": \"6c0a47b3-186d-4953-a546-1bcb3e1dd959\", \"root\": false, \"type\": \"map\", \"cached\": false, \"source\": \"/1APIServerRequest/queryParams/limit\", \"target\": \"/getemployeesInput/limit\", \"mapNull\": false, \"disabled\": false, \"extractXml\": false, \"extractJson\": false, \"targetOrder\": 1.0, \"mapEmptyString\": false, \"sourceJavaType\": \"java.lang.Integer\", \"targetJavaType\": \"java.lang.Integer\"}}, {\"map\": {\"id\": \"dd230b74-0021-436a-818a-6cfca2190285\", \"root\": false, \"type\": \"map\", \"cached\": false, \"source\": \"/1APIServerRequest/queryParams/offset\", \"target\": \"/getemployeesInput/offset\", \"mapNull\": false, \"disabled\": false, \"extractXml\": false, \"extractJson\": false, \"targetOrder\": 1.0, \"mapEmptyString\": false, \"sourceJavaType\": \"java.lang.Integer\", \"targetJavaType\": \"java.lang.Integer\"}}]}",
    "null" : false
  },
  "output_config_json" : {
    "type" : "jsonb",
    "value" : "{\"crossRef\": [], \"services\": [], \"multistep\": [], \"operations\": [{\"map\": {\"id\": \"885c8f54-ce86-446d-a42a-896e2495b97e\", \"root\": true, \"type\": \"map\", \"cached\": false, \"source\": \"/getemployeesOutput\", \"target\": \"/getemployeesOutput\", \"mapNull\": false, \"disabled\": false, \"extractXml\": false, \"extractJson\": false, \"targetOrder\": 1.0, \"mapEmptyString\": false}}, {\"map\": {\"id\": \"64d36135-0891-4b25-9c5a-5c274bc3c95a\", \"root\": false, \"type\": \"map\", \"cached\": false, \"source\": \"/getemployeesOutput/ResponseStatus\", \"target\": \"/status\", \"mapNull\": false, \"disabled\": false, \"extractXml\": false, \"extractJson\": false, \"targetOrder\": 1.0, \"mapEmptyString\": false, \"sourceJavaType\": \"java.lang.String\", \"targetJavaType\": \"java.lang.String\"}}, {\"map\": {\"id\": \"092015e9-2520-4ba7-a5e2-a40c56569dfe\", \"root\": true, \"type\": \"map\", \"cached\": false, \"source\": \"/getemployeesOutput/ResponseBody\", \"target\": \"/1APIServerResponse/200\", \"mapNull\": false, \"disabled\": false, \"extractXml\": false, \"extractJson\": false, \"targetOrder\": 1.0, \"mapEmptyString\": false}}, {\"map\": {\"id\": \"d47242f2-3e9f-4807-9a67-85f44ff13110\", \"root\": true, \"type\": \"map\", \"cached\": false, \"source\": \"/getemployeesOutput/ResponseBody\", \"target\": \"/1APIServerResponse/400\", \"mapNull\": false, \"disabled\": false, \"extractXml\": false, \"extractJson\": false, \"targetOrder\": 1.0, \"mapEmptyString\": false}}, {\"map\": {\"id\": \"58943be2-ebdb-4eeb-8eef-ce99466179e7\", \"root\": true, \"type\": \"map\", \"cached\": false, \"source\": \"/getemployeesOutput/ResponseBody\", \"target\": \"/1APIServerResponse/500\", \"mapNull\": false, \"disabled\": false, \"extractXml\": false, \"extractJson\": false, \"targetOrder\": 1.0, \"mapEmptyString\": false}}, {\"map\": {\"id\": \"4e37f43e-d7a0-4dfc-9cb0-802dd524c20e\", \"root\": false, \"type\": \"setValue\", \"cached\": false, \"target\": \"/1APIServerResponse/200/responseHeaders/Content-Type\", \"mapNull\": false, \"disabled\": false, \"extractXml\": false, \"extractJson\": false, \"targetOrder\": 24.0, \"targetValue\": \"application/json\", \"mapEmptyString\": false, \"targetJavaType\": \"java.lang.String\", \"variableSubstitution\": false}}, {\"map\": {\"id\": \"779c0b67-c552-4087-b105-f2b24cf243bb\", \"root\": false, \"type\": \"setValue\", \"cached\": false, \"target\": \"/1APIServerResponse/400/responseHeaders/Content-Type\", \"mapNull\": false, \"disabled\": false, \"extractXml\": false, \"extractJson\": false, \"targetOrder\": 13.0, \"targetValue\": \"application/json\", \"mapEmptyString\": false, \"targetJavaType\": \"java.lang.String\", \"variableSubstitution\": false}}, {\"map\": {\"id\": \"c6d6e287-bceb-4f5d-bf38-7cc864e1a1c6\", \"root\": false, \"type\": \"setValue\", \"cached\": false, \"target\": \"/1APIServerResponse/500/responseHeaders/Content-Type\", \"mapNull\": false, \"disabled\": false, \"extractXml\": false, \"extractJson\": false, \"targetOrder\": 13.0, \"targetValue\": \"application/json\", \"mapEmptyString\": false, \"targetJavaType\": \"java.lang.String\", \"variableSubstitution\": false}}]}",
    "null" : false
  },
  "component_id" : "756d919f-1b1f-4eab-9f44-2f7b5bbe175c",
  "service_id" : "6e74fb04-e6df-4b6a-899b-e418b7eae626",
  "endpoint_id" : null,
  "parent_component_config_id" : "c4006ae8-ae0f-4431-830e-bc631f4841aa",
  "component_config_order" : 0.5,
  "action_id" : "8e231fcc-71d0-43f6-9303-70dcb0ca6080",
  "name" : "",
  "description" : "",
  "override_endpoint" : false,
  "input_structure_json" : {
    "type" : "jsonb",
    "value" : "{\"maps\": [{\"/getemployeesInput/limit\": [{\"type\": \"map\", \"source\": {\"path\": \"/1APIServerRequest/queryParams/limit\", \"title\": \"limit\", \"dataElementType\": \"integer\"}, \"target\": {\"path\": \"/getemployeesInput/limit\", \"order\": 1, \"title\": \"limit\", \"dataElementType\": \"integer\"}, \"mapCondition\": {\"isConditionSet\": false, \"sourceTreeIndex\": [], \"targetTreeIndex\": [], \"mapConditionFormValue\": {}}}]}, {\"/getemployeesInput/offset\": [{\"type\": \"map\", \"source\": {\"path\": \"/1APIServerRequest/queryParams/offset\", \"title\": \"offset\", \"dataElementType\": \"integer\"}, \"target\": {\"path\": \"/getemployeesInput/offset\", \"order\": 1, \"title\": \"offset\", \"dataElementType\": \"integer\"}, \"mapCondition\": {\"isConditionSet\": false, \"sourceTreeIndex\": [], \"targetTreeIndex\": [], \"mapConditionFormValue\": {}}}]}], \"mappedNodes\": [\"/getemployeesOutputactionOut\", \"/getemployeesOutputpipeOut\", \"/getemployeesOutput/ResponseStatus\", \"/statuspipeOut\", \"/getemployeesOutput/ResponseBody\", \"/1APIServerResponse/200pipeOut\", \"/getemployeesOutput/ResponseBody\", \"/1APIServerResponse/400pipeOut\", \"/getemployeesOutput/ResponseBody\", \"/1APIServerResponse/500pipeOut\", \"/1APIServerResponse/200/responseHeaders/Content-TypepipeOut\", \"/1APIServerResponse/200/responseHeaderspipeOut\", \"/1APIServerResponse/200pipeOut\", \"/1APIServerResponsepipeOut\", \"/1APIServerResponse/400/responseHeaders/Content-TypepipeOut\", \"/1APIServerResponse/400/responseHeaderspipeOut\", \"/1APIServerResponse/400pipeOut\", \"/1APIServerResponsepipeOut\", \"/1APIServerResponse/500/responseHeaders/Content-TypepipeOut\", \"/1APIServerResponse/500/responseHeaderspipeOut\", \"/1APIServerResponse/500pipeOut\", \"/1APIServerResponsepipeOut\", \"/1APIServerResponse/200/responseHeaderspipeOut\", \"/1APIServerResponse/200pipeOut\", \"/1APIServerResponsepipeOut\", \"/1APIServerResponse/400/responseHeaderspipeOut\", \"/1APIServerResponse/400pipeOut\", \"/1APIServerResponsepipeOut\", \"/1APIServerResponse/500/responseHeaderspipeOut\", \"/1APIServerResponse/500pipeOut\", \"/1APIServerResponsepipeOut\", \"/1APIServerRequest/queryParams/limit pipeIn\", \"/getemployeesInput/limit actionIn\", \"/1APIServerRequest/queryParams/offset pipeIn\", \"/getemployeesInput/offset actionIn\"]}",
    "null" : false
  },
  "output_structure_json" : {
    "type" : "jsonb",
    "value" : "{\"maps\": [{\"/getemployeesOutput\": [{\"type\": \"map\", \"source\": {\"path\": \"/getemployeesOutput\", \"title\": \"getemployeesOutput\", \"dataElementType\": \"document\"}, \"target\": {\"path\": \"/getemployeesOutput\", \"order\": 1, \"title\": \"getemployeesOutput\", \"dataElementType\": \"document\"}, \"mapCondition\": {\"isConditionSet\": false, \"sourceTreeIndex\": [], \"targetTreeIndex\": [], \"mapConditionFormValue\": {}}}]}, {\"/status\": [{\"type\": \"map\", \"source\": {\"path\": \"/getemployeesOutput/ResponseStatus\", \"title\": \"ResponseStatus\", \"dataElementType\": \"string\"}, \"target\": {\"path\": \"/status\", \"order\": 1, \"title\": \"status\", \"dataElementType\": \"string\"}, \"mapCondition\": {\"isConditionSet\": false, \"sourceTreeIndex\": [], \"targetTreeIndex\": [], \"mapConditionFormValue\": {}}}]}, {\"/1APIServerResponse/200\": [{\"type\": \"map\", \"source\": {\"path\": \"/getemployeesOutput/ResponseBody\", \"title\": \"ResponseBody\", \"dataElementType\": \"document\"}, \"target\": {\"path\": \"/1APIServerResponse/200\", \"order\": 1, \"title\": \"200\", \"dataElementType\": \"document\"}, \"mapCondition\": {\"isConditionSet\": false, \"sourceTreeIndex\": [], \"targetTreeIndex\": [], \"mapConditionFormValue\": {}}}]}, {\"/1APIServerResponse/400\": [{\"type\": \"map\", \"source\": {\"path\": \"/getemployeesOutput/ResponseBody\", \"title\": \"ResponseBody\", \"dataElementType\": \"document\"}, \"target\": {\"path\": \"/1APIServerResponse/400\", \"order\": 1, \"title\": \"400\", \"dataElementType\": \"document\"}, \"mapCondition\": {\"isConditionSet\": false, \"sourceTreeIndex\": [], \"targetTreeIndex\": [], \"mapConditionFormValue\": {}}}]}, {\"/1APIServerResponse/500\": [{\"type\": \"map\", \"source\": {\"path\": \"/getemployeesOutput/ResponseBody\", \"title\": \"ResponseBody\", \"dataElementType\": \"document\"}, \"target\": {\"path\": \"/1APIServerResponse/500\", \"order\": 1, \"title\": \"500\", \"dataElementType\": \"document\"}, \"mapCondition\": {\"isConditionSet\": false, \"sourceTreeIndex\": [], \"targetTreeIndex\": [], \"mapConditionFormValue\": {}}}]}, {\"/1APIServerResponse/200/responseHeaders/Content-Type\": [{\"type\": \"setValue\", \"order\": 24, \"target\": {\"path\": \"/1APIServerResponse/200/responseHeaders/Content-Type\", \"order\": 24, \"title\": \"Content-Type\", \"dataElementType\": \"string\"}, \"values\": [{\"id\": \"c31b95fc-6171-4816-99eb-881aca6741c2\", \"key\": \"/1APIServerResponse/200/responseHeaders/Content-Type\", \"type\": \"string\", \"order\": 24, \"title\": \"Content-Type\", \"isLeaf\": true, \"setValue\": null, \"uiElement\": \"application/json\", \"isSetValue\": false, \"childrenSet\": false, \"hasChildren\": false, \"dataElementType\": \"string\", \"encryption_required\": false}], \"mapCondition\": {\"isConditionSet\": false, \"sourceTreeIndex\": [], \"targetTreeIndex\": [], \"mapConditionFormValue\": {}}, \"dataElementType\": \"string\", \"variableSubstitution\": false, \"overwritePipelineValue\": false}]}, {\"/1APIServerResponse/400/responseHeaders/Content-Type\": [{\"type\": \"setValue\", \"order\": 13, \"target\": {\"path\": \"/1APIServerResponse/400/responseHeaders/Content-Type\", \"order\": 13, \"title\": \"Content-Type\", \"dataElementType\": \"string\"}, \"values\": [{\"id\": \"9316444d-648f-4386-bcb3-a75465a4e9a8\", \"key\": \"/1APIServerResponse/400/responseHeaders/Content-Type\", \"type\": \"string\", \"order\": 13, \"title\": \"Content-Type\", \"isLeaf\": true, \"setValue\": null, \"uiElement\": \"application/json\", \"isSetValue\": false, \"childrenSet\": false, \"hasChildren\": false, \"dataElementType\": \"string\", \"encryption_required\": false}], \"mapCondition\": {\"isConditionSet\": false, \"sourceTreeIndex\": [], \"targetTreeIndex\": [], \"mapConditionFormValue\": {}}, \"dataElementType\": \"string\", \"variableSubstitution\": false, \"overwritePipelineValue\": false}]}, {\"/1APIServerResponse/500/responseHeaders/Content-Type\": [{\"type\": \"setValue\", \"order\": 13, \"target\": {\"path\": \"/1APIServerResponse/500/responseHeaders/Content-Type\", \"order\": 13, \"title\": \"Content-Type\", \"dataElementType\": \"string\"}, \"values\": [{\"id\": \"6647e593-91c8-4b4c-b046-c801070742fd\", \"key\": \"/1APIServerResponse/500/responseHeaders/Content-Type\", \"type\": \"string\", \"order\": 13, \"title\": \"Content-Type\", \"isLeaf\": true, \"setValue\": null, \"uiElement\": \"application/json\", \"isSetValue\": false, \"childrenSet\": false, \"hasChildren\": false, \"dataElementType\": \"string\", \"encryption_required\": false}], \"mapCondition\": {\"isConditionSet\": false, \"sourceTreeIndex\": [], \"targetTreeIndex\": [], \"mapConditionFormValue\": {}}, \"dataElementType\": \"string\", \"variableSubstitution\": false, \"overwritePipelineValue\": false}]}], \"tracks\": {}, \"transformer\": []}",
    "null" : false
  },
  "endpoint_structure_json" : {
    "type" : "jsonb",
    "value" : "{\"maps\": []}",
    "null" : false
  },
  "is_error" : false,
  "no_of_errors" : 0,
  "action_input_type" : null,
  "config_service_id" : "007ac044-426d-4041-b892-9fb8d951619a",
  "config_imap_id" : null,
  "config_b2b_document_type_id" : null,
  "config_document_id" : null,
  "add_variables" : {
    "type" : "jsonb",
    "value" : "[]",
    "null" : false
  },
  "drop_variables" : {
    "type" : "jsonb",
    "value" : "[]",
    "null" : false
  },
  "plug_input_structure" : null,
  "plug_output_structure" : null,
  "config_plug_id" : null,
  "override_plug" : false,
  "config_java_service_id" : null,
  "service_tag" : "V17",
  "endpoint_tag" : null,
  "config_service_tag" : "EMPTY",
  "config_imap_tag" : "",
  "config_b2b_document_type_tag" : "",
  "active" : false,
  "parent_component_config_service_tag" : "V17",
  "service_project_id" : "94afffa5-622e-4445-9e23-5019119fbd0b",
  "service_project_tag" : "V17",
  "config_service_project_id" : "94afffa5-622e-4445-9e23-5019119fbd0b",
  "config_service_project_tag" : "EMPTY",
  "config_imap_project_id" : null,
  "config_imap_project_tag" : "",
  "config_b2b_document_type_project_id" : null,
  "config_b2b_document_type_project_tag" : "",
  "endpoint_project_id" : null,
  "endpoint_project_tag" : null,
  "config_plug_tag" : null,
  "config_plug_project_id" : null,
  "config_plug_project_tag" : null,
  "config_java_service_tag" : "",
  "config_java_service_project_id" : null,
  "config_java_service_project_tag" : "",
  "disabled" : false,
  "config" : {
    "type" : "json",
    "value" : "{\"serviceProjectName\":\"GettingStarted\"}",
    "null" : false
  },
  "config_b2b_document_type_project_mode_id" : "112c1cb8-4b9e-4d1a-a042-0bd031dc7d05",
  "config_imap_project_mode_id" : "112c1cb8-4b9e-4d1a-a042-0bd031dc7d05",
  "config_java_service_project_mode_id" : "112c1cb8-4b9e-4d1a-a042-0bd031dc7d05",
  "config_plug_project_mode_id" : "112c1cb8-4b9e-4d1a-a042-0bd031dc7d05",
  "config_service_project_mode_id" : "112c1cb8-4b9e-4d1a-a042-0bd031dc7d05",
  "endpoint_project_mode_id" : "112c1cb8-4b9e-4d1a-a042-0bd031dc7d05",
  "service_project_mode_id" : "112c1cb8-4b9e-4d1a-a042-0bd031dc7d05",
  "parent_component_config_service_project_mode_id" : "112c1cb8-4b9e-4d1a-a042-0bd031dc7d05",
  "is_audit" : true,
  "keys_with_order" : null
}