{
  "component_config_id" : "40dd1f2a-f106-488a-bd81-7876e909945e",
  "endpoint_config_json" : {
    "type" : "jsonb",
    "value" : "{\"crossRef\": [], \"services\": [], \"multistep\": [], \"operations\": []}",
    "null" : false
  },
  "input_config_json" : {
    "type" : "jsonb",
    "value" : "{\"crossRef\": [], \"services\": [], \"multistep\": [], \"operations\": []}",
    "null" : false
  },
  "output_config_json" : {
    "type" : "jsonb",
    "value" : "{\"crossRef\": [], \"services\": [], \"multistep\": [], \"operations\": [{\"map\": {\"id\": \"6c20cb6c-d6da-4415-ad9b-124b666456ec\", \"root\": false, \"type\": \"setValue\", \"cached\": false, \"target\": \"/employeesarraystring\", \"mapNull\": false, \"disabled\": false, \"extractXml\": false, \"extractJson\": false, \"targetOrder\": 1.0, \"targetValue\": \"{\\\"employees\\\":[\\n  {\\n    \\\"id\\\": 101,\\n    \\\"firstName\\\": \\\"Alice\\\",\\n    \\\"lastName\\\": \\\"Johnson\\\",\\n    \\\"position\\\": \\\"Software Engineer\\\"\\n  },\\n  {\\n    \\\"id\\\": 102,\\n    \\\"firstName\\\": \\\"Bob\\\",\\n    \\\"lastName\\\": \\\"Martinez\\\",\\n    \\\"position\\\": \\\"Product Manager\\\"\\n  },\\n  {\\n    \\\"id\\\": 103,\\n    \\\"firstName\\\": \\\"Carol\\\",\\n    \\\"lastName\\\": \\\"Lee\\\",\\n    \\\"position\\\": \\\"UX Designer\\\"\\n  },\\n  {\\n    \\\"id\\\": 104,\\n    \\\"firstName\\\": \\\"David\\\",\\n    \\\"lastName\\\": \\\"Nguyen\\\",\\n    \\\"position\\\": \\\"Data Analyst\\\"\\n  },\\n  {\\n    \\\"id\\\": 105,\\n    \\\"firstName\\\": \\\"Eva\\\",\\n    \\\"lastName\\\": \\\"Singh\\\",\\n    \\\"position\\\": \\\"DevOps Engineer\\\"\\n  }\\n]}\", \"mapEmptyString\": false, \"targetJavaType\": \"java.lang.String\", \"variableSubstitution\": false}}, {\"map\": {\"id\": \"e15c830a-265b-46cb-90d2-57865ca6fceb\", \"root\": false, \"type\": \"setValue\", \"cached\": false, \"target\": \"/salaryarraystring\", \"mapNull\": false, \"disabled\": false, \"extractXml\": false, \"extractJson\": false, \"targetOrder\": 1.0, \"targetValue\": \"{\\\"salaries\\\":[\\n  {\\n    \\\"id\\\": 101,\\n    \\\"salary\\\": 95000,\\n    \\\"currency\\\": \\\"USD\\\"\\n  },\\n  {\\n    \\\"id\\\": 102,\\n    \\\"salary\\\": 115000,\\n    \\\"currency\\\": \\\"USD\\\"\\n  },\\n  {\\n    \\\"id\\\": 103,\\n    \\\"salary\\\": 88000,\\n    \\\"currency\\\": \\\"USD\\\"\\n  },\\n  {\\n    \\\"id\\\": 104,\\n    \\\"salary\\\": 78000,\\n    \\\"currency\\\": \\\"USD\\\"\\n  },\\n  {\\n    \\\"id\\\": 105,\\n    \\\"salary\\\": 102000,\\n    \\\"currency\\\": \\\"USD\\\"\\n  }\\n]\\n}\", \"mapEmptyString\": false, \"targetJavaType\": \"java.lang.String\", \"variableSubstitution\": false}}]}",
    "null" : false
  },
  "component_id" : "8ac5fe03-27a2-4e6a-a449-6a8893818223",
  "service_id" : "4f84cf83-ef61-44ae-869d-ca709f0f9a25",
  "endpoint_id" : null,
  "parent_component_config_id" : null,
  "component_config_order" : 2.0,
  "action_id" : "06843b78-eab0-45da-afab-8c8277d7553f",
  "name" : "Declare vars",
  "description" : "",
  "override_endpoint" : false,
  "input_structure_json" : {
    "type" : "jsonb",
    "value" : "{\"maps\": [], \"mappedNodes\": [\"/employeesarraystringpipeOut\", \"/salaryarraystringpipeOut\"]}",
    "null" : false
  },
  "output_structure_json" : {
    "type" : "jsonb",
    "value" : "{\"maps\": [{\"/employeesarraystring\": [{\"type\": \"setValue\", \"order\": 1, \"target\": {\"path\": \"/employeesarraystring\", \"order\": 1, \"title\": \"employeesarraystring\", \"dataElementType\": \"string\"}, \"values\": [{\"id\": \"c34bdafc-8d6b-4403-9a41-0c46108038aa\", \"key\": \"/employeesarraystring\", \"type\": \"node\", \"order\": 1, \"title\": \"employeesarraystring\", \"children\": [], \"setValue\": null, \"editAllow\": true, \"uiElement\": \"{\\\"employees\\\":[\\n  {\\n    \\\"id\\\": 101,\\n    \\\"firstName\\\": \\\"Alice\\\",\\n    \\\"lastName\\\": \\\"Johnson\\\",\\n    \\\"position\\\": \\\"Software Engineer\\\"\\n  },\\n  {\\n    \\\"id\\\": 102,\\n    \\\"firstName\\\": \\\"Bob\\\",\\n    \\\"lastName\\\": \\\"Martinez\\\",\\n    \\\"position\\\": \\\"Product Manager\\\"\\n  },\\n  {\\n    \\\"id\\\": 103,\\n    \\\"firstName\\\": \\\"Carol\\\",\\n    \\\"lastName\\\": \\\"Lee\\\",\\n    \\\"position\\\": \\\"UX Designer\\\"\\n  },\\n  {\\n    \\\"id\\\": 104,\\n    \\\"firstName\\\": \\\"David\\\",\\n    \\\"lastName\\\": \\\"Nguyen\\\",\\n    \\\"position\\\": \\\"Data Analyst\\\"\\n  },\\n  {\\n    \\\"id\\\": 105,\\n    \\\"firstName\\\": \\\"Eva\\\",\\n    \\\"lastName\\\": \\\"Singh\\\",\\n    \\\"position\\\": \\\"DevOps Engineer\\\"\\n  }\\n]}\", \"isSetValue\": false, \"dataElementType\": \"string\", \"componentConfigId\": \"40dd1f2a-f106-488a-bd81-7876e909945e\", \"componentConfigName\": \"Map\"}], \"mapCondition\": {\"isConditionSet\": false, \"sourceTreeIndex\": [], \"targetTreeIndex\": [], \"mapConditionFormValue\": {}}, \"dataElementType\": \"string\", \"variableSubstitution\": false, \"overwritePipelineValue\": false}]}, {\"/salaryarraystring\": [{\"type\": \"setValue\", \"order\": 1, \"target\": {\"path\": \"/salaryarraystring\", \"order\": 1, \"title\": \"salaryarraystring\", \"dataElementType\": \"string\"}, \"values\": [{\"id\": \"f12e80be-e8d0-4096-b51f-36727ace08c0\", \"key\": \"/salaryarraystring\", \"type\": \"node\", \"order\": 1, \"title\": \"salaryarraystring\", \"children\": [], \"setValue\": null, \"editAllow\": true, \"uiElement\": \"{\\\"salaries\\\":[\\n  {\\n    \\\"id\\\": 101,\\n    \\\"salary\\\": 95000,\\n    \\\"currency\\\": \\\"USD\\\"\\n  },\\n  {\\n    \\\"id\\\": 102,\\n    \\\"salary\\\": 115000,\\n    \\\"currency\\\": \\\"USD\\\"\\n  },\\n  {\\n    \\\"id\\\": 103,\\n    \\\"salary\\\": 88000,\\n    \\\"currency\\\": \\\"USD\\\"\\n  },\\n  {\\n    \\\"id\\\": 104,\\n    \\\"salary\\\": 78000,\\n    \\\"currency\\\": \\\"USD\\\"\\n  },\\n  {\\n    \\\"id\\\": 105,\\n    \\\"salary\\\": 102000,\\n    \\\"currency\\\": \\\"USD\\\"\\n  }\\n]\\n}\", \"isSetValue\": false, \"dataElementType\": \"string\", \"componentConfigId\": \"40dd1f2a-f106-488a-bd81-7876e909945e\", \"componentConfigName\": \"Map\"}], \"mapCondition\": {\"isConditionSet\": false, \"sourceTreeIndex\": [], \"targetTreeIndex\": [], \"mapConditionFormValue\": {}}, \"dataElementType\": \"string\", \"variableSubstitution\": false, \"overwritePipelineValue\": false}]}], \"tracks\": {}, \"transformer\": []}",
    "null" : false
  },
  "endpoint_structure_json" : {
    "type" : "jsonb",
    "value" : "{\"maps\": []}",
    "null" : false
  },
  "is_error" : false,
  "no_of_errors" : 0,
  "action_input_type" : null,
  "config_service_id" : null,
  "config_imap_id" : null,
  "config_b2b_document_type_id" : null,
  "config_document_id" : null,
  "add_variables" : {
    "type" : "jsonb",
    "value" : "[{\"id\": \"6dd52d22-d828-4400-8689-085b71499eca\", \"key\": \"/employeesarraystring\", \"type\": \"node\", \"order\": 1, \"title\": \"employeesarraystring\", \"value\": {\"type\": \"string\"}, \"children\": [], \"editAllow\": true, \"componentName\": \"Declare vars\", \"dataElementType\": \"string\", \"componentConfigId\": \"40dd1f2a-f106-488a-bd81-7876e909945e\", \"componentConfigName\": \"Map\"}, {\"id\": \"2ed18d85-bfce-4e1f-a6af-86703f8b9c86\", \"key\": \"/salaryarraystring\", \"type\": \"node\", \"order\": 1, \"title\": \"salaryarraystring\", \"value\": {\"type\": \"string\"}, \"children\": [], \"editAllow\": true, \"componentName\": \"Declare vars\", \"dataElementType\": \"string\", \"componentConfigId\": \"40dd1f2a-f106-488a-bd81-7876e909945e\", \"componentConfigName\": \"Map\"}]",
    "null" : false
  },
  "drop_variables" : {
    "type" : "jsonb",
    "value" : "[]",
    "null" : false
  },
  "plug_input_structure" : null,
  "plug_output_structure" : null,
  "config_plug_id" : null,
  "override_plug" : false,
  "config_java_service_id" : null,
  "service_tag" : "V17",
  "endpoint_tag" : null,
  "config_service_tag" : "",
  "config_imap_tag" : "",
  "config_b2b_document_type_tag" : "",
  "active" : false,
  "parent_component_config_service_tag" : "V17",
  "service_project_id" : "94afffa5-622e-4445-9e23-5019119fbd0b",
  "service_project_tag" : "V17",
  "config_service_project_id" : null,
  "config_service_project_tag" : "",
  "config_imap_project_id" : null,
  "config_imap_project_tag" : "",
  "config_b2b_document_type_project_id" : null,
  "config_b2b_document_type_project_tag" : "",
  "endpoint_project_id" : null,
  "endpoint_project_tag" : null,
  "config_plug_tag" : null,
  "config_plug_project_id" : null,
  "config_plug_project_tag" : null,
  "config_java_service_tag" : "",
  "config_java_service_project_id" : null,
  "config_java_service_project_tag" : "",
  "disabled" : false,
  "config" : null,
  "config_b2b_document_type_project_mode_id" : "112c1cb8-4b9e-4d1a-a042-0bd031dc7d05",
  "config_imap_project_mode_id" : "112c1cb8-4b9e-4d1a-a042-0bd031dc7d05",
  "config_java_service_project_mode_id" : "112c1cb8-4b9e-4d1a-a042-0bd031dc7d05",
  "config_plug_project_mode_id" : "112c1cb8-4b9e-4d1a-a042-0bd031dc7d05",
  "config_service_project_mode_id" : "112c1cb8-4b9e-4d1a-a042-0bd031dc7d05",
  "endpoint_project_mode_id" : "112c1cb8-4b9e-4d1a-a042-0bd031dc7d05",
  "service_project_mode_id" : "112c1cb8-4b9e-4d1a-a042-0bd031dc7d05",
  "parent_component_config_service_project_mode_id" : "112c1cb8-4b9e-4d1a-a042-0bd031dc7d05",
  "is_audit" : true,
  "keys_with_order" : null
}