{
  "component_config_id" : "868d074b-6ff5-41e2-bef7-df7ab26d57f6",
  "endpoint_config_json" : {
    "type" : "jsonb",
    "value" : "{\"crossRef\": [], \"services\": [], \"multistep\": [], \"operations\": []}",
    "null" : false
  },
  "input_config_json" : {
    "type" : "jsonb",
    "value" : "{\"crossRef\": [], \"services\": [], \"multistep\": [], \"operations\": [{\"map\": {\"id\": \"f1e80ffb-3d03-4d0d-8841-bbbfd841029f\", \"root\": true, \"type\": \"list\", \"cached\": false, \"source\": \"/findPetsByStatusOutput/response[]\", \"target\": \"/FilterPetsByGategoryNameInput/Pets[]\", \"mapNull\": false, \"disabled\": false, \"extractXml\": false, \"extractJson\": false, \"targetOrder\": 1.0, \"mapEmptyString\": false}}, {\"map\": {\"id\": \"c116070e-5e59-4c32-8d09-2d006288a42d\", \"root\": false, \"type\": \"setValue\", \"cached\": false, \"target\": \"/FilterPetsByGategoryNameInput/CategoryName\", \"mapNull\": false, \"disabled\": false, \"extractXml\": false, \"extractJson\": false, \"targetOrder\": 1.0, \"targetValue\": \"Dogs\", \"mapEmptyString\": false, \"targetJavaType\": \"java.lang.String\", \"variableSubstitution\": false}}]}",
    "null" : false
  },
  "output_config_json" : {
    "type" : "jsonb",
    "value" : "{\"crossRef\": [], \"services\": [], \"multistep\": [], \"operations\": [{\"map\": {\"id\": \"cc920059-3f92-4980-9ba9-1863b192fadc\", \"root\": true, \"type\": \"map\", \"cached\": false, \"source\": \"/FilterPetsByGategoryNameOutput\", \"target\": \"/FilterPetsByGategoryNameOutput\", \"mapNull\": false, \"disabled\": false, \"extractXml\": false, \"extractJson\": false, \"targetOrder\": 1.0, \"mapEmptyString\": false}}, {\"map\": {\"id\": \"42083043-edcb-4bcf-b213-1dff51293ec7\", \"root\": true, \"type\": \"list\", \"cached\": false, \"source\": \"/FilterPetsByGategoryNameOutput/FIlteredPets[]\", \"target\": \"/Dogs[]\", \"mapNull\": false, \"disabled\": false, \"extractXml\": false, \"extractJson\": false, \"targetOrder\": 1.0, \"mapEmptyString\": false}}]}",
    "null" : false
  },
  "component_id" : "756d919f-1b1f-4eab-9f44-2f7b5bbe175c",
  "service_id" : "57572c8f-30ab-47d5-bd70-1440969ebc76",
  "endpoint_id" : null,
  "parent_component_config_id" : null,
  "component_config_order" : 3.0,
  "action_id" : "8e231fcc-71d0-43f6-9303-70dcb0ca6080",
  "name" : "Get Dogs",
  "description" : "",
  "override_endpoint" : false,
  "input_structure_json" : {
    "type" : "jsonb",
    "value" : "{\"maps\": [{\"/FilterPetsByGategoryNameInput/Pets[]\": [{\"type\": \"list\", \"source\": {\"path\": \"/findPetsByStatusOutput/response[]\", \"title\": \"response\", \"dataElementType\": \"documentArray\"}, \"target\": {\"path\": \"/FilterPetsByGategoryNameInput/Pets[]\", \"order\": 1, \"title\": \"Pets\", \"dataElementType\": \"documentArray\"}, \"mapCondition\": {\"isConditionSet\": false, \"sourceTreeIndex\": [{\"key\": 1, \"title\": \"findPetsByStatusOutput\", \"isLeaf\": false, \"isArray\": false, \"children\": [{\"key\": 2, \"title\": \"response[]\", \"isLeaf\": false, \"isArray\": true, \"parentKey\": 1, \"arrayIndex\": null}], \"parentKey\": 0}], \"targetTreeIndex\": [{\"key\": 1, \"title\": \"FilterPetsByGategoryNameInput\", \"isLeaf\": false, \"isArray\": false, \"children\": [{\"key\": 2, \"title\": \"Pets[]\", \"isLeaf\": false, \"isArray\": true, \"parentKey\": 1, \"arrayIndex\": null}], \"parentKey\": 0}], \"mapConditionFormValue\": {}}}]}, {\"/FilterPetsByGategoryNameInput/CategoryName\": [{\"type\": \"setValue\", \"target\": {\"path\": \"/FilterPetsByGategoryNameInput/CategoryName\", \"order\": 1, \"title\": \"CategoryName\", \"dataElementType\": \"string\"}, \"values\": [{\"id\": \"98d96438-6535-4f2f-bd04-b115141ed242\", \"key\": \"/FilterPetsByGategoryNameInput/CategoryName\", \"type\": \"node\", \"order\": 1, \"title\": \"CategoryName\", \"children\": [], \"setValue\": null, \"uiElement\": \"Dogs\", \"isSetValue\": false, \"childrenSet\": false, \"hasChildren\": false, \"dataElementType\": \"string\", \"encryption_required\": false}], \"mapCondition\": {\"isConditionSet\": false, \"sourceTreeIndex\": [], \"targetTreeIndex\": [], \"mapConditionFormValue\": {}}, \"variableSubstitution\": false, \"overwritePipelineValue\": false}]}], \"mappedNodes\": [\"/FilterPetsByGategoryNameOutputactionOut\", \"/FilterPetsByGategoryNameOutputpipeOut\", \"/findPetsByStatusOutput/response[] pipeIn\", \"/FilterPetsByGategoryNameInput/Pets[] actionIn\", \"/FilterPetsByGategoryNameInput/CategoryName actionIn\", \"/FilterPetsByGategoryNameInput actionIn\", \"/FilterPetsByGategoryNameOutput/FIlteredPets[]\", \"/Dogs[]pipeOut\"]}",
    "null" : false
  },
  "output_structure_json" : {
    "type" : "jsonb",
    "value" : "{\"maps\": [{\"/FilterPetsByGategoryNameOutput\": [{\"type\": \"map\", \"source\": {\"path\": \"/FilterPetsByGategoryNameOutput\", \"title\": \"FilterPetsByGategoryNameOutput\", \"dataElementType\": \"document\"}, \"target\": {\"path\": \"/FilterPetsByGategoryNameOutput\", \"order\": 1, \"title\": \"FilterPetsByGategoryNameOutput\", \"dataElementType\": \"document\"}, \"mapCondition\": {\"isConditionSet\": false, \"sourceTreeIndex\": [], \"targetTreeIndex\": [], \"mapConditionFormValue\": {}}}]}, {\"/Dogs[]\": [{\"type\": \"list\", \"source\": {\"path\": \"/FilterPetsByGategoryNameOutput/FIlteredPets[]\", \"title\": \"FIlteredPets\", \"dataElementType\": \"documentArray\"}, \"target\": {\"path\": \"/Dogs[]\", \"order\": 1, \"title\": \"Dogs\", \"dataElementType\": \"documentArray\"}, \"mapCondition\": {\"isConditionSet\": false, \"sourceTreeIndex\": [{\"key\": 1, \"title\": \"FilterPetsByGategoryNameOutput\", \"isLeaf\": false, \"isArray\": false, \"children\": [{\"key\": 2, \"title\": \"FIlteredPets\", \"isLeaf\": false, \"isArray\": true, \"parentKey\": 1, \"arrayIndex\": null}], \"parentKey\": 0}], \"targetTreeIndex\": [{\"key\": 1, \"title\": \"Dogs[]\", \"isLeaf\": false, \"isArray\": true, \"parentKey\": 0, \"arrayIndex\": null}], \"mapConditionFormValue\": {}}}]}], \"tracks\": {}, \"transformer\": []}",
    "null" : false
  },
  "endpoint_structure_json" : {
    "type" : "jsonb",
    "value" : "{\"maps\": []}",
    "null" : false
  },
  "is_error" : false,
  "no_of_errors" : 0,
  "action_input_type" : null,
  "config_service_id" : "44a58f95-0422-4fb7-9735-af9b3e7b4507",
  "config_imap_id" : null,
  "config_b2b_document_type_id" : null,
  "config_document_id" : null,
  "add_variables" : {
    "type" : "jsonb",
    "value" : "[{\"id\": \"78678900-5470-47bd-af9f-3491c077c8e3\", \"key\": \"/Dogs[]\", \"type\": \"node\", \"order\": 1, \"title\": \"Dogs\", \"value\": {\"type\": \"array\"}, \"children\": [{\"id\": \"215a0fff-cd2e-4732-a3b7-25a435ee20a3\", \"key\": \"/Dogs[]/id\", \"type\": \"integer\", \"order\": 5, \"title\": \"id\", \"value\": {\"type\": \"integer\", \"requiredFlag\": false}, \"isLeaf\": true, \"childrenSet\": false, \"hasChildren\": false, \"dataElementType\": \"integer\", \"componentConfigId\": \"868d074b-6ff5-41e2-bef7-df7ab26d57f6\", \"componentConfigName\": \"Service\", \"encryption_required\": false}, {\"id\": \"fb3c8e1b-27fd-4f64-91e2-5460db4b4165\", \"key\": \"/Dogs[]/name\", \"type\": \"string\", \"order\": 6, \"title\": \"name\", \"value\": {\"type\": \"string\", \"requiredFlag\": true}, \"isLeaf\": true, \"childrenSet\": false, \"hasChildren\": false, \"dataElementType\": \"string\", \"componentConfigId\": \"868d074b-6ff5-41e2-bef7-df7ab26d57f6\", \"componentConfigName\": \"Service\", \"encryption_required\": false}, {\"id\": \"37361e74-e27d-4d3e-ad7e-0deb2e899897\", \"key\": \"/Dogs[]/category\", \"type\": \"object\", \"order\": 7, \"title\": \"category\", \"value\": {\"type\": \"object\", \"requiredFlag\": false}, \"isLeaf\": false, \"children\": [{\"id\": \"19b62fba-f3d7-4ed8-a5e8-2b60c30ce58b\", \"key\": \"/Dogs[]/category/id\", \"type\": \"integer\", \"order\": 8, \"title\": \"id\", \"value\": {\"type\": \"integer\", \"requiredFlag\": false}, \"isLeaf\": true, \"childrenSet\": false, \"hasChildren\": false, \"dataElementType\": \"integer\", \"componentConfigId\": \"868d074b-6ff5-41e2-bef7-df7ab26d57f6\", \"componentConfigName\": \"Service\", \"encryption_required\": false}, {\"id\": \"d1f65b59-f434-4d95-b9d9-3e0749e02258\", \"key\": \"/Dogs[]/category/name\", \"type\": \"string\", \"order\": 9, \"title\": \"name\", \"value\": {\"type\": \"string\", \"requiredFlag\": false}, \"isLeaf\": true, \"childrenSet\": false, \"hasChildren\": false, \"dataElementType\": \"string\", \"componentConfigId\": \"868d074b-6ff5-41e2-bef7-df7ab26d57f6\", \"componentConfigName\": \"Service\", \"encryption_required\": false}], \"childrenSet\": false, \"hasChildren\": true, \"dataElementType\": \"document\", \"componentConfigId\": \"868d074b-6ff5-41e2-bef7-df7ab26d57f6\", \"componentConfigName\": \"Service\", \"encryption_required\": false}, {\"id\": \"a95ed4c3-61ab-4842-b222-e910441742c2\", \"key\": \"/Dogs[]/photoUrls[]\", \"type\": \"array\", \"order\": 10, \"title\": \"photoUrls\", \"value\": {\"type\": \"array\", \"requiredFlag\": true}, \"isLeaf\": false, \"childrenSet\": false, \"hasChildren\": false, \"dataElementType\": \"stringArray\", \"componentConfigId\": \"868d074b-6ff5-41e2-bef7-df7ab26d57f6\", \"componentConfigName\": \"Service\", \"encryption_required\": false}, {\"id\": \"1f573cf2-7e9e-4ee4-8964-fa3ec0655242\", \"key\": \"/Dogs[]/tags[]\", \"type\": \"array\", \"order\": 11, \"title\": \"tags\", \"value\": {\"type\": \"array\", \"requiredFlag\": false}, \"isLeaf\": false, \"children\": [{\"id\": \"88515597-3305-4ab8-8a8a-04854b1f7158\", \"key\": \"/Dogs[]/tags[]/id\", \"type\": \"integer\", \"order\": 12, \"title\": \"id\", \"value\": {\"type\": \"integer\", \"requiredFlag\": false}, \"isLeaf\": true, \"childrenSet\": false, \"hasChildren\": false, \"dataElementType\": \"integer\", \"componentConfigId\": \"868d074b-6ff5-41e2-bef7-df7ab26d57f6\", \"componentConfigName\": \"Service\", \"encryption_required\": false}, {\"id\": \"74dc0ff7-5d2c-4102-9cab-33a0c5c3192d\", \"key\": \"/Dogs[]/tags[]/name\", \"type\": \"string\", \"order\": 13, \"title\": \"name\", \"value\": {\"type\": \"string\", \"requiredFlag\": false}, \"isLeaf\": true, \"childrenSet\": false, \"hasChildren\": false, \"dataElementType\": \"string\", \"componentConfigId\": \"868d074b-6ff5-41e2-bef7-df7ab26d57f6\", \"componentConfigName\": \"Service\", \"encryption_required\": false}], \"childrenSet\": false, \"hasChildren\": true, \"dataElementType\": \"documentArray\", \"componentConfigId\": \"868d074b-6ff5-41e2-bef7-df7ab26d57f6\", \"componentConfigName\": \"Service\", \"encryption_required\": false}, {\"id\": \"620ca220-44f7-4cd9-9480-02c47c5ce859\", \"key\": \"/Dogs[]/status\", \"type\": \"string\", \"order\": 14, \"title\": \"status\", \"value\": {\"type\": \"string\", \"_enum\": [\"sold\", \"pending\", \"available\"], \"requiredFlag\": false}, \"isLeaf\": true, \"childrenSet\": false, \"hasChildren\": false, \"dataElementType\": \"string\", \"componentConfigId\": \"868d074b-6ff5-41e2-bef7-df7ab26d57f6\", \"componentConfigName\": \"Service\", \"encryption_required\": false}], \"editAllow\": true, \"componentName\": \"Get Dogs\", \"dataElementType\": \"documentArray\", \"componentConfigId\": \"868d074b-6ff5-41e2-bef7-df7ab26d57f6\", \"componentConfigName\": \"Service\"}]",
    "null" : false
  },
  "drop_variables" : {
    "type" : "jsonb",
    "value" : "[]",
    "null" : false
  },
  "plug_input_structure" : null,
  "plug_output_structure" : null,
  "config_plug_id" : null,
  "override_plug" : false,
  "config_java_service_id" : null,
  "service_tag" : "V17",
  "endpoint_tag" : null,
  "config_service_tag" : "EMPTY",
  "config_imap_tag" : "",
  "config_b2b_document_type_tag" : "",
  "active" : false,
  "parent_component_config_service_tag" : "V17",
  "service_project_id" : "94afffa5-622e-4445-9e23-5019119fbd0b",
  "service_project_tag" : "V17",
  "config_service_project_id" : "94afffa5-622e-4445-9e23-5019119fbd0b",
  "config_service_project_tag" : "EMPTY",
  "config_imap_project_id" : null,
  "config_imap_project_tag" : "",
  "config_b2b_document_type_project_id" : null,
  "config_b2b_document_type_project_tag" : "",
  "endpoint_project_id" : null,
  "endpoint_project_tag" : null,
  "config_plug_tag" : null,
  "config_plug_project_id" : null,
  "config_plug_project_tag" : null,
  "config_java_service_tag" : "",
  "config_java_service_project_id" : null,
  "config_java_service_project_tag" : "",
  "disabled" : false,
  "config" : {
    "type" : "json",
    "value" : "{\"serviceProjectName\":\"HelloHTTPClient\"}",
    "null" : false
  },
  "config_b2b_document_type_project_mode_id" : "112c1cb8-4b9e-4d1a-a042-0bd031dc7d05",
  "config_imap_project_mode_id" : "112c1cb8-4b9e-4d1a-a042-0bd031dc7d05",
  "config_java_service_project_mode_id" : "112c1cb8-4b9e-4d1a-a042-0bd031dc7d05",
  "config_plug_project_mode_id" : "112c1cb8-4b9e-4d1a-a042-0bd031dc7d05",
  "config_service_project_mode_id" : "112c1cb8-4b9e-4d1a-a042-0bd031dc7d05",
  "endpoint_project_mode_id" : "112c1cb8-4b9e-4d1a-a042-0bd031dc7d05",
  "service_project_mode_id" : "112c1cb8-4b9e-4d1a-a042-0bd031dc7d05",
  "parent_component_config_service_project_mode_id" : "112c1cb8-4b9e-4d1a-a042-0bd031dc7d05",
  "is_audit" : true,
  "keys_with_order" : null
}