{
  "document_type_id" : "f91c09ff-5aea-4777-b8f7-8f12e3d93f39",
  "name" : "FruitIn",
  "description" : null,
  "version" : null,
  "business_document_type_id" : null,
  "document_format_id" : "edc154a0-55fc-11e9-8647-d663bd873d93",
  "root_tag" : null,
  "structure" : {
    "type" : "jsonb",
    "value" : "[{\"key\": \"/fruitIn[]\", \"type\": \"array\", \"order\": 1.0, \"title\": \"fruitIn\", \"value\": {\"type\": \"array\", \"requiredFlag\": false}, \"isLeaf\": false, \"children\": [{\"key\": \"/fruitIn[]/name\", \"type\": \"string\", \"order\": 2.0, \"title\": \"name\", \"value\": {\"type\": \"string\", \"requiredFlag\": false}, \"isLeaf\": true, \"childrenSet\": false, \"hasChildren\": false, \"dataElementType\": \"string\", \"encryption_required\": false}, {\"key\": \"/fruitIn[]/types[]\", \"type\": \"array\", \"order\": 3.0, \"title\": \"types\", \"value\": {\"type\": \"array\", \"requiredFlag\": false}, \"isLeaf\": false, \"children\": [{\"key\": \"/fruitIn[]/types[]/name\", \"type\": \"string\", \"order\": 4.0, \"title\": \"name\", \"value\": {\"type\": \"string\", \"requiredFlag\": false}, \"isLeaf\": true, \"childrenSet\": false, \"hasChildren\": false, \"dataElementType\": \"string\", \"encryption_required\": false}, {\"key\": \"/fruitIn[]/types[]/color\", \"type\": \"string\", \"order\": 5.0, \"title\": \"color\", \"value\": {\"type\": \"string\", \"requiredFlag\": false}, \"isLeaf\": true, \"childrenSet\": false, \"hasChildren\": false, \"dataElementType\": \"string\", \"encryption_required\": false}, {\"key\": \"/fruitIn[]/types[]/countryOriginal\", \"type\": \"string\", \"order\": 6.0, \"title\": \"countryOriginal\", \"value\": {\"type\": \"string\", \"requiredFlag\": false}, \"isLeaf\": true, \"childrenSet\": false, \"hasChildren\": false, \"dataElementType\": \"string\", \"encryption_required\": false}, {\"key\": \"/fruitIn[]/types[]/inStock\", \"type\": \"boolean\", \"order\": 7.0, \"title\": \"inStock\", \"value\": {\"type\": \"boolean\", \"requiredFlag\": false}, \"isLeaf\": true, \"childrenSet\": false, \"hasChildren\": false, \"dataElementType\": \"boolean\", \"encryption_required\": false}], \"childrenSet\": false, \"hasChildren\": false, \"dataElementType\": \"documentArray\", \"encryption_required\": false}], \"childrenSet\": false, \"hasChildren\": false, \"dataElementType\": \"documentArray\", \"encryption_required\": false}]",
    "null" : false
  },
  "key_fields" : null,
  "schema" : {
    "type" : "json",
    "value" : "{\"$id\":\"FruitIn\",\"$schema\":\"http://json-schema.org/draft-07/schema#\",\"type\":\"object\",\"properties\":{\"fruitIn\":{\"type\":\"array\",\"title\":\"fruitIn\",\"properties\":{},\"items\":{\"type\":\"object\",\"properties\":{\"name\":{\"type\":\"string\",\"title\":\"name\",\"default\":\"\",\"examples\":[\"Mango\"],\"properties\":{},\"pattern\":\"^(.*)$\"},\"types\":{\"type\":\"array\",\"title\":\"types\",\"properties\":{},\"items\":{\"type\":\"object\",\"properties\":{\"name\":{\"type\":\"string\",\"title\":\"name\",\"default\":\"\",\"examples\":[\"Ataulfo\"],\"properties\":{},\"pattern\":\"^(.*)$\"},\"color\":{\"type\":\"string\",\"title\":\"color\",\"default\":\"\",\"examples\":[\"Yellow\"],\"properties\":{},\"pattern\":\"^(.*)$\"},\"countryOriginal\":{\"type\":\"string\",\"title\":\"countryOriginal\",\"default\":\"\",\"examples\":[\"Mexico\"],\"properties\":{},\"pattern\":\"^(.*)$\"},\"inStock\":{\"type\":\"boolean\",\"title\":\"inStock\",\"default\":false,\"examples\":[false,true],\"properties\":{}}}}}}}}}}",
    "null" : false
  },
  "source_schema" : "{\"fruitIn\":[{\"name\":\"Apple\",\"types\":[{\"name\":\"Granny Smith\",\"color\":\"Green\",\"countryOriginal\":\"Australia\",\"inStock\":true},{\"name\":\"Fuji\",\"color\":\"Red\",\"countryOriginal\":\"Japan\",\"inStock\":true},{\"name\":\"Gala\",\"color\":\"Red/Yellow\",\"countryOriginal\":\"New Zealand\",\"inStock\":false}]},{\"name\":\"Banana\",\"types\":[{\"name\":\"Cavendish\",\"color\":\"Yellow\",\"countryOriginal\":\"Vietnam\",\"inStock\":true},{\"name\":\"Red Banana\",\"color\":\"Red\",\"countryOriginal\":\"India\",\"inStock\":false},{\"name\":\"Burro\",\"color\":\"Green/Yellow\",\"countryOriginal\":\"Mexico\",\"inStock\":true}]},{\"name\":\"Orange\",\"types\":[{\"name\":\"Navel\",\"color\":\"Orange\",\"countryOriginal\":\"Brazil\",\"inStock\":true},{\"name\":\"Valencia\",\"color\":\"Orange\",\"countryOriginal\":\"Spain\",\"inStock\":false},{\"name\":\"Blood Orange\",\"color\":\"Reddish-Orange\",\"countryOriginal\":\"Italy\",\"inStock\":true}]},{\"name\":\"Grapes\",\"types\":[{\"name\":\"Concord\",\"color\":\"Dark Purple\",\"countryOriginal\":\"USA\",\"inStock\":true},{\"name\":\"Thompson Seedless\",\"color\":\"Green\",\"countryOriginal\":\"Iran\",\"inStock\":true},{\"name\":\"Moon Drops\",\"color\":\"Dark Purple\",\"countryOriginal\":\"USA\",\"inStock\":false}]},{\"name\":\"Mango\",\"types\":[{\"name\":\"Alphonso\",\"color\":\"Golden Yellow\",\"countryOriginal\":\"India\",\"inStock\":false},{\"name\":\"Tommy Atkins\",\"color\":\"Red/Green\",\"countryOriginal\":\"USA\",\"inStock\":true},{\"name\":\"Ataulfo\",\"color\":\"Yellow\",\"countryOriginal\":\"Mexico\",\"inStock\":true}]}]}",
  "type" : "custom",
  "doc_type" : null,
  "source_type" : "jsonsample",
  "ignore_missing_schemas" : false,
  "has_ref_schemas" : false,
  "flat_file_config" : null,
  "active" : false,
  "is_changed" : false,
  "tag" : "V27",
  "comment" : "Added Hello SMTP Email Example using Brevo",
  "base_tag" : "V26"
}