{
  "document_type_id" : "974a8d53-bae1-4420-9d7d-f68f2df83cbd",
  "name" : "mapped_customer_orders_simple",
  "description" : null,
  "version" : null,
  "business_document_type_id" : null,
  "document_format_id" : "edc154a0-55fc-11e9-8647-d663bd873d93",
  "root_tag" : null,
  "structure" : {
    "type" : "jsonb",
    "value" : "[{\"key\": \"/clients[]\", \"type\": \"array\", \"order\": 1.0, \"title\": \"clients\", \"value\": {\"type\": \"array\", \"requiredFlag\": false}, \"isLeaf\": false, \"children\": [{\"key\": \"/clients[]/id\", \"type\": \"integer\", \"order\": 2.0, \"title\": \"id\", \"value\": {\"type\": \"integer\", \"requiredFlag\": false}, \"isLeaf\": true, \"childrenSet\": false, \"hasChildren\": false, \"dataElementType\": \"integer\", \"encryption_required\": false}, {\"key\": \"/clients[]/fullName\", \"type\": \"string\", \"order\": 3.0, \"title\": \"fullName\", \"value\": {\"type\": \"string\", \"requiredFlag\": false}, \"isLeaf\": true, \"childrenSet\": false, \"hasChildren\": false, \"dataElementType\": \"string\", \"encryption_required\": false}, {\"key\": \"/clients[]/contact\", \"type\": \"string\", \"order\": 4.0, \"title\": \"contact\", \"value\": {\"type\": \"string\", \"requiredFlag\": false}, \"isLeaf\": true, \"childrenSet\": false, \"hasChildren\": false, \"dataElementType\": \"string\", \"encryption_required\": false}, {\"key\": \"/clients[]/purchases[]\", \"type\": \"array\", \"order\": 5.0, \"title\": \"purchases\", \"value\": {\"type\": \"array\", \"requiredFlag\": false}, \"isLeaf\": false, \"children\": [{\"key\": \"/clients[]/purchases[]/purchaseId\", \"type\": \"string\", \"order\": 6.0, \"title\": \"purchaseId\", \"value\": {\"type\": \"string\", \"requiredFlag\": false}, \"isLeaf\": true, \"childrenSet\": false, \"hasChildren\": false, \"dataElementType\": \"string\", \"encryption_required\": false}, {\"key\": \"/clients[]/purchases[]/date\", \"type\": \"string\", \"order\": 7.0, \"title\": \"date\", \"value\": {\"type\": \"string\", \"requiredFlag\": false}, \"isLeaf\": true, \"childrenSet\": false, \"hasChildren\": false, \"dataElementType\": \"string\", \"encryption_required\": false}, {\"key\": \"/clients[]/purchases[]/totalAmount\", \"type\": \"number\", \"order\": 8.0, \"title\": \"totalAmount\", \"value\": {\"type\": \"number\", \"requiredFlag\": false}, \"isLeaf\": true, \"childrenSet\": false, \"hasChildren\": false, \"dataElementType\": \"number\", \"encryption_required\": false}, {\"key\": \"/clients[]/purchases[]/status\", \"type\": \"string\", \"order\": 9.0, \"title\": \"status\", \"value\": {\"type\": \"string\", \"requiredFlag\": false}, \"isLeaf\": true, \"childrenSet\": false, \"hasChildren\": false, \"dataElementType\": \"string\", \"encryption_required\": false}], \"childrenSet\": false, \"hasChildren\": false, \"dataElementType\": \"documentArray\", \"encryption_required\": false}], \"childrenSet\": false, \"hasChildren\": false, \"dataElementType\": \"documentArray\", \"encryption_required\": false}]",
    "null" : false
  },
  "key_fields" : null,
  "schema" : {
    "type" : "json",
    "value" : "{\"$id\":\"mapped_customer_orders_simple\",\"$schema\":\"http://json-schema.org/draft-07/schema#\",\"type\":\"object\",\"properties\":{\"clients\":{\"type\":\"array\",\"title\":\"clients\",\"properties\":{},\"items\":{\"type\":\"object\",\"properties\":{\"id\":{\"type\":\"integer\",\"title\":\"id\",\"default\":0,\"examples\":[102],\"properties\":{}},\"fullName\":{\"type\":\"string\",\"title\":\"fullName\",\"default\":\"\",\"examples\":[\"Bob Smith\"],\"properties\":{},\"pattern\":\"^(.*)$\"},\"contact\":{\"type\":\"string\",\"title\":\"contact\",\"default\":\"\",\"examples\":[\"bob.smith@example.com\"],\"properties\":{},\"pattern\":\"^(.*)$\"},\"purchases\":{\"type\":\"array\",\"title\":\"purchases\",\"properties\":{},\"items\":{\"type\":\"object\",\"properties\":{\"purchaseId\":{\"type\":\"string\",\"title\":\"purchaseId\",\"default\":\"\",\"examples\":[\"A101\"],\"properties\":{},\"pattern\":\"^(.*)$\"},\"date\":{\"type\":\"string\",\"title\":\"date\",\"default\":\"\",\"examples\":[\"01-Jul-2024\"],\"properties\":{},\"pattern\":\"^(.*)$\"},\"totalAmount\":{\"type\":\"number\",\"title\":\"totalAmount\",\"default\":0.0,\"examples\":[120.0],\"properties\":{}},\"status\":{\"type\":\"string\",\"title\":\"status\",\"default\":\"\",\"examples\":[\"Processing\"],\"properties\":{},\"pattern\":\"^(.*)$\"}}}}}}}}}",
    "null" : false
  },
  "source_schema" : "{\n  \"clients\": [\n    {\n      \"id\": 101,\n      \"fullName\": \"Alice Johnson\",\n      \"contact\": \"alice.j@example.com\",\n      \"purchases\": [\n        {\n          \"purchaseId\": \"A100\",\n          \"date\": \"15-Jun-2024\",\n          \"totalAmount\": 250.75,\n          \"status\": \"Shipped\"\n        },\n        {\n          \"purchaseId\": \"A101\",\n          \"date\": \"01-Jul-2024\",\n          \"totalAmount\": 120.00,\n          \"status\": \"Processing\"\n        }\n      ]\n    },\n    {\n      \"id\": 102,\n      \"fullName\": \"Bob Smith\",\n      \"contact\": \"bob.smith@example.com\",\n      \"purchases\": [\n        {\n          \"purchaseId\": \"B200\",\n          \"date\": \"04-Jul-2024\",\n          \"totalAmount\": 75.50,\n          \"status\": \"Delivered\"\n        }\n      ]\n    }\n  ]\n}\n",
  "type" : "custom",
  "doc_type" : null,
  "source_type" : "jsonsample",
  "ignore_missing_schemas" : false,
  "has_ref_schemas" : null,
  "flat_file_config" : null,
  "active" : false,
  "is_changed" : false,
  "tag" : "V27",
  "comment" : "Added Hello SMTP Email Example using Brevo",
  "base_tag" : "V26"
}