{
  "document_type_id" : "9ca889f1-416c-4595-8173-eaaefbc95a18",
  "name" : "mapped_customers",
  "description" : null,
  "version" : null,
  "business_document_type_id" : null,
  "document_format_id" : "edc154a0-55fc-11e9-8647-d663bd873d93",
  "root_tag" : null,
  "structure" : {
    "type" : "jsonb",
    "value" : "[{\"key\": \"/clients[]\", \"type\": \"array\", \"order\": 1.0, \"title\": \"clients\", \"value\": {\"type\": \"array\", \"requiredFlag\": false}, \"isLeaf\": false, \"children\": [{\"key\": \"/clients[]/id\", \"type\": \"integer\", \"order\": 2.0, \"title\": \"id\", \"value\": {\"type\": \"integer\", \"requiredFlag\": false}, \"isLeaf\": true, \"childrenSet\": false, \"hasChildren\": false, \"dataElementType\": \"integer\", \"encryption_required\": false}, {\"key\": \"/clients[]/fullName\", \"type\": \"string\", \"order\": 3.0, \"title\": \"fullName\", \"value\": {\"type\": \"string\", \"requiredFlag\": false}, \"isLeaf\": true, \"childrenSet\": false, \"hasChildren\": false, \"dataElementType\": \"string\", \"encryption_required\": false}, {\"key\": \"/clients[]/contact\", \"type\": \"string\", \"order\": 4.0, \"title\": \"contact\", \"value\": {\"type\": \"string\", \"requiredFlag\": false}, \"isLeaf\": true, \"childrenSet\": false, \"hasChildren\": false, \"dataElementType\": \"string\", \"encryption_required\": false}], \"childrenSet\": false, \"hasChildren\": false, \"dataElementType\": \"documentArray\", \"encryption_required\": false}]",
    "null" : false
  },
  "key_fields" : null,
  "schema" : {
    "type" : "json",
    "value" : "{\"$id\":\"mapped_customers\",\"$schema\":\"http://json-schema.org/draft-07/schema#\",\"type\":\"object\",\"properties\":{\"clients\":{\"type\":\"array\",\"title\":\"clients\",\"properties\":{},\"items\":{\"type\":\"object\",\"properties\":{\"id\":{\"type\":\"integer\",\"title\":\"id\",\"default\":0,\"examples\":[102],\"properties\":{}},\"fullName\":{\"type\":\"string\",\"title\":\"fullName\",\"default\":\"\",\"examples\":[\"Bob Smith\"],\"properties\":{},\"pattern\":\"^(.*)$\"},\"contact\":{\"type\":\"string\",\"title\":\"contact\",\"default\":\"\",\"examples\":[\"bob.smith@example.com\"],\"properties\":{},\"pattern\":\"^(.*)$\"}}}}}}",
    "null" : false
  },
  "source_schema" : "{\n  \"clients\": [\n    {\n      \"id\": 101,\n      \"fullName\": \"Alice Johnson\",\n      \"contact\": \"alice.j@example.com\"\n    },\n    {\n      \"id\": 102,\n      \"fullName\": \"Bob Smith\",\n      \"contact\": \"bob.smith@example.com\"\n    }\n  ]\n}\n",
  "type" : "custom",
  "doc_type" : null,
  "source_type" : "jsonsample",
  "ignore_missing_schemas" : false,
  "has_ref_schemas" : null,
  "flat_file_config" : null,
  "active" : false,
  "is_changed" : false,
  "tag" : "V27",
  "comment" : "Added Hello SMTP Email Example using Brevo",
  "base_tag" : "V26"
}