{
  "document_type_id" : "d5f952ba-b8f1-44fd-8ddb-3eb2b86ff518",
  "name" : "NASAAPODResponse",
  "description" : "NASAAPODResponse",
  "version" : null,
  "business_document_type_id" : null,
  "document_format_id" : "edc154a0-55fc-11e9-8647-d663bd873d93",
  "root_tag" : null,
  "structure" : {
    "type" : "jsonb",
    "value" : "[{\"key\": \"/copyright\", \"type\": \"string\", \"order\": 1.0, \"title\": \"copyright\", \"value\": {\"type\": \"string\", \"requiredFlag\": false}, \"isLeaf\": true, \"childrenSet\": false, \"hasChildren\": false, \"dataElementType\": \"string\", \"encryption_required\": false}, {\"key\": \"/date\", \"type\": \"string\", \"order\": 2.0, \"title\": \"date\", \"value\": {\"type\": \"string\", \"requiredFlag\": false}, \"isLeaf\": true, \"childrenSet\": false, \"hasChildren\": false, \"dataElementType\": \"string\", \"encryption_required\": false}, {\"key\": \"/explanation\", \"type\": \"string\", \"order\": 3.0, \"title\": \"explanation\", \"value\": {\"type\": \"string\", \"requiredFlag\": false}, \"isLeaf\": true, \"childrenSet\": false, \"hasChildren\": false, \"dataElementType\": \"string\", \"encryption_required\": false}, {\"key\": \"/hdurl\", \"type\": \"string\", \"order\": 4.0, \"title\": \"hdurl\", \"value\": {\"type\": \"string\", \"requiredFlag\": false}, \"isLeaf\": true, \"childrenSet\": false, \"hasChildren\": false, \"dataElementType\": \"string\", \"encryption_required\": false}, {\"key\": \"/media_type\", \"type\": \"string\", \"order\": 5.0, \"title\": \"media_type\", \"value\": {\"type\": \"string\", \"requiredFlag\": false}, \"isLeaf\": true, \"childrenSet\": false, \"hasChildren\": false, \"dataElementType\": \"string\", \"encryption_required\": false}, {\"key\": \"/service_version\", \"type\": \"string\", \"order\": 6.0, \"title\": \"service_version\", \"value\": {\"type\": \"string\", \"requiredFlag\": false}, \"isLeaf\": true, \"childrenSet\": false, \"hasChildren\": false, \"dataElementType\": \"string\", \"encryption_required\": false}, {\"key\": \"/title\", \"type\": \"string\", \"order\": 7.0, \"title\": \"title\", \"value\": {\"type\": \"string\", \"requiredFlag\": false}, \"isLeaf\": true, \"childrenSet\": false, \"hasChildren\": false, \"dataElementType\": \"string\", \"encryption_required\": false}, {\"key\": \"/url\", \"type\": \"string\", \"order\": 8.0, \"title\": \"url\", \"value\": {\"type\": \"string\", \"requiredFlag\": false}, \"isLeaf\": true, \"childrenSet\": false, \"hasChildren\": false, \"dataElementType\": \"string\", \"encryption_required\": false}]",
    "null" : false
  },
  "key_fields" : null,
  "schema" : {
    "type" : "json",
    "value" : "{\"$id\":\"NASAAPODResponse\",\"$schema\":\"http://json-schema.org/draft-07/schema#\",\"type\":\"object\",\"properties\":{\"copyright\":{\"type\":\"string\",\"title\":\"copyright\",\"default\":\"\",\"examples\":[\"Giorgia Hofer\"],\"properties\":{},\"pattern\":\"^(.*)$\"},\"date\":{\"type\":\"string\",\"title\":\"date\",\"default\":\"\",\"examples\":[\"2025-04-03\"],\"properties\":{},\"pattern\":\"^(.*)$\"},\"explanation\":{\"type\":\"string\",\"title\":\"explanation\",\"default\":\"\",\"examples\":[\"A 26 hour old Moon poses behind the craggy outline of the Italian Dolomites in this twilight mountain and skyscape. The one second long exposure was captured near moonset on March 30. And while only a a sliver of its sunlit surface is visible, most of the Moon's disk can be seen by earthshine as light reflected from a bright planet Earth illuminates the lunar nearside. Also known as the Moon's ashen glow, a description of earthshine in terms of sunlight reflected by Earth's oceans illuminating the Moon's dark surface was written over 500 years ago by Leonardo da Vinci. Of course earthshine is just the most familiar example of planetshine, the faint illumination of the dark portion of a moon by light reflected from its planet.\"],\"properties\":{},\"pattern\":\"^(.*)$\"},\"hdurl\":{\"type\":\"string\",\"title\":\"hdurl\",\"default\":\"\",\"examples\":[\"https://apod.nasa.gov/apod/image/2504/GHR5997Luna1giornofirmapicc.jpg\"],\"properties\":{},\"pattern\":\"^(.*)$\"},\"media_type\":{\"type\":\"string\",\"title\":\"media_type\",\"default\":\"\",\"examples\":[\"image\"],\"properties\":{},\"pattern\":\"^(.*)$\"},\"service_version\":{\"type\":\"string\",\"title\":\"service_version\",\"default\":\"\",\"examples\":[\"v1\"],\"properties\":{},\"pattern\":\"^(.*)$\"},\"title\":{\"type\":\"string\",\"title\":\"title\",\"default\":\"\",\"examples\":[\"The Da Vinci Glow\"],\"properties\":{},\"pattern\":\"^(.*)$\"},\"url\":{\"type\":\"string\",\"title\":\"url\",\"default\":\"\",\"examples\":[\"https://apod.nasa.gov/apod/image/2504/GHR5997Luna1giornofirmapicc1024.jpg\"],\"properties\":{},\"pattern\":\"^(.*)$\"}}}",
    "null" : false
  },
  "source_schema" : "{\"copyright\":\"Giorgia Hofer\",\"date\":\"2025-04-03\",\"explanation\":\"A 26 hour old Moon poses behind the craggy outline of the Italian Dolomites in this twilight mountain and skyscape. The one second long exposure was captured near moonset on March 30. And while only a a sliver of its sunlit surface is visible, most of the Moon's disk can be seen by earthshine as light reflected from a bright planet Earth illuminates the lunar nearside. Also known as the Moon's ashen glow, a description of earthshine in terms of sunlight reflected by Earth's oceans illuminating the Moon's dark surface was written over 500 years ago by Leonardo da Vinci. Of course earthshine is just the most familiar example of planetshine, the faint illumination of the dark portion of a moon by light reflected from its planet.\",\"hdurl\":\"https://apod.nasa.gov/apod/image/2504/GHR5997Luna1giornofirmapicc.jpg\",\"media_type\":\"image\",\"service_version\":\"v1\",\"title\":\"The Da Vinci Glow\",\"url\":\"https://apod.nasa.gov/apod/image/2504/GHR5997Luna1giornofirmapicc1024.jpg\"}\n",
  "type" : "custom",
  "doc_type" : null,
  "source_type" : "jsonsample",
  "ignore_missing_schemas" : false,
  "has_ref_schemas" : null,
  "flat_file_config" : null,
  "active" : false,
  "is_changed" : true,
  "tag" : "V1",
  "comment" : "MVP",
  "base_tag" : "EMPTY"
}