{
  "id" : "4bef37cc-d950-4634-aef1-d9393f651724",
  "name" : "AWSSQS",
  "description" : "AWSSQS",
  "connection_config" : null,
  "endpoint_type_id" : "552c11cf-a209-41f6-9a3c-3a9803579c08",
  "enabled" : true,
  "bean_name" : "AmazonSQS-4bef37cc-d950-4634-aef1-d9393f651724",
  "status" : {
    "type" : "jsonb",
    "value" : "{\"112c1cb8-4b9e-4d1a-a042-0bd031dc7d05\": true, \"81e359da-9454-40ba-b968-1273a3b8e37b\": true, \"bdf2e4f5-a195-40b5-a82a-1d76ab30e077\": true}",
    "null" : false
  },
  "auth_token_config" : {
    "type" : "jsonb",
    "value" : "{}",
    "null" : false
  },
  "avatar_id" : null,
  "tag" : "V27",
  "active" : false,
  "is_changed" : false,
  "comment" : "Added Hello SMTP Email Example using Brevo",
  "is_error" : false,
  "base_tag" : "V26"
}