{
  "component_config_id" : "35f2f1e4-e556-4d99-a77e-f5384e70930a",
  "endpoint_config_json" : null,
  "input_config_json" : {
    "type" : "jsonb",
    "value" : "{\"SFTPServerPollInput\": {\"general\": {\"batch\": 1, \"filePattern\": \"*.jpg\", \"outputFileType\": \"Bytes\", \"subDirectoryPath\": null, \"characterEncoding\": \"UTF-8\"}}}",
    "null" : false
  },
  "output_config_json" : {
    "type" : "jsonb",
    "value" : "{\"crossRef\": [], \"services\": [], \"multistep\": [], \"operations\": [{\"map\": {\"id\": \"35e04caf-8862-4874-9821-6f68b544a07a\", \"root\": true, \"type\": \"map\", \"cached\": false, \"source\": \"/SFTPServerPollOutput\", \"target\": \"/SFTPServerPollOutput\", \"mapNull\": false, \"disabled\": false, \"extractXml\": false, \"extractJson\": false, \"mapEmptyString\": false}}]}",
    "null" : false
  },
  "component_id" : "1fce189b-5ed6-409e-8639-705031013560",
  "service_id" : "6d837ac2-998b-413e-851a-77a2512c7a53",
  "endpoint_id" : "de69f2c2-016d-401c-aa8e-df4e6ab36c9e",
  "parent_component_config_id" : null,
  "component_config_order" : 1.0,
  "action_id" : "28fd2d2a-a2d9-4140-bd89-cc724301f7bf",
  "name" : "",
  "description" : "",
  "override_endpoint" : false,
  "input_structure_json" : {
    "type" : "jsonb",
    "value" : "{\"SFTPServerPollInput\": {\"general\": {\"batch\": 1, \"filePattern\": \"*.jpg\", \"outputFileType\": \"Bytes\", \"subDirectoryPath\": null, \"characterEncoding\": \"UTF-8\"}}}",
    "null" : false
  },
  "output_structure_json" : {
    "type" : "jsonb",
    "value" : "{\"maps\": [{\"/SFTPServerPollOutput\": [{\"type\": \"map\", \"source\": {\"path\": \"/SFTPServerPollOutput\", \"title\": \"SFTPServerPollOutput\", \"dataElementType\": \"document\"}, \"target\": {\"path\": \"/SFTPServerPollOutput\", \"alias\": null, \"order\": null, \"title\": \"SFTPServerPollOutput\", \"dataElementType\": \"document\"}, \"mapCondition\": {\"mapNull\": null, \"defaultValue\": null, \"isConditionSet\": false, \"mapEmptyString\": null, \"sourceTreeIndex\": [], \"targetTreeIndex\": [], \"mapConditionFormValue\": {\"fields\": null}}}]}]}",
    "null" : false
  },
  "endpoint_structure_json" : null,
  "is_error" : false,
  "no_of_errors" : null,
  "action_input_type" : null,
  "config_service_id" : null,
  "config_imap_id" : null,
  "config_b2b_document_type_id" : null,
  "config_document_id" : null,
  "add_variables" : null,
  "drop_variables" : null,
  "plug_input_structure" : null,
  "plug_output_structure" : null,
  "config_plug_id" : null,
  "override_plug" : false,
  "config_java_service_id" : null,
  "service_tag" : "V26",
  "endpoint_tag" : "EMPTY",
  "config_service_tag" : "EMPTY",
  "config_imap_tag" : "EMPTY",
  "config_b2b_document_type_tag" : "EMPTY",
  "active" : false,
  "parent_component_config_service_tag" : "V26",
  "service_project_id" : "94afffa5-622e-4445-9e23-5019119fbd0b",
  "service_project_tag" : "V26",
  "config_service_project_id" : null,
  "config_service_project_tag" : "EMPTY",
  "config_imap_project_id" : null,
  "config_imap_project_tag" : "EMPTY",
  "config_b2b_document_type_project_id" : null,
  "config_b2b_document_type_project_tag" : "EMPTY",
  "endpoint_project_id" : "94afffa5-622e-4445-9e23-5019119fbd0b",
  "endpoint_project_tag" : "EMPTY",
  "config_plug_tag" : "EMPTY",
  "config_plug_project_id" : null,
  "config_plug_project_tag" : "EMPTY",
  "config_java_service_tag" : "EMPTY",
  "config_java_service_project_id" : null,
  "config_java_service_project_tag" : "EMPTY",
  "disabled" : false,
  "config" : {
    "type" : "json",
    "value" : "{\"outputFileType\":\"Bytes\",\"filePattern\":\"*.jpg\",\"subDirectoryPath\":null,\"characterEncoding\":\"UTF-8\",\"batch\":1}",
    "null" : false
  },
  "config_b2b_document_type_project_mode_id" : "112c1cb8-4b9e-4d1a-a042-0bd031dc7d05",
  "config_imap_project_mode_id" : "112c1cb8-4b9e-4d1a-a042-0bd031dc7d05",
  "config_java_service_project_mode_id" : "112c1cb8-4b9e-4d1a-a042-0bd031dc7d05",
  "config_plug_project_mode_id" : "112c1cb8-4b9e-4d1a-a042-0bd031dc7d05",
  "config_service_project_mode_id" : "112c1cb8-4b9e-4d1a-a042-0bd031dc7d05",
  "endpoint_project_mode_id" : "112c1cb8-4b9e-4d1a-a042-0bd031dc7d05",
  "service_project_mode_id" : "112c1cb8-4b9e-4d1a-a042-0bd031dc7d05",
  "parent_component_config_service_project_mode_id" : "112c1cb8-4b9e-4d1a-a042-0bd031dc7d05",
  "is_audit" : true,
  "keys_with_order" : null
}