{
  "component_config_id" : "9abe2452-7880-4e6b-bb31-d7ed8919533c",
  "endpoint_config_json" : {
    "type" : "jsonb",
    "value" : "{\"crossRef\": [], \"services\": [], \"multistep\": [], \"operations\": []}",
    "null" : false
  },
  "input_config_json" : {
    "type" : "jsonb",
    "value" : "{\"crossRef\": [], \"services\": [], \"multistep\": [], \"operations\": []}",
    "null" : false
  },
  "output_config_json" : {
    "type" : "jsonb",
    "value" : "{\"crossRef\": [], \"services\": [], \"multistep\": [], \"operations\": []}",
    "null" : false
  },
  "component_id" : "6116e8c7-9c67-4086-a4e5-5b0fa60d9070",
  "service_id" : "3903a0e5-5bcb-45cd-b1fc-056e41601041",
  "endpoint_id" : "d8c551ec-89e0-4781-91b7-9bd86dbaa9bf",
  "parent_component_config_id" : null,
  "component_config_order" : 1.0,
  "action_id" : "ea9f787d-5592-4422-b2a8-7d4e3ed8cc63",
  "name" : "",
  "description" : "",
  "override_endpoint" : false,
  "input_structure_json" : {
    "type" : "jsonb",
    "value" : "{\"maps\": [], \"mappedNodes\": []}",
    "null" : false
  },
  "output_structure_json" : {
    "type" : "jsonb",
    "value" : "{\"maps\": [], \"tracks\": {}, \"transformer\": []}",
    "null" : false
  },
  "endpoint_structure_json" : {
    "type" : "jsonb",
    "value" : "{\"maps\": []}",
    "null" : false
  },
  "is_error" : false,
  "no_of_errors" : 0,
  "action_input_type" : null,
  "config_service_id" : null,
  "config_imap_id" : null,
  "config_b2b_document_type_id" : null,
  "config_document_id" : null,
  "add_variables" : {
    "type" : "jsonb",
    "value" : "[{\"id\": \"7c882c9e-c68f-49e5-8df8-aa95b6989a0d\", \"key\": \"/HTTPSServerPostOutput\", \"type\": \"object\", \"title\": \"HTTPSServerPostOutput\", \"children\": [{\"id\": \"a5819d2e-5930-42b3-877c-928b05a27534\", \"key\": \"/HTTPSServerPostOutput/pathParams\", \"type\": \"object\", \"title\": \"pathParams\", \"children\": [], \"editAllow\": false, \"childrenSet\": false, \"hasChildren\": true, \"dataElementType\": \"document\", \"encryption_required\": false}, {\"id\": \"0c73d96f-2010-4b28-85dc-2305aeb1d399\", \"key\": \"/HTTPSServerPostOutput/queryParams\", \"type\": \"object\", \"title\": \"queryParams\", \"children\": [], \"editAllow\": false, \"childrenSet\": false, \"hasChildren\": true, \"dataElementType\": \"document\", \"encryption_required\": false}, {\"id\": \"9d8ad5ca-853f-46d9-b5ac-751b3fc4b820\", \"key\": \"/HTTPSServerPostOutput/headers\", \"type\": \"object\", \"title\": \"headers\", \"children\": [], \"editAllow\": false, \"childrenSet\": false, \"hasChildren\": true, \"dataElementType\": \"document\", \"encryption_required\": false}], \"editAllow\": false, \"childrenSet\": false, \"hasChildren\": true, \"dataElementType\": \"document\", \"encryption_required\": false}]",
    "null" : false
  },
  "drop_variables" : {
    "type" : "jsonb",
    "value" : "[]",
    "null" : false
  },
  "plug_input_structure" : null,
  "plug_output_structure" : null,
  "config_plug_id" : null,
  "override_plug" : false,
  "config_java_service_id" : null,
  "service_tag" : "V26",
  "endpoint_tag" : "EMPTY",
  "config_service_tag" : "EMPTY",
  "config_imap_tag" : "EMPTY",
  "config_b2b_document_type_tag" : "EMPTY",
  "active" : false,
  "parent_component_config_service_tag" : "V26",
  "service_project_id" : "94afffa5-622e-4445-9e23-5019119fbd0b",
  "service_project_tag" : "V26",
  "config_service_project_id" : null,
  "config_service_project_tag" : "EMPTY",
  "config_imap_project_id" : null,
  "config_imap_project_tag" : "EMPTY",
  "config_b2b_document_type_project_id" : null,
  "config_b2b_document_type_project_tag" : "EMPTY",
  "endpoint_project_id" : "94afffa5-622e-4445-9e23-5019119fbd0b",
  "endpoint_project_tag" : "EMPTY",
  "config_plug_tag" : "EMPTY",
  "config_plug_project_id" : null,
  "config_plug_project_tag" : "EMPTY",
  "config_java_service_tag" : "EMPTY",
  "config_java_service_project_id" : null,
  "config_java_service_project_tag" : "EMPTY",
  "disabled" : false,
  "config" : {
    "type" : "json",
    "value" : "{\"resourceParams\":[{\"type\":\"resourceParams\",\"id\":\"d9b97762-9f32-4dbc-a98a-f53915e19f65\",\"value\":\"user\",\"order\":8}],\"pathListParams\":[{\"type\":\"pathListParams\",\"id\":\"3535a6d0-be70-465f-8e66-bdce391d471b\",\"value\":null}],\"queryParams\":[],\"headers\":[],\"url\":\"https://axway-marketplace-design.prod.integration.us.axway.com:9443/user\",\"resourcePath\":\"/user\",\"body\":null,\"status\":null,\"isAsync\":null,\"contentType\":null,\"pathParams\":[]}",
    "null" : false
  },
  "config_b2b_document_type_project_mode_id" : "112c1cb8-4b9e-4d1a-a042-0bd031dc7d05",
  "config_imap_project_mode_id" : "112c1cb8-4b9e-4d1a-a042-0bd031dc7d05",
  "config_java_service_project_mode_id" : "112c1cb8-4b9e-4d1a-a042-0bd031dc7d05",
  "config_plug_project_mode_id" : "112c1cb8-4b9e-4d1a-a042-0bd031dc7d05",
  "config_service_project_mode_id" : "112c1cb8-4b9e-4d1a-a042-0bd031dc7d05",
  "endpoint_project_mode_id" : "112c1cb8-4b9e-4d1a-a042-0bd031dc7d05",
  "service_project_mode_id" : "112c1cb8-4b9e-4d1a-a042-0bd031dc7d05",
  "parent_component_config_service_project_mode_id" : "112c1cb8-4b9e-4d1a-a042-0bd031dc7d05",
  "is_audit" : true,
  "keys_with_order" : null
}