{
  "component_config_id" : "b16a5125-609c-4023-98cb-f06693ac803f",
  "endpoint_config_json" : {
    "type" : "jsonb",
    "value" : "{\"crossRef\": [], \"services\": [], \"multistep\": [], \"operations\": []}",
    "null" : false
  },
  "input_config_json" : {
    "type" : "jsonb",
    "value" : "{\"crossRef\": [], \"services\": [], \"multistep\": [], \"operations\": []}",
    "null" : false
  },
  "output_config_json" : {
    "type" : "jsonb",
    "value" : "{\"crossRef\": [], \"services\": [], \"multistep\": [], \"operations\": [{\"transformer\": {\"id\": \"4575cfda-7d1e-4328-8245-077d92b7e999\", \"name\": \"MATH_DECIMAL_FORMAT\", \"type\": \"Math\", \"query\": null, \"inputs\": [{\"id\": \"5121fc73-e3e9-4dd0-9a3e-da4aad8be4b1\", \"root\": false, \"type\": \"map\", \"cached\": false, \"source\": \"/AggregationDecimalFormatted[]/salaryTotal\", \"target\": \"/MATH_DECIMAL_FORMAT_INPUT/input\", \"mapNull\": false, \"disabled\": false, \"extractXml\": false, \"extractJson\": false, \"mapEmptyString\": false, \"sourceJavaType\": \"java.lang.String\", \"targetJavaType\": \"java.lang.Object\"}, {\"id\": \"83845aa7-1a8d-4593-a272-b467e0383241\", \"root\": false, \"type\": \"setValue\", \"cached\": false, \"target\": \"/MATH_DECIMAL_FORMAT_INPUT/format\", \"mapNull\": false, \"disabled\": false, \"extractXml\": false, \"extractJson\": false, \"targetValue\": \"$###,###,###,###,###.00\", \"mapEmptyString\": false, \"targetJavaType\": \"java.lang.String\", \"variableSubstitution\": false}], \"outputs\": [{\"id\": \"1978b0d0-3404-4b97-8888-e8fc7233ecda\", \"root\": false, \"type\": \"map\", \"cached\": false, \"source\": \"/MATH_DECIMAL_FORMAT_OUTPUT/output\", \"target\": \"/AggregationDecimalFormatted[]/salaryTotal\", \"mapNull\": false, \"disabled\": false, \"extractXml\": false, \"extractJson\": false, \"targetOrder\": 1.0, \"mapEmptyString\": false, \"sourceJavaType\": \"java.lang.String\", \"targetJavaType\": \"java.lang.String\"}], \"tableId\": null, \"configId\": null, \"disabled\": false, \"serviceId\": null, \"expression\": null}}]}",
    "null" : false
  },
  "component_id" : "8ac5fe03-27a2-4e6a-a449-6a8893818223",
  "service_id" : "41955901-8979-4993-9f80-a79f578e6420",
  "endpoint_id" : null,
  "parent_component_config_id" : null,
  "component_config_order" : 5.0,
  "action_id" : "06843b78-eab0-45da-afab-8c8277d7553f",
  "name" : "",
  "description" : "",
  "override_endpoint" : false,
  "input_structure_json" : {
    "type" : "jsonb",
    "value" : "{\"maps\": [], \"mappedNodes\": [\"/AggregationDecimalFormatted[]/salaryTotal pipeIn\", \"/MATH_DECIMAL_FORMAT_INPUT/input0\", \"/MATH_DECIMAL_FORMAT_OUTPUT/output0\", \"/AggregationDecimalFormatted[]/salaryTotalpipeOut\", \"/MATH_DECIMAL_FORMAT_INPUT/format\", \"/MATH_DECIMAL_FORMAT_INPUT\"]}",
    "null" : false
  },
  "output_structure_json" : {
    "type" : "jsonb",
    "value" : "{\"maps\": [], \"tracks\": {}, \"transformer\": [{\"inputs\": {\"/MATH_DECIMAL_FORMAT_INPUT/input\": [{\"type\": \"list\", \"source\": {\"path\": \"/AggregationDecimalFormatted[]/salaryTotal\", \"title\": \"salaryTotal\", \"dataElementType\": \"string\"}, \"target\": {\"path\": \"/MATH_DECIMAL_FORMAT_INPUT/input\", \"title\": \"input\", \"dataElementType\": \"object\"}, \"mapCondition\": {\"isConditionSet\": false, \"sourceTreeIndex\": [{\"key\": 1, \"title\": \"AggregationDecimalFormatted\", \"isLeaf\": false, \"isArray\": true, \"children\": [{\"key\": 2, \"title\": \"salaryTotal\", \"isLeaf\": false, \"isArray\": false, \"parentKey\": 1}], \"parentKey\": 0, \"arrayIndex\": null}], \"targetTreeIndex\": [{\"key\": 1, \"title\": \"MATH_DECIMAL_FORMAT_INPUT\", \"isLeaf\": false, \"isArray\": false, \"children\": [{\"key\": 2, \"title\": \"input\", \"isLeaf\": false, \"isArray\": false, \"parentKey\": 1}], \"parentKey\": 0}], \"mapConditionFormValue\": {}}}], \"/MATH_DECIMAL_FORMAT_INPUT/format\": [{\"type\": \"setValue\", \"target\": {\"path\": \"/MATH_DECIMAL_FORMAT_INPUT/format\", \"order\": \"\", \"title\": \"format\", \"dataElementType\": \"string\"}, \"values\": [{\"id\": \"ec869d51-c0c4-423c-9e24-60fe6a29cec5\", \"key\": \"/MATH_DECIMAL_FORMAT_INPUT/format\", \"type\": \"string\", \"title\": \"format\", \"isLeaf\": true, \"secret\": false, \"children\": [], \"setValue\": null, \"uiElement\": \"$###,###,###,###,###.00\", \"isSetValue\": false, \"dataElementType\": \"string\"}], \"mapCondition\": {\"isConditionSet\": false, \"sourceTreeIndex\": [], \"targetTreeIndex\": [], \"mapConditionFormValue\": {}}, \"variableSubstitution\": false, \"overwritePipelineValue\": false}]}, \"outputs\": {\"/AggregationDecimalFormatted[]/salaryTotal\": [{\"type\": \"list\", \"source\": {\"path\": \"/MATH_DECIMAL_FORMAT_OUTPUT/output\", \"title\": \"output\", \"dataElementType\": \"string\"}, \"target\": {\"path\": \"/AggregationDecimalFormatted[]/salaryTotal\", \"order\": 1, \"title\": \"salaryTotal\", \"dataElementType\": \"string\"}, \"mapCondition\": {\"isConditionSet\": false, \"sourceTreeIndex\": [{\"key\": 1, \"title\": \"MATH_DECIMAL_FORMAT_OUTPUT\", \"isLeaf\": false, \"isArray\": false, \"children\": [{\"key\": 2, \"title\": \"output\", \"isLeaf\": false, \"isArray\": false, \"parentKey\": 1}], \"parentKey\": 0}], \"targetTreeIndex\": [{\"key\": 1, \"title\": \"AggregationDecimalFormatted\", \"isLeaf\": false, \"isArray\": true, \"children\": [{\"key\": 2, \"title\": \"salaryTotal\", \"isLeaf\": false, \"isArray\": false, \"parentKey\": 1}], \"parentKey\": 0, \"arrayIndex\": null}], \"mapConditionFormValue\": {}}}]}, \"functionInfo\": {\"id\": \"4b28074b-3adc-485b-8598-def36be994b2\", \"name\": \"DecimalFormat\", \"category\": {\"id\": \"18db0fe2-347a-4bac-8a2d-41403773c028\"}, \"internalName\": \"MATH_DECIMAL_FORMAT\"}}]}",
    "null" : false
  },
  "endpoint_structure_json" : {
    "type" : "jsonb",
    "value" : "{\"maps\": []}",
    "null" : false
  },
  "is_error" : false,
  "no_of_errors" : 0,
  "action_input_type" : null,
  "config_service_id" : null,
  "config_imap_id" : null,
  "config_b2b_document_type_id" : null,
  "config_document_id" : null,
  "add_variables" : {
    "type" : "jsonb",
    "value" : "[]",
    "null" : false
  },
  "drop_variables" : {
    "type" : "jsonb",
    "value" : "[]",
    "null" : false
  },
  "plug_input_structure" : null,
  "plug_output_structure" : null,
  "config_plug_id" : null,
  "override_plug" : false,
  "config_java_service_id" : null,
  "service_tag" : "V26",
  "endpoint_tag" : null,
  "config_service_tag" : "",
  "config_imap_tag" : "",
  "config_b2b_document_type_tag" : "",
  "active" : false,
  "parent_component_config_service_tag" : "V26",
  "service_project_id" : "94afffa5-622e-4445-9e23-5019119fbd0b",
  "service_project_tag" : "V26",
  "config_service_project_id" : null,
  "config_service_project_tag" : "",
  "config_imap_project_id" : null,
  "config_imap_project_tag" : "",
  "config_b2b_document_type_project_id" : null,
  "config_b2b_document_type_project_tag" : "",
  "endpoint_project_id" : null,
  "endpoint_project_tag" : null,
  "config_plug_tag" : null,
  "config_plug_project_id" : null,
  "config_plug_project_tag" : null,
  "config_java_service_tag" : "",
  "config_java_service_project_id" : null,
  "config_java_service_project_tag" : "",
  "disabled" : false,
  "config" : null,
  "config_b2b_document_type_project_mode_id" : "112c1cb8-4b9e-4d1a-a042-0bd031dc7d05",
  "config_imap_project_mode_id" : "112c1cb8-4b9e-4d1a-a042-0bd031dc7d05",
  "config_java_service_project_mode_id" : "112c1cb8-4b9e-4d1a-a042-0bd031dc7d05",
  "config_plug_project_mode_id" : "112c1cb8-4b9e-4d1a-a042-0bd031dc7d05",
  "config_service_project_mode_id" : "112c1cb8-4b9e-4d1a-a042-0bd031dc7d05",
  "endpoint_project_mode_id" : "112c1cb8-4b9e-4d1a-a042-0bd031dc7d05",
  "service_project_mode_id" : "112c1cb8-4b9e-4d1a-a042-0bd031dc7d05",
  "parent_component_config_service_project_mode_id" : "112c1cb8-4b9e-4d1a-a042-0bd031dc7d05",
  "is_audit" : true,
  "keys_with_order" : null
}