{
  "component_config_id" : "bbf795b3-7df4-44b7-aa71-225904f454f8",
  "endpoint_config_json" : {
    "type" : "jsonb",
    "value" : "{\"crossRef\": [], \"services\": [], \"multistep\": [], \"operations\": []}",
    "null" : false
  },
  "input_config_json" : {
    "type" : "jsonb",
    "value" : "{\"crossRef\": [], \"services\": [], \"multistep\": [], \"operations\": []}",
    "null" : false
  },
  "output_config_json" : {
    "type" : "jsonb",
    "value" : "{\"crossRef\": [], \"services\": [], \"multistep\": [], \"operations\": [{\"map\": {\"id\": \"03fe1b0a-4ff7-4d60-8f31-b03e8ae8adf2\", \"root\": false, \"type\": \"list\", \"cached\": false, \"source\": \"/SFTPServerPollOutput/files[]/fileName\", \"target\": \"/MyFormData2/fileName\", \"mapNull\": false, \"disabled\": false, \"extractXml\": false, \"extractJson\": false, \"targetOrder\": 10.0, \"mapEmptyString\": false, \"sourceJavaType\": \"java.lang.String\", \"targetJavaType\": \"java.lang.String\"}}, {\"map\": {\"id\": \"e1c4b4de-81f7-48c1-b134-98ffe393de27\", \"root\": false, \"type\": \"list\", \"cached\": false, \"source\": \"/SFTPServerPollOutput/files[]/body\", \"target\": \"/MyFormData2/content\", \"mapNull\": false, \"disabled\": false, \"extractXml\": false, \"extractJson\": false, \"targetOrder\": 11.0, \"mapEmptyString\": false, \"sourceJavaType\": \"java.lang.String\", \"targetJavaType\": \"java.lang.String\"}}, {\"map\": {\"id\": \"e9731c2b-6e9f-4a71-85ef-5cf999ec7c51\", \"root\": false, \"type\": \"setValue\", \"cached\": false, \"target\": \"/MyFormData1/fileInputType\", \"mapNull\": false, \"disabled\": false, \"extractXml\": false, \"extractJson\": false, \"targetOrder\": 9.0, \"targetValue\": \"String\", \"mapEmptyString\": false, \"targetJavaType\": \"java.lang.String\", \"variableSubstitution\": false}}, {\"map\": {\"id\": \"3c3eccba-5aef-4119-9fcd-c83810f6c764\", \"root\": false, \"type\": \"setValue\", \"cached\": false, \"target\": \"/MyFormData1/name\", \"mapNull\": false, \"disabled\": false, \"extractXml\": false, \"extractJson\": false, \"targetOrder\": 10.0, \"targetValue\": \"UPLOADCARE_PUB_KEY\", \"mapEmptyString\": false, \"targetJavaType\": \"java.lang.String\", \"variableSubstitution\": false}}, {\"map\": {\"id\": \"256d9a1c-11ce-455e-b805-1109f9176825\", \"root\": false, \"type\": \"setValue\", \"cached\": false, \"target\": \"/MyFormData1/content\", \"mapNull\": false, \"disabled\": false, \"extractXml\": false, \"extractJson\": false, \"targetOrder\": 11.0, \"targetValue\": \"db1deeb084c65d7a755e\", \"mapEmptyString\": false, \"targetJavaType\": \"java.lang.String\", \"variableSubstitution\": false}}, {\"map\": {\"id\": \"67714d61-0eed-438c-bb83-aad7d74b947e\", \"root\": false, \"type\": \"setValue\", \"cached\": false, \"target\": \"/MyFormData2/fileInputType\", \"mapNull\": false, \"disabled\": false, \"extractXml\": false, \"extractJson\": false, \"targetOrder\": 9.0, \"targetValue\": \"Bytes\", \"mapEmptyString\": false, \"targetJavaType\": \"java.lang.String\", \"variableSubstitution\": false}}, {\"map\": {\"id\": \"850a951b-659e-476e-9e31-a20d8b39e4c7\", \"root\": false, \"type\": \"setValue\", \"cached\": false, \"target\": \"/MyFormData2/name\", \"mapNull\": false, \"disabled\": false, \"extractXml\": false, \"extractJson\": false, \"targetOrder\": 10.0, \"targetValue\": \"file\", \"mapEmptyString\": false, \"targetJavaType\": \"java.lang.String\", \"variableSubstitution\": false}}]}",
    "null" : false
  },
  "component_id" : "8ac5fe03-27a2-4e6a-a449-6a8893818223",
  "service_id" : "936a8905-a3a4-419d-9588-1389b9c15a10",
  "endpoint_id" : null,
  "parent_component_config_id" : null,
  "component_config_order" : 1.5,
  "action_id" : "06843b78-eab0-45da-afab-8c8277d7553f",
  "name" : null,
  "description" : "",
  "override_endpoint" : false,
  "input_structure_json" : {
    "type" : "jsonb",
    "value" : "{\"maps\": [], \"mappedNodes\": [\"/MyFormData1/fileInputTypepipeOut\", \"/MyFormData1pipeOut\", \"/MyFormData1/namepipeOut\", \"/MyFormData1pipeOut\", \"/MyFormData1/contentpipeOut\", \"/MyFormData1pipeOut\", \"/MyFormData2/fileInputTypepipeOut\", \"/SFTPServerPollOutput/files[]/fileName pipeIn\", \"/MyFormData2/fileNamepipeOut\", \"/SFTPServerPollOutput/files[]/body pipeIn\", \"/MyFormData2/contentpipeOut\", \"/MyFormData2/namepipeOut\", \"/MyFormData1pipeOut\", \"/MyFormData1pipeOut\", \"/MyFormData1pipeOut\", \"/MyFormData1pipeOut\", \"/MyFormData1pipeOut\", \"/MyFormData1pipeOut\", \"/MyFormData1pipeOut\", \"/MyFormData1pipeOut\", \"/MyFormData1pipeOut\", \"/MyFormData2pipeOut\", \"/MyFormData2pipeOut\"]}",
    "null" : false
  },
  "output_structure_json" : {
    "type" : "jsonb",
    "value" : "{\"maps\": [{\"/MyFormData1/fileInputType\": [{\"type\": \"setValue\", \"order\": 9, \"target\": {\"path\": \"/MyFormData1/fileInputType\", \"order\": 9, \"title\": \"fileInputType\", \"dataElementType\": \"string\"}, \"values\": [{\"id\": \"9e89fa7d-fcaa-4678-8a48-ad6f00d0d25b\", \"key\": \"/MyFormData1/fileInputType\", \"type\": \"string\", \"order\": 9, \"title\": \"fileInputType\", \"isLeaf\": false, \"children\": [], \"setValue\": \"String\", \"uiElement\": \"String\", \"isSetValue\": false, \"childrenSet\": false, \"hasChildren\": false, \"dataElementType\": \"string\", \"componentConfigId\": \"bbf795b3-7df4-44b7-aa71-225904f454f8\", \"componentConfigName\": \"Map\", \"encryption_required\": false}], \"mapCondition\": {\"isConditionSet\": false, \"sourceTreeIndex\": [], \"targetTreeIndex\": [], \"mapConditionFormValue\": {}}, \"dataElementType\": \"string\", \"variableSubstitution\": false, \"overwritePipelineValue\": false}]}, {\"/MyFormData1/name\": [{\"type\": \"setValue\", \"order\": 10, \"target\": {\"path\": \"/MyFormData1/name\", \"order\": 10, \"title\": \"name\", \"dataElementType\": \"string\"}, \"values\": [{\"id\": \"9c83a0e1-4553-4719-96b2-8cfbc0a55ef3\", \"key\": \"/MyFormData1/name\", \"type\": \"object\", \"order\": 10, \"title\": \"name\", \"isLeaf\": false, \"children\": [], \"setValue\": null, \"uiElement\": \"UPLOADCARE_PUB_KEY\", \"isSetValue\": false, \"childrenSet\": false, \"hasChildren\": false, \"dataElementType\": \"string\", \"componentConfigId\": \"bbf795b3-7df4-44b7-aa71-225904f454f8\", \"componentConfigName\": \"Map\", \"encryption_required\": false}], \"mapCondition\": {\"isConditionSet\": false, \"sourceTreeIndex\": [], \"targetTreeIndex\": [], \"mapConditionFormValue\": {}}, \"dataElementType\": \"string\", \"variableSubstitution\": false, \"overwritePipelineValue\": false}]}, {\"/MyFormData1/content\": [{\"type\": \"setValue\", \"order\": 11, \"target\": {\"path\": \"/MyFormData1/content\", \"order\": 11, \"title\": \"content\", \"dataElementType\": \"string\"}, \"values\": [{\"id\": \"dc5d15bb-f4ad-4f6a-b40e-31a604331826\", \"key\": \"/MyFormData1/content\", \"type\": \"object\", \"order\": 11, \"title\": \"content\", \"isLeaf\": false, \"children\": [], \"setValue\": null, \"uiElement\": \"db1deeb084c65d7a755e\", \"isSetValue\": false, \"childrenSet\": false, \"hasChildren\": false, \"dataElementType\": \"string\", \"componentConfigId\": \"bbf795b3-7df4-44b7-aa71-225904f454f8\", \"componentConfigName\": \"Map\", \"encryption_required\": false}], \"mapCondition\": {\"isConditionSet\": false, \"sourceTreeIndex\": [], \"targetTreeIndex\": [], \"mapConditionFormValue\": {}}, \"dataElementType\": \"string\", \"variableSubstitution\": false, \"overwritePipelineValue\": false}]}, {\"/MyFormData2/fileInputType\": [{\"type\": \"setValue\", \"order\": 9, \"target\": {\"path\": \"/MyFormData2/fileInputType\", \"order\": 9, \"title\": \"fileInputType\", \"dataElementType\": \"string\"}, \"values\": [{\"id\": \"4fb7f7c3-65db-4646-8daa-8c1f5e9595f0\", \"key\": \"/MyFormData2/fileInputType\", \"type\": \"string\", \"order\": 9, \"title\": \"fileInputType\", \"isLeaf\": false, \"children\": [], \"setValue\": \"Bytes\", \"uiElement\": \"Bytes\", \"isSetValue\": false, \"childrenSet\": false, \"hasChildren\": false, \"dataElementType\": \"string\", \"componentConfigId\": \"bbf795b3-7df4-44b7-aa71-225904f454f8\", \"componentConfigName\": \"Map\", \"encryption_required\": false}], \"mapCondition\": {\"isConditionSet\": false, \"sourceTreeIndex\": [], \"targetTreeIndex\": [], \"mapConditionFormValue\": {}}, \"dataElementType\": \"string\", \"variableSubstitution\": false, \"overwritePipelineValue\": false}]}, {\"/MyFormData2/fileName\": [{\"type\": \"list\", \"source\": {\"path\": \"/SFTPServerPollOutput/files[]/fileName\", \"title\": \"fileName\", \"dataElementType\": \"string\"}, \"target\": {\"path\": \"/MyFormData2/fileName\", \"order\": 10, \"title\": \"fileName\", \"dataElementType\": \"string\"}, \"mapCondition\": {\"isConditionSet\": false, \"sourceTreeIndex\": [{\"key\": 1, \"title\": \"SFTPServerPollOutput\", \"isLeaf\": false, \"isArray\": false, \"children\": [{\"key\": 2, \"title\": \"files\", \"isLeaf\": false, \"isArray\": true, \"children\": [{\"key\": 3, \"title\": \"fileName\", \"isLeaf\": false, \"isArray\": false, \"parentKey\": 2}], \"parentKey\": 1, \"arrayIndex\": null}], \"parentKey\": 0}], \"targetTreeIndex\": [{\"key\": 1, \"title\": \"MyFormData2\", \"isLeaf\": false, \"isArray\": false, \"children\": [{\"key\": 2, \"title\": \"fileName\", \"isLeaf\": false, \"isArray\": false, \"parentKey\": 1}], \"parentKey\": 0}], \"mapConditionFormValue\": {}}}]}, {\"/MyFormData2/content\": [{\"type\": \"list\", \"source\": {\"path\": \"/SFTPServerPollOutput/files[]/body\", \"title\": \"body\", \"dataElementType\": \"string\"}, \"target\": {\"path\": \"/MyFormData2/content\", \"order\": 11, \"title\": \"content\", \"dataElementType\": \"string\"}, \"mapCondition\": {\"isConditionSet\": false, \"sourceTreeIndex\": [{\"key\": 1, \"title\": \"SFTPServerPollOutput\", \"isLeaf\": false, \"isArray\": false, \"children\": [{\"key\": 2, \"title\": \"files\", \"isLeaf\": false, \"isArray\": true, \"children\": [{\"key\": 3, \"title\": \"body\", \"isLeaf\": false, \"isArray\": false, \"parentKey\": 2}], \"parentKey\": 1, \"arrayIndex\": null}], \"parentKey\": 0}], \"targetTreeIndex\": [{\"key\": 1, \"title\": \"MyFormData2\", \"isLeaf\": false, \"isArray\": false, \"children\": [{\"key\": 2, \"title\": \"content\", \"isLeaf\": false, \"isArray\": false, \"parentKey\": 1}], \"parentKey\": 0}], \"mapConditionFormValue\": {}}}]}, {\"/MyFormData2/name\": [{\"type\": \"setValue\", \"order\": 10, \"target\": {\"path\": \"/MyFormData2/name\", \"order\": 10, \"title\": \"name\", \"dataElementType\": \"string\"}, \"values\": [{\"id\": \"a21864ca-6cb9-43f9-917b-b1fc62edafbc\", \"key\": \"/MyFormData2/name\", \"type\": \"object\", \"order\": 10, \"title\": \"name\", \"isLeaf\": false, \"children\": [], \"setValue\": null, \"uiElement\": \"file\", \"isSetValue\": false, \"childrenSet\": false, \"hasChildren\": false, \"dataElementType\": \"string\", \"componentConfigId\": \"bbf795b3-7df4-44b7-aa71-225904f454f8\", \"componentConfigName\": \"Map\", \"encryption_required\": false}], \"mapCondition\": {\"isConditionSet\": false, \"sourceTreeIndex\": [], \"targetTreeIndex\": [], \"mapConditionFormValue\": {}}, \"dataElementType\": \"string\", \"variableSubstitution\": false, \"overwritePipelineValue\": false}]}], \"tracks\": {}, \"transformer\": []}",
    "null" : false
  },
  "endpoint_structure_json" : {
    "type" : "jsonb",
    "value" : "{\"maps\": []}",
    "null" : false
  },
  "is_error" : false,
  "no_of_errors" : 0,
  "action_input_type" : null,
  "config_service_id" : null,
  "config_imap_id" : null,
  "config_b2b_document_type_id" : null,
  "config_document_id" : null,
  "add_variables" : {
    "type" : "jsonb",
    "value" : "[{\"id\": \"c3ddf699-458d-4e3a-84e3-66f8320787eb\", \"key\": \"/MyFormData[]\", \"type\": \"node\", \"order\": 1, \"title\": \"MyFormData\", \"value\": {\"type\": \"documentArray\"}, \"children\": [{\"id\": \"886f793a-ca10-4a8d-a6a3-42f1166092d6\", \"key\": \"/MyFormData[]/fileInputType\", \"type\": \"string\", \"order\": 9, \"title\": \"fileInputType\", \"value\": {\"type\": \"string\", \"_enum\": [\"Bytes\", \"Stream\", \"String\"], \"description\": \"Specify the formData fileInputType\", \"requiredFlag\": false}, \"isLeaf\": false, \"children\": [], \"childrenSet\": false, \"hasChildren\": false, \"dataElementType\": \"string\", \"componentConfigId\": \"bbf795b3-7df4-44b7-aa71-225904f454f8\", \"componentConfigName\": \"Map\", \"encryption_required\": false}, {\"id\": \"436551f0-0944-4ce6-a898-0d22b6077f4c\", \"key\": \"/MyFormData[]/name\", \"type\": \"object\", \"order\": 10, \"title\": \"name\", \"value\": {\"type\": \"object\", \"description\": \"Specify the formData name\", \"requiredFlag\": false}, \"isLeaf\": false, \"children\": [], \"childrenSet\": false, \"hasChildren\": false, \"dataElementType\": \"string\", \"componentConfigId\": \"bbf795b3-7df4-44b7-aa71-225904f454f8\", \"componentConfigName\": \"Map\", \"encryption_required\": false}, {\"id\": \"24e5e428-254f-4c15-bf25-f5dc475e5c99\", \"key\": \"/MyFormData[]/fileName\", \"type\": \"object\", \"order\": 10, \"title\": \"fileName\", \"value\": {\"type\": \"object\", \"description\": \"Specify the formData fileName\", \"requiredFlag\": false}, \"isLeaf\": false, \"children\": [], \"childrenSet\": false, \"hasChildren\": false, \"dataElementType\": \"string\", \"componentConfigId\": \"bbf795b3-7df4-44b7-aa71-225904f454f8\", \"componentConfigName\": \"Map\", \"encryption_required\": false}, {\"id\": \"297098bd-4029-4b2f-a1e0-f77830c4de6c\", \"key\": \"/MyFormData[]/content\", \"type\": \"object\", \"order\": 11, \"title\": \"content\", \"value\": {\"type\": \"object\", \"description\": \"Specify the formData content\", \"requiredFlag\": false}, \"isLeaf\": false, \"children\": [], \"childrenSet\": false, \"hasChildren\": false, \"dataElementType\": \"string\", \"componentConfigId\": \"bbf795b3-7df4-44b7-aa71-225904f454f8\", \"componentConfigName\": \"Map\", \"encryption_required\": false}, {\"id\": \"38d6faed-211d-4b73-9a56-717702056bdb\", \"key\": \"/MyFormData[]/contentType\", \"type\": \"object\", \"order\": 10, \"title\": \"contentType\", \"value\": {\"type\": \"object\", \"description\": \"Specify the formData content type\", \"requiredFlag\": false}, \"isLeaf\": false, \"children\": [], \"childrenSet\": false, \"hasChildren\": false, \"dataElementType\": \"string\", \"componentConfigId\": \"bbf795b3-7df4-44b7-aa71-225904f454f8\", \"componentConfigName\": \"Map\", \"encryption_required\": false}], \"editAllow\": true, \"dataElementType\": \"documentArray\", \"componentConfigId\": \"bbf795b3-7df4-44b7-aa71-225904f454f8\", \"componentConfigName\": \"Map\"}, {\"id\": \"c3ddf699-458d-4e3a-84e3-66f8320787eb\", \"key\": \"/MyFormData1\", \"type\": \"node\", \"order\": 1, \"title\": \"MyFormData1\", \"value\": {\"type\": \"object\"}, \"children\": [{\"id\": \"886f793a-ca10-4a8d-a6a3-42f1166092d6\", \"key\": \"/MyFormData1/fileInputType\", \"type\": \"string\", \"order\": 9, \"title\": \"fileInputType\", \"value\": {\"type\": \"string\", \"_enum\": [\"Bytes\", \"Stream\", \"String\"], \"description\": \"Specify the formData fileInputType\", \"requiredFlag\": false}, \"isLeaf\": false, \"children\": [], \"childrenSet\": false, \"hasChildren\": false, \"dataElementType\": \"string\", \"componentConfigId\": \"bbf795b3-7df4-44b7-aa71-225904f454f8\", \"componentConfigName\": \"Map\", \"encryption_required\": false}, {\"id\": \"436551f0-0944-4ce6-a898-0d22b6077f4c\", \"key\": \"/MyFormData1/name\", \"type\": \"object\", \"order\": 10, \"title\": \"name\", \"value\": {\"type\": \"object\", \"description\": \"Specify the formData name\", \"requiredFlag\": false}, \"isLeaf\": false, \"children\": [], \"childrenSet\": false, \"hasChildren\": false, \"dataElementType\": \"string\", \"componentConfigId\": \"bbf795b3-7df4-44b7-aa71-225904f454f8\", \"componentConfigName\": \"Map\", \"encryption_required\": false}, {\"id\": \"24e5e428-254f-4c15-bf25-f5dc475e5c99\", \"key\": \"/MyFormData1/fileName\", \"type\": \"object\", \"order\": 10, \"title\": \"fileName\", \"value\": {\"type\": \"object\", \"description\": \"Specify the formData fileName\", \"requiredFlag\": false}, \"isLeaf\": false, \"children\": [], \"childrenSet\": false, \"hasChildren\": false, \"dataElementType\": \"string\", \"componentConfigId\": \"bbf795b3-7df4-44b7-aa71-225904f454f8\", \"componentConfigName\": \"Map\", \"encryption_required\": false}, {\"id\": \"297098bd-4029-4b2f-a1e0-f77830c4de6c\", \"key\": \"/MyFormData1/content\", \"type\": \"object\", \"order\": 11, \"title\": \"content\", \"value\": {\"type\": \"object\", \"description\": \"Specify the formData content\", \"requiredFlag\": false}, \"isLeaf\": false, \"children\": [], \"childrenSet\": false, \"hasChildren\": false, \"dataElementType\": \"string\", \"componentConfigId\": \"bbf795b3-7df4-44b7-aa71-225904f454f8\", \"componentConfigName\": \"Map\", \"encryption_required\": false}, {\"id\": \"38d6faed-211d-4b73-9a56-717702056bdb\", \"key\": \"/MyFormData1/contentType\", \"type\": \"object\", \"order\": 10, \"title\": \"contentType\", \"value\": {\"type\": \"object\", \"description\": \"Specify the formData content type\", \"requiredFlag\": false}, \"isLeaf\": false, \"children\": [], \"childrenSet\": false, \"hasChildren\": false, \"dataElementType\": \"string\", \"componentConfigId\": \"bbf795b3-7df4-44b7-aa71-225904f454f8\", \"componentConfigName\": \"Map\", \"encryption_required\": false}], \"editAllow\": true, \"dataElementType\": \"document\", \"componentConfigId\": \"bbf795b3-7df4-44b7-aa71-225904f454f8\", \"componentConfigName\": \"Map\"}, {\"id\": \"c3ddf699-458d-4e3a-84e3-66f8320787eb\", \"key\": \"/MyFormData2\", \"type\": \"node\", \"order\": 1, \"title\": \"MyFormData2\", \"value\": {\"type\": \"object\"}, \"children\": [{\"id\": \"886f793a-ca10-4a8d-a6a3-42f1166092d6\", \"key\": \"/MyFormData2/fileInputType\", \"type\": \"string\", \"order\": 9, \"title\": \"fileInputType\", \"value\": {\"type\": \"string\", \"_enum\": [\"Bytes\", \"Stream\", \"String\"], \"description\": \"Specify the formData fileInputType\", \"requiredFlag\": false}, \"isLeaf\": false, \"children\": [], \"childrenSet\": false, \"hasChildren\": false, \"dataElementType\": \"string\", \"componentConfigId\": \"bbf795b3-7df4-44b7-aa71-225904f454f8\", \"componentConfigName\": \"Map\", \"encryption_required\": false}, {\"id\": \"436551f0-0944-4ce6-a898-0d22b6077f4c\", \"key\": \"/MyFormData2/name\", \"type\": \"object\", \"order\": 10, \"title\": \"name\", \"value\": {\"type\": \"object\", \"description\": \"Specify the formData name\", \"requiredFlag\": false}, \"isLeaf\": false, \"children\": [], \"childrenSet\": false, \"hasChildren\": false, \"dataElementType\": \"string\", \"componentConfigId\": \"bbf795b3-7df4-44b7-aa71-225904f454f8\", \"componentConfigName\": \"Map\", \"encryption_required\": false}, {\"id\": \"24e5e428-254f-4c15-bf25-f5dc475e5c99\", \"key\": \"/MyFormData2/fileName\", \"type\": \"object\", \"order\": 10, \"title\": \"fileName\", \"value\": {\"type\": \"object\", \"description\": \"Specify the formData fileName\", \"requiredFlag\": false}, \"isLeaf\": false, \"children\": [], \"childrenSet\": false, \"hasChildren\": false, \"dataElementType\": \"string\", \"componentConfigId\": \"bbf795b3-7df4-44b7-aa71-225904f454f8\", \"componentConfigName\": \"Map\", \"encryption_required\": false}, {\"id\": \"297098bd-4029-4b2f-a1e0-f77830c4de6c\", \"key\": \"/MyFormData2/content\", \"type\": \"object\", \"order\": 11, \"title\": \"content\", \"value\": {\"type\": \"object\", \"description\": \"Specify the formData content\", \"requiredFlag\": false}, \"isLeaf\": false, \"children\": [], \"childrenSet\": false, \"hasChildren\": false, \"dataElementType\": \"string\", \"componentConfigId\": \"bbf795b3-7df4-44b7-aa71-225904f454f8\", \"componentConfigName\": \"Map\", \"encryption_required\": false}, {\"id\": \"38d6faed-211d-4b73-9a56-717702056bdb\", \"key\": \"/MyFormData2/contentType\", \"type\": \"object\", \"order\": 10, \"title\": \"contentType\", \"value\": {\"type\": \"object\", \"description\": \"Specify the formData content type\", \"requiredFlag\": false}, \"isLeaf\": false, \"children\": [], \"childrenSet\": false, \"hasChildren\": false, \"dataElementType\": \"string\", \"componentConfigId\": \"bbf795b3-7df4-44b7-aa71-225904f454f8\", \"componentConfigName\": \"Map\", \"encryption_required\": false}], \"editAllow\": true, \"dataElementType\": \"document\", \"componentConfigId\": \"bbf795b3-7df4-44b7-aa71-225904f454f8\", \"componentConfigName\": \"Map\"}]",
    "null" : false
  },
  "drop_variables" : {
    "type" : "jsonb",
    "value" : "[]",
    "null" : false
  },
  "plug_input_structure" : null,
  "plug_output_structure" : null,
  "config_plug_id" : null,
  "override_plug" : false,
  "config_java_service_id" : null,
  "service_tag" : "V26",
  "endpoint_tag" : "EMPTY",
  "config_service_tag" : "EMPTY",
  "config_imap_tag" : "EMPTY",
  "config_b2b_document_type_tag" : "EMPTY",
  "active" : false,
  "parent_component_config_service_tag" : "V26",
  "service_project_id" : "94afffa5-622e-4445-9e23-5019119fbd0b",
  "service_project_tag" : "V26",
  "config_service_project_id" : null,
  "config_service_project_tag" : "EMPTY",
  "config_imap_project_id" : null,
  "config_imap_project_tag" : "EMPTY",
  "config_b2b_document_type_project_id" : null,
  "config_b2b_document_type_project_tag" : "EMPTY",
  "endpoint_project_id" : null,
  "endpoint_project_tag" : "EMPTY",
  "config_plug_tag" : "EMPTY",
  "config_plug_project_id" : null,
  "config_plug_project_tag" : "EMPTY",
  "config_java_service_tag" : "EMPTY",
  "config_java_service_project_id" : null,
  "config_java_service_project_tag" : "EMPTY",
  "disabled" : false,
  "config" : null,
  "config_b2b_document_type_project_mode_id" : "112c1cb8-4b9e-4d1a-a042-0bd031dc7d05",
  "config_imap_project_mode_id" : "112c1cb8-4b9e-4d1a-a042-0bd031dc7d05",
  "config_java_service_project_mode_id" : "112c1cb8-4b9e-4d1a-a042-0bd031dc7d05",
  "config_plug_project_mode_id" : "112c1cb8-4b9e-4d1a-a042-0bd031dc7d05",
  "config_service_project_mode_id" : "112c1cb8-4b9e-4d1a-a042-0bd031dc7d05",
  "endpoint_project_mode_id" : "112c1cb8-4b9e-4d1a-a042-0bd031dc7d05",
  "service_project_mode_id" : "112c1cb8-4b9e-4d1a-a042-0bd031dc7d05",
  "parent_component_config_service_project_mode_id" : "112c1cb8-4b9e-4d1a-a042-0bd031dc7d05",
  "is_audit" : true,
  "keys_with_order" : null
}