{
  "component_config_id" : "bc375262-9a72-49a6-8c82-d79c2a739bc0",
  "endpoint_config_json" : {
    "type" : "jsonb",
    "value" : "{\"crossRef\": [], \"services\": [], \"multistep\": [], \"operations\": []}",
    "null" : false
  },
  "input_config_json" : {
    "type" : "jsonb",
    "value" : "{\"crossRef\": [], \"services\": [], \"multistep\": [], \"operations\": []}",
    "null" : false
  },
  "output_config_json" : {
    "type" : "jsonb",
    "value" : "{\"crossRef\": [], \"services\": [], \"multistep\": [{\"id\": \"e725479a-09ec-4482-ae48-6caad0948fc8\"}], \"operations\": [{\"transformer\": {\"id\": \"efb7a957-d022-4fc5-aa3b-b7287d60d8c6\", \"name\": \"Custom\", \"type\": \"multistep\", \"query\": null, \"inputs\": [{\"id\": \"4e99cc63-6b35-40c3-a7bc-204ae28e9c6d\", \"root\": false, \"type\": \"map\", \"cached\": false, \"source\": \"/customers_orders/customers[]/firstName\", \"target\": \"/input/fname\", \"mapNull\": false, \"disabled\": false, \"extractXml\": false, \"extractJson\": false, \"mapEmptyString\": false, \"sourceJavaType\": \"java.lang.String\", \"targetJavaType\": \"java.lang.String\"}, {\"id\": \"39dbd701-aa34-4103-965a-1a0a630c5cc9\", \"root\": false, \"type\": \"map\", \"cached\": false, \"source\": \"/customers_orders/customers[]/lastName\", \"target\": \"/input/lname\", \"mapNull\": false, \"disabled\": false, \"extractXml\": false, \"extractJson\": false, \"mapEmptyString\": false, \"sourceJavaType\": \"java.lang.String\", \"targetJavaType\": \"java.lang.String\"}], \"outputs\": [{\"id\": \"f571744c-617d-4387-8cb0-608a128a7acc\", \"root\": false, \"type\": \"map\", \"cached\": false, \"source\": \"/output/fullName\", \"target\": \"/mapped_customer_orders_simple/clients[]/fullName\", \"mapNull\": false, \"disabled\": false, \"extractXml\": false, \"extractJson\": false, \"targetOrder\": 3.0, \"mapEmptyString\": false, \"sourceJavaType\": \"java.lang.String\", \"targetJavaType\": \"java.lang.String\"}], \"tableId\": null, \"configId\": \"e725479a-09ec-4482-ae48-6caad0948fc8\", \"disabled\": false, \"serviceId\": null, \"expression\": null}}, {\"map\": {\"id\": \"7d1f160b-d15b-4244-a2cb-2a9ae5a516ef\", \"root\": false, \"type\": \"list\", \"cached\": false, \"source\": \"/customers_orders/customers[]/customerId\", \"target\": \"/mapped_customer_orders_simple/clients[]/id\", \"mapNull\": false, \"disabled\": false, \"extractXml\": false, \"extractJson\": false, \"targetOrder\": 2.0, \"mapEmptyString\": false, \"sourceJavaType\": \"java.lang.Integer\", \"targetJavaType\": \"java.lang.Integer\"}}, {\"map\": {\"id\": \"48b53a9d-49a4-416e-8daf-106cc1a8489d\", \"root\": false, \"type\": \"list\", \"cached\": false, \"source\": \"/customers_orders/customers[]/email\", \"target\": \"/mapped_customer_orders_simple/clients[]/contact\", \"mapNull\": false, \"disabled\": false, \"extractXml\": false, \"extractJson\": false, \"targetOrder\": 4.0, \"mapEmptyString\": false, \"sourceJavaType\": \"java.lang.String\", \"targetJavaType\": \"java.lang.String\"}}, {\"map\": {\"id\": \"e8440d30-0d6f-4bd6-966f-4fbaa6d22d54\", \"root\": false, \"type\": \"list\", \"cached\": false, \"source\": \"/customers_orders/customers[]/orders[]/orderId\", \"target\": \"/mapped_customer_orders_simple/clients[]/purchases[]/purchaseId\", \"mapNull\": false, \"disabled\": false, \"extractXml\": false, \"extractJson\": false, \"targetOrder\": 6.0, \"mapEmptyString\": false, \"sourceJavaType\": \"java.lang.String\", \"targetJavaType\": \"java.lang.String\"}}, {\"map\": {\"id\": \"7b83da2d-e9d1-4e0f-a697-94c626e0156b\", \"root\": false, \"type\": \"list\", \"cached\": false, \"source\": \"/customers_orders/customers[]/orders[]/orderDate\", \"target\": \"/mapped_customer_orders_simple/clients[]/purchases[]/date\", \"mapNull\": false, \"disabled\": false, \"extractXml\": false, \"extractJson\": false, \"targetOrder\": 7.0, \"mapEmptyString\": false, \"sourceJavaType\": \"java.lang.String\", \"targetJavaType\": \"java.lang.String\"}}, {\"map\": {\"id\": \"5ccf02d3-b3b5-49a2-9715-6c1b27b6de51\", \"root\": false, \"type\": \"list\", \"cached\": false, \"source\": \"/customers_orders/customers[]/orders[]/amount\", \"target\": \"/mapped_customer_orders_simple/clients[]/purchases[]/totalAmount\", \"mapNull\": false, \"disabled\": false, \"extractXml\": false, \"extractJson\": false, \"targetOrder\": 8.0, \"mapEmptyString\": false, \"sourceJavaType\": \"java.lang.Float\", \"targetJavaType\": \"java.lang.Float\"}}, {\"map\": {\"id\": \"21249761-34cc-4378-97e4-05f711df4df9\", \"root\": false, \"type\": \"list\", \"cached\": false, \"source\": \"/customers_orders/customers[]/orders[]/status\", \"target\": \"/mapped_customer_orders_simple/clients[]/purchases[]/status\", \"mapNull\": false, \"disabled\": false, \"extractXml\": false, \"extractJson\": false, \"targetOrder\": 9.0, \"mapEmptyString\": false, \"sourceJavaType\": \"java.lang.String\", \"targetJavaType\": \"java.lang.String\"}}]}",
    "null" : false
  },
  "component_id" : "8ac5fe03-27a2-4e6a-a449-6a8893818223",
  "service_id" : "f07704c1-7a99-44f2-8c00-e4ed767c7f08",
  "endpoint_id" : null,
  "parent_component_config_id" : null,
  "component_config_order" : 6.0,
  "action_id" : "06843b78-eab0-45da-afab-8c8277d7553f",
  "name" : null,
  "description" : "",
  "override_endpoint" : false,
  "input_structure_json" : {
    "type" : "jsonb",
    "value" : "{\"maps\": [], \"mappedNodes\": [\"/customers_orders/customers[]/customerId pipeIn\", \"/mapped_customer_orders_simple/clients[]/idpipeOut\", \"/customers_orders/customers[]/email pipeIn\", \"/mapped_customer_orders_simple/clients[]/contactpipeOut\", \"/customers_orders/customers[]/firstName pipeIn\", \"/input/fname0\", \"/customers_orders/customers[]/lastName pipeIn\", \"/input/lname0\", \"/output/fullName0\", \"/mapped_customer_orders_simple/clients[]/fullNamepipeOut\", \"/customers_orders/customers[]/orders[]/orderId pipeIn\", \"/mapped_customer_orders_simple/clients[]/purchases[]/purchaseIdpipeOut\", \"/customers_orders/customers[]/orders[]/orderDate pipeIn\", \"/mapped_customer_orders_simple/clients[]/purchases[]/datepipeOut\", \"/customers_orders/customers[]/orders[]/amount pipeIn\", \"/mapped_customer_orders_simple/clients[]/purchases[]/totalAmountpipeOut\", \"/customers_orders/customers[]/orders[]/status pipeIn\", \"/mapped_customer_orders_simple/clients[]/purchases[]/statuspipeOut\"]}",
    "null" : false
  },
  "output_structure_json" : {
    "type" : "jsonb",
    "value" : "{\"maps\": [{\"/mapped_customer_orders_simple/clients[]/id\": [{\"type\": \"list\", \"source\": {\"path\": \"/customers_orders/customers[]/customerId\", \"title\": \"customerId\", \"dataElementType\": \"integer\"}, \"target\": {\"path\": \"/mapped_customer_orders_simple/clients[]/id\", \"order\": 2, \"title\": \"id\", \"dataElementType\": \"integer\"}, \"mapCondition\": {\"isConditionSet\": false, \"sourceTreeIndex\": [{\"key\": 1, \"title\": \"customers_orders\", \"isLeaf\": false, \"isArray\": false, \"children\": [{\"key\": 2, \"title\": \"customers\", \"isLeaf\": false, \"isArray\": true, \"children\": [{\"key\": 3, \"title\": \"customerId\", \"isLeaf\": false, \"isArray\": false, \"parentKey\": 2}], \"parentKey\": 1, \"arrayIndex\": null}], \"parentKey\": 0}], \"targetTreeIndex\": [{\"key\": 1, \"title\": \"mapped_customer_orders_simple\", \"isLeaf\": false, \"isArray\": false, \"children\": [{\"key\": 2, \"title\": \"clients\", \"isLeaf\": false, \"isArray\": true, \"children\": [{\"key\": 3, \"title\": \"id\", \"isLeaf\": false, \"isArray\": false, \"parentKey\": 2}], \"parentKey\": 1, \"arrayIndex\": null}], \"parentKey\": 0}], \"mapConditionFormValue\": {}}}]}, {\"/mapped_customer_orders_simple/clients[]/contact\": [{\"type\": \"list\", \"source\": {\"path\": \"/customers_orders/customers[]/email\", \"title\": \"email\", \"dataElementType\": \"string\"}, \"target\": {\"path\": \"/mapped_customer_orders_simple/clients[]/contact\", \"order\": 4, \"title\": \"contact\", \"dataElementType\": \"string\"}, \"mapCondition\": {\"isConditionSet\": false, \"sourceTreeIndex\": [{\"key\": 1, \"title\": \"customers_orders\", \"isLeaf\": false, \"isArray\": false, \"children\": [{\"key\": 2, \"title\": \"customers\", \"isLeaf\": false, \"isArray\": true, \"children\": [{\"key\": 3, \"title\": \"email\", \"isLeaf\": false, \"isArray\": false, \"parentKey\": 2}], \"parentKey\": 1, \"arrayIndex\": null}], \"parentKey\": 0}], \"targetTreeIndex\": [{\"key\": 1, \"title\": \"mapped_customer_orders_simple\", \"isLeaf\": false, \"isArray\": false, \"children\": [{\"key\": 2, \"title\": \"clients\", \"isLeaf\": false, \"isArray\": true, \"children\": [{\"key\": 3, \"title\": \"contact\", \"isLeaf\": false, \"isArray\": false, \"parentKey\": 2}], \"parentKey\": 1, \"arrayIndex\": null}], \"parentKey\": 0}], \"mapConditionFormValue\": {}}}]}, {\"/mapped_customer_orders_simple/clients[]/purchases[]/purchaseId\": [{\"type\": \"list\", \"source\": {\"path\": \"/customers_orders/customers[]/orders[]/orderId\", \"title\": \"orderId\", \"dataElementType\": \"string\"}, \"target\": {\"path\": \"/mapped_customer_orders_simple/clients[]/purchases[]/purchaseId\", \"order\": 6, \"title\": \"purchaseId\", \"dataElementType\": \"string\"}, \"mapCondition\": {\"isConditionSet\": false, \"sourceTreeIndex\": [{\"key\": 1, \"title\": \"customers_orders\", \"isLeaf\": false, \"isArray\": false, \"children\": [{\"key\": 2, \"title\": \"customers\", \"isLeaf\": false, \"isArray\": true, \"children\": [{\"key\": 3, \"title\": \"orders\", \"isLeaf\": false, \"isArray\": true, \"children\": [{\"key\": 4, \"title\": \"orderId\", \"isLeaf\": false, \"isArray\": false, \"parentKey\": 3}], \"parentKey\": 2, \"arrayIndex\": null}], \"parentKey\": 1, \"arrayIndex\": null}], \"parentKey\": 0}], \"targetTreeIndex\": [{\"key\": 1, \"title\": \"mapped_customer_orders_simple\", \"isLeaf\": false, \"isArray\": false, \"children\": [{\"key\": 2, \"title\": \"clients\", \"isLeaf\": false, \"isArray\": true, \"children\": [{\"key\": 3, \"title\": \"purchases\", \"isLeaf\": false, \"isArray\": true, \"children\": [{\"key\": 4, \"title\": \"purchaseId\", \"isLeaf\": false, \"isArray\": false, \"parentKey\": 3}], \"parentKey\": 2, \"arrayIndex\": null}], \"parentKey\": 1, \"arrayIndex\": null}], \"parentKey\": 0}], \"mapConditionFormValue\": {}}}]}, {\"/mapped_customer_orders_simple/clients[]/purchases[]/date\": [{\"type\": \"list\", \"source\": {\"path\": \"/customers_orders/customers[]/orders[]/orderDate\", \"title\": \"orderDate\", \"dataElementType\": \"string\"}, \"target\": {\"path\": \"/mapped_customer_orders_simple/clients[]/purchases[]/date\", \"order\": 7, \"title\": \"date\", \"dataElementType\": \"string\"}, \"mapCondition\": {\"isConditionSet\": false, \"sourceTreeIndex\": [{\"key\": 1, \"title\": \"customers_orders\", \"isLeaf\": false, \"isArray\": false, \"children\": [{\"key\": 2, \"title\": \"customers\", \"isLeaf\": false, \"isArray\": true, \"children\": [{\"key\": 3, \"title\": \"orders\", \"isLeaf\": false, \"isArray\": true, \"children\": [{\"key\": 4, \"title\": \"orderDate\", \"isLeaf\": false, \"isArray\": false, \"parentKey\": 3}], \"parentKey\": 2, \"arrayIndex\": null}], \"parentKey\": 1, \"arrayIndex\": null}], \"parentKey\": 0}], \"targetTreeIndex\": [{\"key\": 1, \"title\": \"mapped_customer_orders_simple\", \"isLeaf\": false, \"isArray\": false, \"children\": [{\"key\": 2, \"title\": \"clients\", \"isLeaf\": false, \"isArray\": true, \"children\": [{\"key\": 3, \"title\": \"purchases\", \"isLeaf\": false, \"isArray\": true, \"children\": [{\"key\": 4, \"title\": \"date\", \"isLeaf\": false, \"isArray\": false, \"parentKey\": 3}], \"parentKey\": 2, \"arrayIndex\": null}], \"parentKey\": 1, \"arrayIndex\": null}], \"parentKey\": 0}], \"mapConditionFormValue\": {}}}]}, {\"/mapped_customer_orders_simple/clients[]/purchases[]/totalAmount\": [{\"type\": \"list\", \"source\": {\"path\": \"/customers_orders/customers[]/orders[]/amount\", \"title\": \"amount\", \"dataElementType\": \"number\"}, \"target\": {\"path\": \"/mapped_customer_orders_simple/clients[]/purchases[]/totalAmount\", \"order\": 8, \"title\": \"totalAmount\", \"dataElementType\": \"number\"}, \"mapCondition\": {\"isConditionSet\": false, \"sourceTreeIndex\": [{\"key\": 1, \"title\": \"customers_orders\", \"isLeaf\": false, \"isArray\": false, \"children\": [{\"key\": 2, \"title\": \"customers\", \"isLeaf\": false, \"isArray\": true, \"children\": [{\"key\": 3, \"title\": \"orders\", \"isLeaf\": false, \"isArray\": true, \"children\": [{\"key\": 4, \"title\": \"amount\", \"isLeaf\": false, \"isArray\": false, \"parentKey\": 3}], \"parentKey\": 2, \"arrayIndex\": null}], \"parentKey\": 1, \"arrayIndex\": null}], \"parentKey\": 0}], \"targetTreeIndex\": [{\"key\": 1, \"title\": \"mapped_customer_orders_simple\", \"isLeaf\": false, \"isArray\": false, \"children\": [{\"key\": 2, \"title\": \"clients\", \"isLeaf\": false, \"isArray\": true, \"children\": [{\"key\": 3, \"title\": \"purchases\", \"isLeaf\": false, \"isArray\": true, \"children\": [{\"key\": 4, \"title\": \"totalAmount\", \"isLeaf\": false, \"isArray\": false, \"parentKey\": 3}], \"parentKey\": 2, \"arrayIndex\": null}], \"parentKey\": 1, \"arrayIndex\": null}], \"parentKey\": 0}], \"mapConditionFormValue\": {}}}]}, {\"/mapped_customer_orders_simple/clients[]/purchases[]/status\": [{\"type\": \"list\", \"source\": {\"path\": \"/customers_orders/customers[]/orders[]/status\", \"title\": \"status\", \"dataElementType\": \"string\"}, \"target\": {\"path\": \"/mapped_customer_orders_simple/clients[]/purchases[]/status\", \"order\": 9, \"title\": \"status\", \"dataElementType\": \"string\"}, \"mapCondition\": {\"isConditionSet\": false, \"sourceTreeIndex\": [{\"key\": 1, \"title\": \"customers_orders\", \"isLeaf\": false, \"isArray\": false, \"children\": [{\"key\": 2, \"title\": \"customers\", \"isLeaf\": false, \"isArray\": true, \"children\": [{\"key\": 3, \"title\": \"orders\", \"isLeaf\": false, \"isArray\": true, \"children\": [{\"key\": 4, \"title\": \"status\", \"isLeaf\": false, \"isArray\": false, \"parentKey\": 3}], \"parentKey\": 2, \"arrayIndex\": null}], \"parentKey\": 1, \"arrayIndex\": null}], \"parentKey\": 0}], \"targetTreeIndex\": [{\"key\": 1, \"title\": \"mapped_customer_orders_simple\", \"isLeaf\": false, \"isArray\": false, \"children\": [{\"key\": 2, \"title\": \"clients\", \"isLeaf\": false, \"isArray\": true, \"children\": [{\"key\": 3, \"title\": \"purchases\", \"isLeaf\": false, \"isArray\": true, \"children\": [{\"key\": 4, \"title\": \"status\", \"isLeaf\": false, \"isArray\": false, \"parentKey\": 3}], \"parentKey\": 2, \"arrayIndex\": null}], \"parentKey\": 1, \"arrayIndex\": null}], \"parentKey\": 0}], \"mapConditionFormValue\": {}}}]}], \"tracks\": {}, \"transformer\": [{\"inputs\": {\"/input/fname\": [{\"type\": \"list\", \"source\": {\"path\": \"/customers_orders/customers[]/firstName\", \"title\": \"firstName\", \"dataElementType\": \"string\"}, \"target\": {\"path\": \"/input/fname\", \"title\": \"fname\", \"dataElementType\": \"string\"}, \"mapCondition\": {\"isConditionSet\": false, \"sourceTreeIndex\": [{\"key\": 1, \"title\": \"customers_orders\", \"isLeaf\": false, \"isArray\": false, \"children\": [{\"key\": 2, \"title\": \"customers\", \"isLeaf\": false, \"isArray\": true, \"children\": [{\"key\": 3, \"title\": \"firstName\", \"isLeaf\": false, \"isArray\": false, \"parentKey\": 2}], \"parentKey\": 1, \"arrayIndex\": null}], \"parentKey\": 0}], \"targetTreeIndex\": [{\"key\": 1, \"title\": \"input\", \"isLeaf\": false, \"isArray\": false, \"children\": [{\"key\": 2, \"title\": \"fname\", \"isLeaf\": false, \"isArray\": false, \"parentKey\": 1}], \"parentKey\": 0}], \"mapConditionFormValue\": {}}}], \"/input/lname\": [{\"type\": \"list\", \"source\": {\"path\": \"/customers_orders/customers[]/lastName\", \"title\": \"lastName\", \"dataElementType\": \"string\"}, \"target\": {\"path\": \"/input/lname\", \"title\": \"lname\", \"dataElementType\": \"string\"}, \"mapCondition\": {\"isConditionSet\": false, \"sourceTreeIndex\": [{\"key\": 1, \"title\": \"customers_orders\", \"isLeaf\": false, \"isArray\": false, \"children\": [{\"key\": 2, \"title\": \"customers\", \"isLeaf\": false, \"isArray\": true, \"children\": [{\"key\": 3, \"title\": \"lastName\", \"isLeaf\": false, \"isArray\": false, \"parentKey\": 2}], \"parentKey\": 1, \"arrayIndex\": null}], \"parentKey\": 0}], \"targetTreeIndex\": [{\"key\": 1, \"title\": \"input\", \"isLeaf\": false, \"isArray\": false, \"children\": [{\"key\": 2, \"title\": \"lname\", \"isLeaf\": false, \"isArray\": false, \"parentKey\": 1}], \"parentKey\": 0}], \"mapConditionFormValue\": {}}}]}, \"outputs\": {\"/mapped_customer_orders_simple/clients[]/fullName\": [{\"type\": \"list\", \"source\": {\"path\": \"/output/fullName\", \"title\": \"fullName\", \"dataElementType\": \"string\"}, \"target\": {\"path\": \"/mapped_customer_orders_simple/clients[]/fullName\", \"order\": 3, \"title\": \"fullName\", \"dataElementType\": \"string\"}, \"mapCondition\": {\"isConditionSet\": false, \"sourceTreeIndex\": [{\"key\": 1, \"title\": \"output\", \"isLeaf\": false, \"isArray\": false, \"children\": [{\"key\": 2, \"title\": \"fullName\", \"isLeaf\": false, \"isArray\": false, \"parentKey\": 1}], \"parentKey\": 0}], \"targetTreeIndex\": [{\"key\": 1, \"title\": \"mapped_customer_orders_simple\", \"isLeaf\": false, \"isArray\": false, \"children\": [{\"key\": 2, \"title\": \"clients\", \"isLeaf\": false, \"isArray\": true, \"children\": [{\"key\": 3, \"title\": \"fullName\", \"isLeaf\": false, \"isArray\": false, \"parentKey\": 2}], \"parentKey\": 1, \"arrayIndex\": null}], \"parentKey\": 0}], \"mapConditionFormValue\": {}}}]}, \"functionInfo\": {\"id\": \"e725479a-09ec-4482-ae48-6caad0948fc8\", \"name\": \"FullName\", \"category\": {\"id\": \"b0327fc0-adc9-4d44-9c7d-761c796a7b0e\", \"name\": \"Custom\"}, \"configId\": \"e725479a-09ec-4482-ae48-6caad0948fc8\", \"referenceId\": \"4a35dcf1-a0a0-4e1f-ab6f-3ce8706e7470\", \"internalName\": \"Custom\"}}]}",
    "null" : false
  },
  "endpoint_structure_json" : {
    "type" : "jsonb",
    "value" : "{\"maps\": []}",
    "null" : false
  },
  "is_error" : false,
  "no_of_errors" : 0,
  "action_input_type" : null,
  "config_service_id" : null,
  "config_imap_id" : null,
  "config_b2b_document_type_id" : null,
  "config_document_id" : null,
  "add_variables" : {
    "type" : "jsonb",
    "value" : "[]",
    "null" : false
  },
  "drop_variables" : {
    "type" : "jsonb",
    "value" : "[]",
    "null" : false
  },
  "plug_input_structure" : null,
  "plug_output_structure" : null,
  "config_plug_id" : null,
  "override_plug" : false,
  "config_java_service_id" : null,
  "service_tag" : "V26",
  "endpoint_tag" : null,
  "config_service_tag" : "",
  "config_imap_tag" : "",
  "config_b2b_document_type_tag" : "",
  "active" : false,
  "parent_component_config_service_tag" : "V26",
  "service_project_id" : "94afffa5-622e-4445-9e23-5019119fbd0b",
  "service_project_tag" : "V26",
  "config_service_project_id" : null,
  "config_service_project_tag" : "",
  "config_imap_project_id" : null,
  "config_imap_project_tag" : "",
  "config_b2b_document_type_project_id" : null,
  "config_b2b_document_type_project_tag" : "",
  "endpoint_project_id" : null,
  "endpoint_project_tag" : null,
  "config_plug_tag" : null,
  "config_plug_project_id" : null,
  "config_plug_project_tag" : null,
  "config_java_service_tag" : "",
  "config_java_service_project_id" : null,
  "config_java_service_project_tag" : "",
  "disabled" : true,
  "config" : null,
  "config_b2b_document_type_project_mode_id" : "112c1cb8-4b9e-4d1a-a042-0bd031dc7d05",
  "config_imap_project_mode_id" : "112c1cb8-4b9e-4d1a-a042-0bd031dc7d05",
  "config_java_service_project_mode_id" : "112c1cb8-4b9e-4d1a-a042-0bd031dc7d05",
  "config_plug_project_mode_id" : "112c1cb8-4b9e-4d1a-a042-0bd031dc7d05",
  "config_service_project_mode_id" : "112c1cb8-4b9e-4d1a-a042-0bd031dc7d05",
  "endpoint_project_mode_id" : "112c1cb8-4b9e-4d1a-a042-0bd031dc7d05",
  "service_project_mode_id" : "112c1cb8-4b9e-4d1a-a042-0bd031dc7d05",
  "parent_component_config_service_project_mode_id" : "112c1cb8-4b9e-4d1a-a042-0bd031dc7d05",
  "is_audit" : true,
  "keys_with_order" : null
}