{
  "component_config_id" : "c70cb400-137f-4e92-a141-41513bde06b1",
  "endpoint_config_json" : {
    "type" : "jsonb",
    "value" : "{\"crossRef\": [], \"services\": [], \"multistep\": [], \"operations\": []}",
    "null" : false
  },
  "input_config_json" : {
    "type" : "jsonb",
    "value" : "{\"crossRef\": [], \"services\": [], \"multistep\": [], \"operations\": []}",
    "null" : false
  },
  "output_config_json" : {
    "type" : "jsonb",
    "value" : "{\"crossRef\": [], \"services\": [], \"multistep\": [], \"operations\": [{\"transformer\": {\"id\": \"bf451dbf-9e15-4509-8fb9-f1ce17708212\", \"name\": \"ADVANCED_DEDEUPLICATION\", \"type\": \"Advanced\", \"query\": null, \"inputs\": [{\"id\": \"356a9d76-6853-42ce-88f7-089734b52393\", \"root\": true, \"type\": \"list\", \"cached\": false, \"source\": \"/findPetsByStatusOutput/response[]\", \"target\": \"/ADVANCED_DEDEUPLICATION_INPUT/docList[]\", \"mapNull\": false, \"disabled\": false, \"extractXml\": false, \"extractJson\": false, \"mapEmptyString\": false}, {\"id\": \"56b2c2b5-5b54-4f03-b978-ddc1ca2aec9c\", \"root\": false, \"type\": \"setValue\", \"cached\": false, \"target\": \"/ADVANCED_DEDEUPLICATION_INPUT/keys/@{0}\", \"mapNull\": false, \"disabled\": false, \"extractXml\": false, \"extractJson\": false, \"targetValue\": \"name\", \"mapEmptyString\": false, \"targetJavaType\": \"java.lang.String\", \"variableSubstitution\": false}], \"outputs\": [{\"id\": \"70b028ec-6e34-40d2-aaf7-a625955d23f6\", \"root\": true, \"type\": \"list\", \"cached\": false, \"source\": \"/ADVANCED_DEDEUPLICATION_OUTPUT/docList[]\", \"target\": \"/PetsDedupe[]\", \"mapNull\": false, \"disabled\": false, \"extractXml\": false, \"extractJson\": false, \"targetOrder\": 1.0, \"mapEmptyString\": false}], \"tableId\": null, \"configId\": null, \"disabled\": false, \"serviceId\": null, \"expression\": null}}, {\"transformer\": {\"id\": \"afbf35e7-9ce1-4ac8-aa5f-0f8b91fb1f7f\", \"name\": \"LIST_GET_VALUE\", \"type\": \"List\", \"query\": null, \"inputs\": [{\"id\": \"049c31cc-bc4f-40ce-9981-494af12f39d1\", \"root\": true, \"type\": \"list\", \"cached\": false, \"source\": \"/findPetsByStatusOutput/response[]\", \"target\": \"/LIST_GET_VALUE_INPUT/inputList[]\", \"mapNull\": false, \"disabled\": false, \"extractXml\": false, \"extractJson\": false, \"mapEmptyString\": false}, {\"id\": \"a125550d-8162-40c2-b5af-cd7f870f510e\", \"root\": false, \"type\": \"setValue\", \"cached\": false, \"target\": \"/LIST_GET_VALUE_INPUT/key\", \"mapNull\": false, \"disabled\": false, \"extractXml\": false, \"extractJson\": false, \"targetValue\": \"name\", \"mapEmptyString\": false, \"targetJavaType\": \"java.lang.String\", \"variableSubstitution\": false}], \"outputs\": [{\"id\": \"e7dc0fc7-0c4d-4a27-91e7-9ebfcfcc58d9\", \"root\": false, \"type\": \"list\", \"cached\": false, \"source\": \"/LIST_GET_VALUE_OUTPUT/output[]\", \"target\": \"/names[]\", \"mapNull\": false, \"disabled\": false, \"extractXml\": false, \"extractJson\": false, \"targetOrder\": 1.0, \"mapEmptyString\": false, \"sourceJavaType\": \"java.lang.Object\", \"targetJavaType\": \"java.lang.String\"}], \"tableId\": null, \"configId\": null, \"disabled\": false, \"serviceId\": null, \"expression\": null}}]}",
    "null" : false
  },
  "component_id" : "8ac5fe03-27a2-4e6a-a449-6a8893818223",
  "service_id" : "5daf1677-e8a0-4865-91cb-d415ebf1b793",
  "endpoint_id" : null,
  "parent_component_config_id" : null,
  "component_config_order" : 3.0,
  "action_id" : "06843b78-eab0-45da-afab-8c8277d7553f",
  "name" : "",
  "description" : "",
  "override_endpoint" : false,
  "input_structure_json" : {
    "type" : "jsonb",
    "value" : "{\"maps\": [], \"mappedNodes\": [\"/findPetsByStatusOutput/response[] pipeIn\", \"/ADVANCED_DEDEUPLICATION_INPUT/docList[]0\", \"/ADVANCED_DEDEUPLICATION_OUTPUT/docList[]0\", \"/PetsDedupe[]pipeOut\", \"/ADVANCED_DEDEUPLICATION_INPUT/keys[]\", \"/ADVANCED_DEDEUPLICATION_INPUT\", \"/findPetsByStatusOutput/response[] pipeIn\", \"/LIST_GET_VALUE_INPUT/inputList[]1\", \"/LIST_GET_VALUE_INPUT/key\", \"/LIST_GET_VALUE_INPUT\", \"/LIST_GET_VALUE_OUTPUT/output[]1\", \"/names[]pipeOut\"]}",
    "null" : false
  },
  "output_structure_json" : {
    "type" : "jsonb",
    "value" : "{\"maps\": [], \"tracks\": {}, \"transformer\": [{\"inputs\": {\"/ADVANCED_DEDEUPLICATION_INPUT/keys[]\": [{\"type\": \"setValue\", \"target\": {\"path\": \"/ADVANCED_DEDEUPLICATION_INPUT/keys[]\", \"order\": \"\", \"title\": \"keys\", \"dataElementType\": \"stringArray\"}, \"values\": [{\"id\": \"a6565d3f-6fa3-4936-acd4-a449821907bf\", \"key\": \"/ADVANCED_DEDEUPLICATION_INPUT/keys[]\", \"type\": \"array\", \"title\": \"keys\", \"isLeaf\": false, \"secret\": false, \"children\": [{\"id\": \"76233d4c-463b-44e1-8fe6-993aabcabf09\", \"key\": 0, \"node\": {\"id\": \"a6565d3f-6fa3-4936-acd4-a449821907bf\", \"key\": \"/ADVANCED_DEDEUPLICATION_INPUT/keys[]\", \"type\": \"array\", \"title\": \"keys\", \"isLeaf\": false, \"secret\": false, \"setValue\": null, \"dataElementType\": \"stringArray\"}, \"type\": \"index\", \"title\": \"0\", \"isLeaf\": true, \"setValue\": \"\", \"uiElement\": \"name\", \"isSetValue\": false, \"dataElementType\": \"index\"}], \"setValue\": null, \"dataElementType\": \"stringArray\"}], \"mapCondition\": {\"isConditionSet\": false, \"sourceTreeIndex\": [], \"targetTreeIndex\": [], \"mapConditionFormValue\": {}}, \"variableSubstitution\": false, \"overwritePipelineValue\": false}], \"/ADVANCED_DEDEUPLICATION_INPUT/docList[]\": [{\"type\": \"list\", \"source\": {\"path\": \"/findPetsByStatusOutput/response[]\", \"title\": \"response\", \"dataElementType\": \"documentArray\"}, \"target\": {\"path\": \"/ADVANCED_DEDEUPLICATION_INPUT/docList[]\", \"title\": \"docList\", \"dataElementType\": \"documentArray\"}, \"mapCondition\": {\"isConditionSet\": false, \"sourceTreeIndex\": [{\"key\": 1, \"title\": \"findPetsByStatusOutput\", \"isLeaf\": false, \"isArray\": false, \"children\": [{\"key\": 2, \"title\": \"response[]\", \"isLeaf\": false, \"isArray\": true, \"parentKey\": 1, \"arrayIndex\": null}], \"parentKey\": 0}], \"targetTreeIndex\": [{\"key\": 1, \"title\": \"ADVANCED_DEDEUPLICATION_INPUT\", \"isLeaf\": false, \"isArray\": false, \"children\": [{\"key\": 2, \"title\": \"docList\", \"isLeaf\": false, \"isArray\": true, \"parentKey\": 1, \"arrayIndex\": null}], \"parentKey\": 0}], \"mapConditionFormValue\": {}}}]}, \"outputs\": {\"/PetsDedupe[]\": [{\"type\": \"list\", \"source\": {\"path\": \"/ADVANCED_DEDEUPLICATION_OUTPUT/docList[]\", \"title\": \"docList\", \"dataElementType\": \"documentArray\"}, \"target\": {\"path\": \"/PetsDedupe[]\", \"order\": 1, \"title\": \"PetsDedupe\", \"dataElementType\": \"documentArray\"}, \"mapCondition\": {\"isConditionSet\": false, \"sourceTreeIndex\": [{\"key\": 1, \"title\": \"ADVANCED_DEDEUPLICATION_OUTPUT\", \"isLeaf\": false, \"isArray\": false, \"children\": [{\"key\": 2, \"title\": \"docList\", \"isLeaf\": false, \"isArray\": true, \"parentKey\": 1, \"arrayIndex\": null}], \"parentKey\": 0}], \"targetTreeIndex\": [{\"key\": 1, \"title\": \"PetsDedupe[]\", \"isLeaf\": false, \"isArray\": true, \"parentKey\": 0, \"arrayIndex\": null}], \"mapConditionFormValue\": {}}}]}, \"functionInfo\": {\"id\": \"5fadc9aa-54c0-42a9-b5b9-e1e84b0a54ed\", \"name\": \"De-Duplication\", \"category\": {\"id\": \"abba5eaf-7353-4234-b15f-ef0841af9872\"}, \"internalName\": \"ADVANCED_DEDEUPLICATION\"}}, {\"inputs\": {\"/LIST_GET_VALUE_INPUT/key\": [{\"type\": \"setValue\", \"target\": {\"path\": \"/LIST_GET_VALUE_INPUT/key\", \"order\": \"\", \"title\": \"key\", \"dataElementType\": \"string\"}, \"values\": [{\"id\": \"1838e4b9-ba06-4289-8f6c-9df2e117c2f1\", \"key\": \"/LIST_GET_VALUE_INPUT/key\", \"type\": \"string\", \"title\": \"key\", \"isLeaf\": true, \"secret\": false, \"children\": [], \"setValue\": null, \"uiElement\": \"name\", \"isSetValue\": false, \"dataElementType\": \"string\"}], \"mapCondition\": {\"isConditionSet\": false, \"sourceTreeIndex\": [], \"targetTreeIndex\": [], \"mapConditionFormValue\": {}}, \"variableSubstitution\": false, \"overwritePipelineValue\": false}], \"/LIST_GET_VALUE_INPUT/inputList[]\": [{\"type\": \"list\", \"source\": {\"path\": \"/findPetsByStatusOutput/response[]\", \"title\": \"response\", \"dataElementType\": \"documentArray\"}, \"target\": {\"path\": \"/LIST_GET_VALUE_INPUT/inputList[]\", \"title\": \"inputList\", \"dataElementType\": \"documentArray\"}, \"mapCondition\": {\"isConditionSet\": false, \"sourceTreeIndex\": [{\"key\": 1, \"title\": \"findPetsByStatusOutput\", \"isLeaf\": false, \"isArray\": false, \"children\": [{\"key\": 2, \"title\": \"response[]\", \"isLeaf\": false, \"isArray\": true, \"parentKey\": 1, \"arrayIndex\": null}], \"parentKey\": 0}], \"targetTreeIndex\": [{\"key\": 1, \"title\": \"LIST_GET_VALUE_INPUT\", \"isLeaf\": false, \"isArray\": false, \"children\": [{\"key\": 2, \"title\": \"inputList\", \"isLeaf\": false, \"isArray\": true, \"parentKey\": 1, \"arrayIndex\": null}], \"parentKey\": 0}], \"mapConditionFormValue\": {}}}]}, \"outputs\": {\"/names[]\": [{\"type\": \"list\", \"source\": {\"path\": \"/LIST_GET_VALUE_OUTPUT/output[]\", \"title\": \"output\", \"dataElementType\": \"objectArray\"}, \"target\": {\"path\": \"/names[]\", \"order\": 1, \"title\": \"names\", \"dataElementType\": \"stringArray\"}, \"mapCondition\": {\"isConditionSet\": false, \"sourceTreeIndex\": [{\"key\": 1, \"title\": \"LIST_GET_VALUE_OUTPUT\", \"isLeaf\": false, \"isArray\": false, \"children\": [{\"key\": 2, \"title\": \"output\", \"isLeaf\": false, \"isArray\": true, \"parentKey\": 1, \"arrayIndex\": null}], \"parentKey\": 0}], \"targetTreeIndex\": [{\"key\": 1, \"title\": \"names[]\", \"isLeaf\": false, \"isArray\": true, \"parentKey\": 0, \"arrayIndex\": null}], \"mapConditionFormValue\": {}}}]}, \"functionInfo\": {\"id\": \"656bab27-f23f-49ff-acd1-9f8823cfdb46\", \"name\": \"GetValue\", \"category\": {\"id\": \"41a97f98-22ec-4738-9b60-e2e3bd2bc1f9\"}, \"internalName\": \"LIST_GET_VALUE\"}}]}",
    "null" : false
  },
  "endpoint_structure_json" : {
    "type" : "jsonb",
    "value" : "{\"maps\": []}",
    "null" : false
  },
  "is_error" : false,
  "no_of_errors" : 0,
  "action_input_type" : null,
  "config_service_id" : null,
  "config_imap_id" : null,
  "config_b2b_document_type_id" : null,
  "config_document_id" : null,
  "add_variables" : {
    "type" : "jsonb",
    "value" : "[{\"id\": \"142eaf48-110a-4b9f-84e6-d025798f9e9e\", \"key\": \"/PetsDedupe[]\", \"type\": \"node\", \"order\": 1, \"title\": \"PetsDedupe\", \"value\": {\"type\": \"array\"}, \"children\": [{\"id\": \"d1f49f1f-d861-429c-9cd6-a68352aa917d\", \"key\": \"/PetsDedupe[]/id\", \"type\": \"integer\", \"order\": 5, \"title\": \"id\", \"value\": {\"type\": \"integer\", \"requiredFlag\": false}, \"isLeaf\": true, \"childrenSet\": false, \"hasChildren\": false, \"dataElementType\": \"integer\", \"componentConfigId\": \"c70cb400-137f-4e92-a141-41513bde06b1\", \"componentConfigName\": \"Map\", \"encryption_required\": false}, {\"id\": \"0197699e-bf1b-4aaf-89d3-b6ec2f486a40\", \"key\": \"/PetsDedupe[]/name\", \"type\": \"string\", \"order\": 6, \"title\": \"name\", \"value\": {\"type\": \"string\", \"requiredFlag\": true}, \"isLeaf\": true, \"childrenSet\": false, \"hasChildren\": false, \"dataElementType\": \"string\", \"componentConfigId\": \"c70cb400-137f-4e92-a141-41513bde06b1\", \"componentConfigName\": \"Map\", \"encryption_required\": false}, {\"id\": \"aad51dd2-252d-402b-90f9-d5c766853148\", \"key\": \"/PetsDedupe[]/category\", \"type\": \"object\", \"order\": 7, \"title\": \"category\", \"value\": {\"type\": \"object\", \"requiredFlag\": false}, \"isLeaf\": false, \"children\": [{\"id\": \"ade293dd-6b36-4820-9200-27ef47f26658\", \"key\": \"/PetsDedupe[]/category/id\", \"type\": \"integer\", \"order\": 8, \"title\": \"id\", \"value\": {\"type\": \"integer\", \"requiredFlag\": false}, \"isLeaf\": true, \"childrenSet\": false, \"hasChildren\": false, \"dataElementType\": \"integer\", \"componentConfigId\": \"c70cb400-137f-4e92-a141-41513bde06b1\", \"componentConfigName\": \"Map\", \"encryption_required\": false}, {\"id\": \"f3672b8b-2f92-4daf-9cf1-c1bd8550e3f4\", \"key\": \"/PetsDedupe[]/category/name\", \"type\": \"string\", \"order\": 9, \"title\": \"name\", \"value\": {\"type\": \"string\", \"requiredFlag\": false}, \"isLeaf\": true, \"childrenSet\": false, \"hasChildren\": false, \"dataElementType\": \"string\", \"componentConfigId\": \"c70cb400-137f-4e92-a141-41513bde06b1\", \"componentConfigName\": \"Map\", \"encryption_required\": false}], \"childrenSet\": false, \"hasChildren\": true, \"dataElementType\": \"document\", \"componentConfigId\": \"c70cb400-137f-4e92-a141-41513bde06b1\", \"componentConfigName\": \"Map\", \"encryption_required\": false}, {\"id\": \"13a4ab00-b9de-4f8f-a065-0afeac2462da\", \"key\": \"/PetsDedupe[]/photoUrls[]\", \"type\": \"array\", \"order\": 10, \"title\": \"photoUrls\", \"value\": {\"type\": \"array\", \"requiredFlag\": true}, \"isLeaf\": false, \"childrenSet\": false, \"hasChildren\": false, \"dataElementType\": \"stringArray\", \"componentConfigId\": \"c70cb400-137f-4e92-a141-41513bde06b1\", \"componentConfigName\": \"Map\", \"encryption_required\": false}, {\"id\": \"eecae698-701a-436f-99bb-8ea28d0b38cc\", \"key\": \"/PetsDedupe[]/tags[]\", \"type\": \"array\", \"order\": 11, \"title\": \"tags\", \"value\": {\"type\": \"array\", \"requiredFlag\": false}, \"isLeaf\": false, \"children\": [{\"id\": \"d2d017ea-eae1-4bdf-be67-2b17cac778d0\", \"key\": \"/PetsDedupe[]/tags[]/id\", \"type\": \"integer\", \"order\": 12, \"title\": \"id\", \"value\": {\"type\": \"integer\", \"requiredFlag\": false}, \"isLeaf\": true, \"childrenSet\": false, \"hasChildren\": false, \"dataElementType\": \"integer\", \"componentConfigId\": \"c70cb400-137f-4e92-a141-41513bde06b1\", \"componentConfigName\": \"Map\", \"encryption_required\": false}, {\"id\": \"8f560f78-b28f-4828-93e5-3882bbcf95d5\", \"key\": \"/PetsDedupe[]/tags[]/name\", \"type\": \"string\", \"order\": 13, \"title\": \"name\", \"value\": {\"type\": \"string\", \"requiredFlag\": false}, \"isLeaf\": true, \"childrenSet\": false, \"hasChildren\": false, \"dataElementType\": \"string\", \"componentConfigId\": \"c70cb400-137f-4e92-a141-41513bde06b1\", \"componentConfigName\": \"Map\", \"encryption_required\": false}], \"childrenSet\": false, \"hasChildren\": true, \"dataElementType\": \"documentArray\", \"componentConfigId\": \"c70cb400-137f-4e92-a141-41513bde06b1\", \"componentConfigName\": \"Map\", \"encryption_required\": false}, {\"id\": \"2ff2adcf-4c50-4e9c-88fb-61e528bcd270\", \"key\": \"/PetsDedupe[]/status\", \"type\": \"string\", \"order\": 14, \"title\": \"status\", \"value\": {\"type\": \"string\", \"_enum\": [\"sold\", \"pending\", \"available\"], \"requiredFlag\": false}, \"isLeaf\": true, \"childrenSet\": false, \"hasChildren\": false, \"dataElementType\": \"string\", \"componentConfigId\": \"c70cb400-137f-4e92-a141-41513bde06b1\", \"componentConfigName\": \"Map\", \"encryption_required\": false}], \"editAllow\": true, \"componentName\": \"\", \"dataElementType\": \"documentArray\", \"componentConfigId\": \"c70cb400-137f-4e92-a141-41513bde06b1\", \"componentConfigName\": \"Map\"}, {\"id\": \"d3a6ca53-e454-4958-bef2-8d346fea72cf\", \"key\": \"/names[]\", \"type\": \"node\", \"order\": 1, \"title\": \"names\", \"value\": {\"type\": \"array\"}, \"children\": [], \"editAllow\": true, \"componentName\": \"\", \"dataElementType\": \"stringArray\", \"componentConfigId\": \"c70cb400-137f-4e92-a141-41513bde06b1\", \"componentConfigName\": \"Map\"}]",
    "null" : false
  },
  "drop_variables" : {
    "type" : "jsonb",
    "value" : "[]",
    "null" : false
  },
  "plug_input_structure" : null,
  "plug_output_structure" : null,
  "config_plug_id" : null,
  "override_plug" : false,
  "config_java_service_id" : null,
  "service_tag" : "V26",
  "endpoint_tag" : "EMPTY",
  "config_service_tag" : "EMPTY",
  "config_imap_tag" : "EMPTY",
  "config_b2b_document_type_tag" : "EMPTY",
  "active" : false,
  "parent_component_config_service_tag" : "V26",
  "service_project_id" : "94afffa5-622e-4445-9e23-5019119fbd0b",
  "service_project_tag" : "V26",
  "config_service_project_id" : null,
  "config_service_project_tag" : "EMPTY",
  "config_imap_project_id" : null,
  "config_imap_project_tag" : "EMPTY",
  "config_b2b_document_type_project_id" : null,
  "config_b2b_document_type_project_tag" : "EMPTY",
  "endpoint_project_id" : null,
  "endpoint_project_tag" : "EMPTY",
  "config_plug_tag" : "EMPTY",
  "config_plug_project_id" : null,
  "config_plug_project_tag" : "EMPTY",
  "config_java_service_tag" : "EMPTY",
  "config_java_service_project_id" : null,
  "config_java_service_project_tag" : "EMPTY",
  "disabled" : false,
  "config" : null,
  "config_b2b_document_type_project_mode_id" : "112c1cb8-4b9e-4d1a-a042-0bd031dc7d05",
  "config_imap_project_mode_id" : "112c1cb8-4b9e-4d1a-a042-0bd031dc7d05",
  "config_java_service_project_mode_id" : "112c1cb8-4b9e-4d1a-a042-0bd031dc7d05",
  "config_plug_project_mode_id" : "112c1cb8-4b9e-4d1a-a042-0bd031dc7d05",
  "config_service_project_mode_id" : "112c1cb8-4b9e-4d1a-a042-0bd031dc7d05",
  "endpoint_project_mode_id" : "112c1cb8-4b9e-4d1a-a042-0bd031dc7d05",
  "service_project_mode_id" : "112c1cb8-4b9e-4d1a-a042-0bd031dc7d05",
  "parent_component_config_service_project_mode_id" : "112c1cb8-4b9e-4d1a-a042-0bd031dc7d05",
  "is_audit" : true,
  "keys_with_order" : null
}