{
  "component_config_id" : "d771e34d-8168-4312-8705-9bed089219e8",
  "endpoint_config_json" : {
    "type" : "jsonb",
    "value" : "{\"crossRef\": [], \"services\": [], \"multistep\": [], \"operations\": []}",
    "null" : false
  },
  "input_config_json" : {
    "type" : "jsonb",
    "value" : "{\"crossRef\": [], \"services\": [], \"multistep\": [], \"operations\": []}",
    "null" : false
  },
  "output_config_json" : {
    "type" : "jsonb",
    "value" : "{\"crossRef\": [], \"services\": [], \"multistep\": [], \"operations\": [{\"transformer\": {\"id\": \"d5cd284a-0981-463d-9c0a-18e1c9cba184\", \"name\": \"ADVANCED_AGGREGATION\", \"type\": \"Advanced\", \"query\": null, \"inputs\": [{\"id\": \"9a985471-b352-4ed5-a5c6-50708d45c7c1\", \"root\": true, \"type\": \"list\", \"cached\": false, \"source\": \"/employeeSalary/employees[]\", \"target\": \"/ADVANCED_AGGREGATION_INPUT/inputList/@{0}/docList[]\", \"mapNull\": false, \"disabled\": false, \"extractXml\": false, \"extractJson\": false, \"mapEmptyString\": false}, {\"id\": \"4f150264-f584-409a-af43-b91a54d40375\", \"root\": false, \"type\": \"map\", \"cached\": false, \"config\": {\"keys\": [{\"fields\": [\"department\"]}], \"outputKeys\": [{\"key\": \"department\"}, {\"key\": \"employeeId\", \"function\": \"Count\", \"customKey\": \"count\"}, {\"key\": \"salary\", \"function\": \"Sum\", \"customKey\": \"salaryTotal\"}]}, \"mapNull\": false, \"disabled\": false, \"extractXml\": false, \"extractJson\": false, \"mapEmptyString\": false}], \"outputs\": [{\"id\": \"f5bd2512-79e5-4c1a-8da3-94fcfe91a9b9\", \"root\": true, \"type\": \"list\", \"cached\": false, \"source\": \"/ADVANCED_AGGREGATION_OUTPUT/outputList[]\", \"target\": \"/Aggregation[]\", \"mapNull\": false, \"disabled\": false, \"extractXml\": false, \"extractJson\": false, \"targetOrder\": 1.0, \"mapEmptyString\": false}], \"tableId\": null, \"configId\": null, \"disabled\": false, \"serviceId\": null, \"expression\": null}}]}",
    "null" : false
  },
  "component_id" : "8ac5fe03-27a2-4e6a-a449-6a8893818223",
  "service_id" : "9a5031ef-6112-47ef-ae57-47d8e8159ddf",
  "endpoint_id" : null,
  "parent_component_config_id" : null,
  "component_config_order" : 4.0,
  "action_id" : "06843b78-eab0-45da-afab-8c8277d7553f",
  "name" : null,
  "description" : "",
  "override_endpoint" : false,
  "input_structure_json" : {
    "type" : "jsonb",
    "value" : "{\"maps\": [], \"mappedNodes\": [\"/employeeSalary/employees[] pipeIn\", \"/ADVANCED_AGGREGATION_INPUT/inputList[]/docList[]0\", \"/ADVANCED_AGGREGATION_OUTPUT/outputList[]0\", \"/Aggregation[]pipeOut\"]}",
    "null" : false
  },
  "output_structure_json" : {
    "type" : "jsonb",
    "value" : "{\"maps\": [], \"tracks\": {}, \"transformer\": [{\"inputs\": {\"/ADVANCED_AGGREGATION_INPUT/config\": [{\"txConfig\": {\"output\": [{\"id\": \"c5f002af-e81c-437e-848e-016a41358198\", \"paths\": [\"%{department}%\"], \"applyFx\": false, \"keyName\": false, \"function\": null, \"keyValue\": null, \"outputField\": \"department\", \"isTreeChecked\": false, \"dataElementType\": \"string\"}, {\"id\": \"fe537518-c700-419d-b2a2-36a14faca1c3\", \"paths\": [\"%{employeeId}%\"], \"applyFx\": true, \"keyName\": true, \"function\": \"Count\", \"keyValue\": \"count\", \"outputField\": \"employeeId\", \"isTreeChecked\": false, \"dataElementType\": \"integer\"}, {\"id\": \"1846fb23-2f40-4e15-b94c-1c217f58ad51\", \"paths\": [\"%{salary}%\"], \"applyFx\": true, \"keyName\": true, \"function\": \"Sum\", \"keyValue\": \"salaryTotal\", \"outputField\": \"salary\", \"isTreeChecked\": false, \"dataElementType\": \"integer\"}], \"groupBy\": [{\"id\": \"7e9d6c3d-1225-49a9-8110-1532d98ed683\", \"paths\": [\"%{department}%\"], \"fields\": [\"department\"], \"isTreeChecked\": false, \"selectedField\": null, \"dataElementType\": \"string\"}]}}], \"/ADVANCED_AGGREGATION_INPUT/inputList[]/docList[]\": [{\"type\": \"list\", \"source\": {\"path\": \"/employeeSalary/employees[]\", \"title\": \"employees\", \"dataElementType\": \"documentArray\"}, \"target\": {\"path\": \"/ADVANCED_AGGREGATION_INPUT/inputList[]/docList[]\", \"title\": \"docList\", \"dataElementType\": \"documentArray\"}, \"mapCondition\": {\"defaultValue\": null, \"isConditionSet\": false, \"sourceTreeIndex\": [{\"key\": 1, \"title\": \"employeeSalary\", \"isLeaf\": false, \"isArray\": false, \"children\": [{\"key\": 2, \"title\": \"employees[]\", \"isLeaf\": false, \"isArray\": true, \"expanded\": true, \"parentKey\": 1, \"arrayIndex\": null}], \"expanded\": true, \"parentKey\": 0}], \"targetTreeIndex\": [{\"key\": 1, \"title\": \"ADVANCED_AGGREGATION_INPUT\", \"isLeaf\": false, \"isArray\": false, \"children\": [{\"key\": 2, \"title\": \"inputList\", \"isLeaf\": false, \"isArray\": true, \"children\": [{\"key\": 3, \"title\": \"docList\", \"isLeaf\": false, \"isArray\": true, \"expanded\": true, \"parentKey\": 2, \"arrayIndex\": null}], \"expanded\": true, \"selected\": true, \"parentKey\": 1, \"arrayIndex\": 0}], \"expanded\": true, \"parentKey\": 0}], \"mapConditionFormValue\": {\"fields\": []}}}]}, \"outputs\": {\"/Aggregation[]\": [{\"type\": \"list\", \"source\": {\"path\": \"/ADVANCED_AGGREGATION_OUTPUT/outputList[]\", \"title\": \"outputList\", \"dataElementType\": \"documentArray\"}, \"target\": {\"path\": \"/Aggregation[]\", \"order\": 1, \"title\": \"Aggregation\", \"dataElementType\": \"documentArray\"}, \"mapCondition\": {\"isConditionSet\": false, \"sourceTreeIndex\": [{\"key\": 1, \"title\": \"ADVANCED_AGGREGATION_OUTPUT\", \"isLeaf\": false, \"isArray\": false, \"children\": [{\"key\": 2, \"title\": \"outputList\", \"isLeaf\": false, \"isArray\": true, \"parentKey\": 1, \"arrayIndex\": null}], \"parentKey\": 0}], \"targetTreeIndex\": [{\"key\": 1, \"title\": \"Aggregation[]\", \"isLeaf\": false, \"isArray\": true, \"parentKey\": 0, \"arrayIndex\": null}], \"mapConditionFormValue\": {}}}]}, \"functionInfo\": {\"id\": \"f9e5104d-88d8-499b-84fb-3fa75993a131\", \"name\": \"Aggregation\", \"category\": {\"id\": \"abba5eaf-7353-4234-b15f-ef0841af9872\"}, \"internalName\": \"ADVANCED_AGGREGATION\"}}]}",
    "null" : false
  },
  "endpoint_structure_json" : {
    "type" : "jsonb",
    "value" : "{\"maps\": []}",
    "null" : false
  },
  "is_error" : false,
  "no_of_errors" : 0,
  "action_input_type" : null,
  "config_service_id" : null,
  "config_imap_id" : null,
  "config_b2b_document_type_id" : null,
  "config_document_id" : null,
  "add_variables" : {
    "type" : "jsonb",
    "value" : "[{\"id\": \"b34e457a-ef1e-403e-b4af-1f33090b35f7\", \"key\": \"/Aggregation[]\", \"type\": \"node\", \"order\": 1, \"title\": \"Aggregation\", \"value\": {}, \"children\": [{\"id\": \"0a29c5c5-100d-46b1-93ba-2c76e65349d2\", \"key\": \"/Aggregation[]/department\", \"type\": \"string\", \"order\": 2, \"title\": \"department\", \"value\": {\"type\": \"string\", \"requiredFlag\": false}, \"isLeaf\": true, \"children\": [], \"hasChildren\": false, \"dataElementType\": \"string\", \"componentConfigId\": \"d771e34d-8168-4312-8705-9bed089219e8\", \"componentConfigName\": \"Map\"}, {\"id\": \"bd4c8da2-5185-4516-ab36-db8032f4348c\", \"key\": \"/Aggregation[]/count\", \"type\": \"integer\", \"order\": 3, \"title\": \"count\", \"value\": {\"type\": \"integer\", \"requiredFlag\": false}, \"isLeaf\": true, \"children\": [], \"hasChildren\": false, \"dataElementType\": \"integer\", \"componentConfigId\": \"d771e34d-8168-4312-8705-9bed089219e8\", \"componentConfigName\": \"Map\"}, {\"id\": \"fa120600-02d4-4f05-b255-ff4de64edb88\", \"key\": \"/Aggregation[]/salaryTotal\", \"type\": \"integer\", \"order\": 4, \"title\": \"salaryTotal\", \"value\": {\"type\": \"integer\", \"requiredFlag\": false}, \"isLeaf\": true, \"children\": [], \"hasChildren\": false, \"dataElementType\": \"integer\", \"componentConfigId\": \"d771e34d-8168-4312-8705-9bed089219e8\", \"componentConfigName\": \"Map\"}], \"editAllow\": true, \"dataElementType\": \"documentArray\", \"componentConfigId\": \"d771e34d-8168-4312-8705-9bed089219e8\", \"componentConfigName\": \"Map\"}]",
    "null" : false
  },
  "drop_variables" : {
    "type" : "jsonb",
    "value" : "[]",
    "null" : false
  },
  "plug_input_structure" : null,
  "plug_output_structure" : null,
  "config_plug_id" : null,
  "override_plug" : false,
  "config_java_service_id" : null,
  "service_tag" : "V26",
  "endpoint_tag" : null,
  "config_service_tag" : "",
  "config_imap_tag" : "",
  "config_b2b_document_type_tag" : "",
  "active" : false,
  "parent_component_config_service_tag" : "V26",
  "service_project_id" : "94afffa5-622e-4445-9e23-5019119fbd0b",
  "service_project_tag" : "V26",
  "config_service_project_id" : null,
  "config_service_project_tag" : "",
  "config_imap_project_id" : null,
  "config_imap_project_tag" : "",
  "config_b2b_document_type_project_id" : null,
  "config_b2b_document_type_project_tag" : "",
  "endpoint_project_id" : null,
  "endpoint_project_tag" : null,
  "config_plug_tag" : null,
  "config_plug_project_id" : null,
  "config_plug_project_tag" : null,
  "config_java_service_tag" : "",
  "config_java_service_project_id" : null,
  "config_java_service_project_tag" : "",
  "disabled" : false,
  "config" : null,
  "config_b2b_document_type_project_mode_id" : "112c1cb8-4b9e-4d1a-a042-0bd031dc7d05",
  "config_imap_project_mode_id" : "112c1cb8-4b9e-4d1a-a042-0bd031dc7d05",
  "config_java_service_project_mode_id" : "112c1cb8-4b9e-4d1a-a042-0bd031dc7d05",
  "config_plug_project_mode_id" : "112c1cb8-4b9e-4d1a-a042-0bd031dc7d05",
  "config_service_project_mode_id" : "112c1cb8-4b9e-4d1a-a042-0bd031dc7d05",
  "endpoint_project_mode_id" : "112c1cb8-4b9e-4d1a-a042-0bd031dc7d05",
  "service_project_mode_id" : "112c1cb8-4b9e-4d1a-a042-0bd031dc7d05",
  "parent_component_config_service_project_mode_id" : "112c1cb8-4b9e-4d1a-a042-0bd031dc7d05",
  "is_audit" : true,
  "keys_with_order" : null
}