{
  "component_config_id" : "73836602-4815-4217-b591-ccbb9da0c7f3",
  "endpoint_config_json" : {
    "type" : "jsonb",
    "value" : "{\"crossRef\": [], \"services\": [], \"multistep\": [], \"operations\": []}",
    "null" : false
  },
  "input_config_json" : {
    "type" : "jsonb",
    "value" : "{\"crossRef\": [], \"services\": [], \"multistep\": [], \"operations\": []}",
    "null" : false
  },
  "output_config_json" : {
    "type" : "jsonb",
    "value" : "{\"crossRef\": [], \"services\": [], \"multistep\": [], \"operations\": [{\"map\": {\"id\": \"e6ec4350-e3a7-42bf-9ec7-304ce2405cb7\", \"root\": false, \"type\": \"setValue\", \"cached\": false, \"target\": \"/limitDefault\", \"mapNull\": false, \"disabled\": false, \"extractXml\": false, \"extractJson\": false, \"targetOrder\": 1.0, \"targetValue\": \"10\", \"mapEmptyString\": false, \"targetJavaType\": \"java.lang.Integer\", \"variableSubstitution\": false}}, {\"map\": {\"id\": \"02c03721-1e4d-42ee-8147-59fcb4e4e333\", \"root\": false, \"type\": \"setValue\", \"cached\": false, \"target\": \"/offsetDefault\", \"mapNull\": false, \"disabled\": false, \"extractXml\": false, \"extractJson\": false, \"targetOrder\": 1.0, \"targetValue\": \"0\", \"mapEmptyString\": false, \"targetJavaType\": \"java.lang.Integer\", \"variableSubstitution\": false}}]}",
    "null" : false
  },
  "component_id" : "8ac5fe03-27a2-4e6a-a449-6a8893818223",
  "service_id" : "007ac044-426d-4041-b892-9fb8d951619a",
  "endpoint_id" : null,
  "parent_component_config_id" : null,
  "component_config_order" : 0.5,
  "action_id" : "06843b78-eab0-45da-afab-8c8277d7553f",
  "name" : "Declare vars",
  "description" : "",
  "override_endpoint" : false,
  "input_structure_json" : {
    "type" : "jsonb",
    "value" : "{\"maps\": [], \"mappedNodes\": [\"/limitDefaultpipeOut\", \"/offsetDefaultpipeOut\"]}",
    "null" : false
  },
  "output_structure_json" : {
    "type" : "jsonb",
    "value" : "{\"maps\": [{\"/limitDefault\": [{\"type\": \"setValue\", \"order\": 1, \"target\": {\"path\": \"/limitDefault\", \"order\": 1, \"title\": \"limitDefault\", \"dataElementType\": \"integer\"}, \"values\": [{\"id\": \"9a115a5b-349e-45b4-a12b-1b9d8cf1008a\", \"key\": \"/limitDefault\", \"type\": \"node\", \"order\": 1, \"title\": \"limitDefault\", \"children\": [], \"setValue\": null, \"editAllow\": true, \"uiElement\": \"10\", \"isSetValue\": false, \"dataElementType\": \"integer\", \"componentConfigId\": \"73836602-4815-4217-b591-ccbb9da0c7f3\", \"componentConfigName\": \"Map\"}], \"mapCondition\": {\"isConditionSet\": false, \"sourceTreeIndex\": [], \"targetTreeIndex\": [], \"mapConditionFormValue\": {}}, \"dataElementType\": \"integer\", \"variableSubstitution\": false, \"overwritePipelineValue\": false}]}, {\"/offsetDefault\": [{\"type\": \"setValue\", \"order\": 1, \"target\": {\"path\": \"/offsetDefault\", \"order\": 1, \"title\": \"offsetDefault\", \"dataElementType\": \"integer\"}, \"values\": [{\"id\": \"0b7c0c83-d9b8-4965-bec2-36296ef49efb\", \"key\": \"/offsetDefault\", \"type\": \"node\", \"order\": 1, \"title\": \"offsetDefault\", \"children\": [], \"setValue\": null, \"editAllow\": true, \"uiElement\": \"0\", \"isSetValue\": false, \"dataElementType\": \"integer\", \"componentConfigId\": \"73836602-4815-4217-b591-ccbb9da0c7f3\", \"componentConfigName\": \"Map\"}], \"mapCondition\": {\"isConditionSet\": false, \"sourceTreeIndex\": [], \"targetTreeIndex\": [], \"mapConditionFormValue\": {}}, \"dataElementType\": \"integer\", \"variableSubstitution\": false, \"overwritePipelineValue\": false}]}], \"transformer\": []}",
    "null" : false
  },
  "endpoint_structure_json" : {
    "type" : "jsonb",
    "value" : "{\"maps\": []}",
    "null" : false
  },
  "is_error" : false,
  "no_of_errors" : 0,
  "action_input_type" : null,
  "config_service_id" : null,
  "config_imap_id" : null,
  "config_b2b_document_type_id" : null,
  "config_document_id" : null,
  "add_variables" : {
    "type" : "jsonb",
    "value" : "[{\"id\": \"db931f1b-8c31-47a5-bc5c-f914d917aa99\", \"key\": \"/200Response\", \"type\": \"node\", \"order\": 1, \"title\": \"200Response\", \"value\": {}, \"children\": [{\"id\": \"67cda43d-2745-43ac-a101-e1718fe15ff8\", \"key\": \"/200Response/limit\", \"type\": \"node\", \"order\": 1, \"title\": \"limit\", \"value\": {\"type\": \"integer\"}, \"isLeaf\": true, \"editAllow\": true, \"extractXml\": false, \"childrenSet\": false, \"extractJson\": true, \"hasChildren\": false, \"dataElementType\": \"integer\", \"componentConfigId\": \"73836602-4815-4217-b591-ccbb9da0c7f3\", \"encryption_required\": false}, {\"id\": \"42118429-f91f-4413-b37c-2933f2afef52\", \"key\": \"/200Response/offset\", \"type\": \"node\", \"order\": 2, \"title\": \"offset\", \"value\": {\"type\": \"integer\"}, \"isLeaf\": true, \"editAllow\": true, \"extractXml\": false, \"childrenSet\": false, \"extractJson\": true, \"hasChildren\": false, \"dataElementType\": \"integer\", \"componentConfigId\": \"73836602-4815-4217-b591-ccbb9da0c7f3\", \"encryption_required\": false}, {\"id\": \"72e1b393-0b0c-47e5-af81-3c928648d4ad\", \"key\": \"/200Response/total\", \"type\": \"node\", \"order\": 3, \"title\": \"total\", \"value\": {\"type\": \"integer\"}, \"isLeaf\": true, \"editAllow\": true, \"extractXml\": false, \"childrenSet\": false, \"extractJson\": true, \"hasChildren\": false, \"dataElementType\": \"integer\", \"componentConfigId\": \"73836602-4815-4217-b591-ccbb9da0c7f3\", \"encryption_required\": false}, {\"id\": \"d84eb4a8-053f-48a3-a34f-8348b767d087\", \"key\": \"/200Response/employees[]\", \"type\": \"node\", \"order\": 4, \"title\": \"employees\", \"value\": {\"type\": \"array\"}, \"isLeaf\": false, \"children\": [{\"id\": \"b96ee250-e968-48e8-b3ca-3e5e3c57eb12\", \"key\": \"/200Response/employees[]/id\", \"type\": \"node\", \"order\": 5, \"title\": \"id\", \"value\": {\"type\": \"integer\"}, \"isLeaf\": true, \"editAllow\": true, \"extractXml\": false, \"childrenSet\": false, \"extractJson\": true, \"hasChildren\": false, \"dataElementType\": \"integer\", \"componentConfigId\": \"73836602-4815-4217-b591-ccbb9da0c7f3\", \"encryption_required\": false}, {\"id\": \"81ab7f4a-a91b-4491-ada1-781261383c4e\", \"key\": \"/200Response/employees[]/first_name\", \"type\": \"node\", \"order\": 6, \"title\": \"first_name\", \"value\": {\"type\": \"string\"}, \"isLeaf\": true, \"editAllow\": true, \"extractXml\": false, \"childrenSet\": false, \"extractJson\": true, \"hasChildren\": false, \"dataElementType\": \"string\", \"componentConfigId\": \"73836602-4815-4217-b591-ccbb9da0c7f3\", \"encryption_required\": false}, {\"id\": \"be394ea7-4f58-4bd8-b6a2-8da60d8f225d\", \"key\": \"/200Response/employees[]/last_name\", \"type\": \"node\", \"order\": 7, \"title\": \"last_name\", \"value\": {\"type\": \"string\"}, \"isLeaf\": true, \"editAllow\": true, \"extractXml\": false, \"childrenSet\": false, \"extractJson\": true, \"hasChildren\": false, \"dataElementType\": \"string\", \"componentConfigId\": \"73836602-4815-4217-b591-ccbb9da0c7f3\", \"encryption_required\": false}, {\"id\": \"7299c5a1-3a91-4505-9f56-448c2f81cc7f\", \"key\": \"/200Response/employees[]/email\", \"type\": \"node\", \"order\": 8, \"title\": \"email\", \"value\": {\"type\": \"string\"}, \"isLeaf\": true, \"editAllow\": true, \"extractXml\": false, \"childrenSet\": false, \"extractJson\": true, \"hasChildren\": false, \"dataElementType\": \"string\", \"componentConfigId\": \"73836602-4815-4217-b591-ccbb9da0c7f3\", \"encryption_required\": false}, {\"id\": \"7a60a3ba-0105-4dbc-9093-8d12ed008a15\", \"key\": \"/200Response/employees[]/gender\", \"type\": \"node\", \"order\": 9, \"title\": \"gender\", \"value\": {\"type\": \"string\"}, \"isLeaf\": true, \"editAllow\": true, \"extractXml\": false, \"childrenSet\": false, \"extractJson\": true, \"hasChildren\": false, \"dataElementType\": \"string\", \"componentConfigId\": \"73836602-4815-4217-b591-ccbb9da0c7f3\", \"encryption_required\": false}, {\"id\": \"f5931f83-5fbd-415f-84bc-4fe6f64d7f76\", \"key\": \"/200Response/employees[]/job_title\", \"type\": \"node\", \"order\": 10, \"title\": \"job_title\", \"value\": {\"type\": \"string\"}, \"isLeaf\": true, \"editAllow\": true, \"extractXml\": false, \"childrenSet\": false, \"extractJson\": true, \"hasChildren\": false, \"dataElementType\": \"string\", \"componentConfigId\": \"73836602-4815-4217-b591-ccbb9da0c7f3\", \"encryption_required\": false}, {\"id\": \"d744f912-90e5-488c-9d7f-a528fade3748\", \"key\": \"/200Response/employees[]/state\", \"type\": \"node\", \"order\": 11, \"title\": \"state\", \"value\": {\"type\": \"string\"}, \"isLeaf\": true, \"editAllow\": true, \"extractXml\": false, \"childrenSet\": false, \"extractJson\": true, \"hasChildren\": false, \"dataElementType\": \"string\", \"componentConfigId\": \"73836602-4815-4217-b591-ccbb9da0c7f3\", \"encryption_required\": false}, {\"id\": \"9b6b4688-02e5-4c61-b58a-6654dbad6392\", \"key\": \"/200Response/employees[]/city\", \"type\": \"node\", \"order\": 12, \"title\": \"city\", \"value\": {\"type\": \"string\"}, \"isLeaf\": true, \"editAllow\": true, \"extractXml\": false, \"childrenSet\": false, \"extractJson\": true, \"hasChildren\": false, \"dataElementType\": \"string\", \"componentConfigId\": \"73836602-4815-4217-b591-ccbb9da0c7f3\", \"encryption_required\": false}], \"editAllow\": true, \"extractXml\": false, \"childrenSet\": false, \"extractJson\": true, \"hasChildren\": false, \"dataElementType\": \"documentArray\", \"componentConfigId\": \"73836602-4815-4217-b591-ccbb9da0c7f3\", \"encryption_required\": false}], \"editAllow\": true, \"extractXml\": false, \"extractJson\": true, \"componentName\": \"Declare vars\", \"dataElementType\": \"document\", \"componentConfigId\": \"73836602-4815-4217-b591-ccbb9da0c7f3\", \"componentConfigName\": \"Map\"}, {\"id\": \"5761dbbc-6fc4-4995-8b1b-d485dfbd944f\", \"key\": \"/limitDefault\", \"type\": \"node\", \"order\": 1, \"title\": \"limitDefault\", \"value\": {\"type\": \"number\"}, \"children\": [], \"editAllow\": true, \"componentName\": \"Declare vars\", \"dataElementType\": \"integer\", \"componentConfigId\": \"73836602-4815-4217-b591-ccbb9da0c7f3\", \"componentConfigName\": \"Map\"}, {\"id\": \"5b4dde29-8d9f-45d3-a041-d67da6d23e11\", \"key\": \"/offsetDefault\", \"type\": \"node\", \"order\": 1, \"title\": \"offsetDefault\", \"value\": {\"type\": \"number\"}, \"children\": [], \"editAllow\": true, \"componentName\": \"Declare vars\", \"dataElementType\": \"integer\", \"componentConfigId\": \"73836602-4815-4217-b591-ccbb9da0c7f3\", \"componentConfigName\": \"Map\"}, {\"id\": \"4d14308b-19cc-444d-87ef-54fc36ffeffc\", \"key\": \"/limit\", \"type\": \"node\", \"order\": 1, \"title\": \"limit\", \"value\": {\"type\": \"number\"}, \"children\": [], \"editAllow\": true, \"componentName\": \"Declare vars\", \"dataElementType\": \"integer\", \"componentConfigId\": \"73836602-4815-4217-b591-ccbb9da0c7f3\", \"componentConfigName\": \"Map\"}, {\"id\": \"2f6387cf-9f42-4bd9-a8a1-fea2ff351ff0\", \"key\": \"/offset\", \"type\": \"node\", \"order\": 1, \"title\": \"offset\", \"value\": {\"type\": \"number\"}, \"children\": [], \"editAllow\": true, \"componentName\": \"Declare vars\", \"dataElementType\": \"integer\", \"componentConfigId\": \"73836602-4815-4217-b591-ccbb9da0c7f3\", \"componentConfigName\": \"Map\"}]",
    "null" : false
  },
  "drop_variables" : {
    "type" : "jsonb",
    "value" : "[]",
    "null" : false
  },
  "plug_input_structure" : null,
  "plug_output_structure" : null,
  "config_plug_id" : null,
  "override_plug" : false,
  "config_java_service_id" : null,
  "service_tag" : "V26",
  "endpoint_tag" : "EMPTY",
  "config_service_tag" : "EMPTY",
  "config_imap_tag" : "EMPTY",
  "config_b2b_document_type_tag" : "EMPTY",
  "active" : false,
  "parent_component_config_service_tag" : "V26",
  "service_project_id" : "94afffa5-622e-4445-9e23-5019119fbd0b",
  "service_project_tag" : "V26",
  "config_service_project_id" : null,
  "config_service_project_tag" : "EMPTY",
  "config_imap_project_id" : null,
  "config_imap_project_tag" : "EMPTY",
  "config_b2b_document_type_project_id" : null,
  "config_b2b_document_type_project_tag" : "EMPTY",
  "endpoint_project_id" : null,
  "endpoint_project_tag" : "EMPTY",
  "config_plug_tag" : "EMPTY",
  "config_plug_project_id" : null,
  "config_plug_project_tag" : "EMPTY",
  "config_java_service_tag" : "EMPTY",
  "config_java_service_project_id" : null,
  "config_java_service_project_tag" : "EMPTY",
  "disabled" : false,
  "config" : null,
  "config_b2b_document_type_project_mode_id" : "112c1cb8-4b9e-4d1a-a042-0bd031dc7d05",
  "config_imap_project_mode_id" : "112c1cb8-4b9e-4d1a-a042-0bd031dc7d05",
  "config_java_service_project_mode_id" : "112c1cb8-4b9e-4d1a-a042-0bd031dc7d05",
  "config_plug_project_mode_id" : "112c1cb8-4b9e-4d1a-a042-0bd031dc7d05",
  "config_service_project_mode_id" : "112c1cb8-4b9e-4d1a-a042-0bd031dc7d05",
  "endpoint_project_mode_id" : "112c1cb8-4b9e-4d1a-a042-0bd031dc7d05",
  "service_project_mode_id" : "112c1cb8-4b9e-4d1a-a042-0bd031dc7d05",
  "parent_component_config_service_project_mode_id" : "112c1cb8-4b9e-4d1a-a042-0bd031dc7d05",
  "is_audit" : true,
  "keys_with_order" : null
}