{
  "component_config_id" : "699c89ca-7f12-4f32-a0df-d234324dbb14",
  "endpoint_config_json" : {
    "type" : "jsonb",
    "value" : "{\"crossRef\": [], \"services\": [], \"multistep\": [], \"operations\": []}",
    "null" : false
  },
  "input_config_json" : {
    "type" : "jsonb",
    "value" : "{\"crossRef\": [], \"services\": [], \"multistep\": [], \"operations\": [{\"map\": {\"id\": \"7460038f-d523-4291-95a4-a4e2757d75b7\", \"root\": false, \"type\": \"map\", \"cached\": false, \"source\": \"/limit\", \"target\": \"/Employees2SelectOffsetLimitInput/parameters[]/limit\", \"mapNull\": false, \"disabled\": false, \"extractXml\": false, \"extractJson\": false, \"targetOrder\": 1.0, \"mapEmptyString\": false, \"sourceJavaType\": \"java.lang.Integer\", \"targetJavaType\": \"java.lang.Integer\"}}, {\"map\": {\"id\": \"ec69d536-a41a-4311-9889-02104dab9cff\", \"root\": false, \"type\": \"map\", \"cached\": false, \"source\": \"/offset\", \"target\": \"/Employees2SelectOffsetLimitInput/parameters[]/offset\", \"mapNull\": false, \"disabled\": false, \"extractXml\": false, \"extractJson\": false, \"targetOrder\": 1.0, \"mapEmptyString\": false, \"sourceJavaType\": \"java.lang.Integer\", \"targetJavaType\": \"java.lang.Integer\"}}]}",
    "null" : false
  },
  "output_config_json" : {
    "type" : "jsonb",
    "value" : "{\"crossRef\": [], \"services\": [], \"multistep\": [], \"operations\": [{\"map\": {\"id\": \"5bd396d4-00a9-4f47-9a23-7f4894597e81\", \"root\": true, \"type\": \"map\", \"cached\": false, \"source\": \"/Employees2SelectOffsetLimitOutput\", \"target\": \"/Employees2SelectOffsetLimitOutput\", \"mapNull\": false, \"disabled\": false, \"extractXml\": false, \"extractJson\": false, \"mapEmptyString\": false}}]}",
    "null" : false
  },
  "component_id" : "dc16ccf6-67f4-4135-95ca-42e055af53c4",
  "service_id" : "007ac044-426d-4041-b892-9fb8d951619a",
  "endpoint_id" : "ecf90047-17bc-45a0-86c8-3e5a36d04d91",
  "parent_component_config_id" : null,
  "component_config_order" : 1.0,
  "action_id" : "e12c41a9-992a-41fd-b611-1deca6ef4b57",
  "name" : "Get employees with offset and limit",
  "description" : "",
  "override_endpoint" : false,
  "input_structure_json" : {
    "type" : "jsonb",
    "value" : "{\"maps\": [{\"/Employees2SelectOffsetLimitInput/parameters[]/limit\": [{\"type\": \"list\", \"source\": {\"path\": \"/limit\", \"title\": \"limit\", \"dataElementType\": \"integer\"}, \"target\": {\"path\": \"/Employees2SelectOffsetLimitInput/parameters[]/limit\", \"order\": 1, \"title\": \"limit\", \"dataElementType\": \"integer\"}, \"mapCondition\": {\"isConditionSet\": false, \"sourceTreeIndex\": [{\"key\": 1, \"title\": \"limit\", \"isLeaf\": false, \"isArray\": false, \"parentKey\": 0}], \"targetTreeIndex\": [{\"key\": 1, \"title\": \"Employees2SelectOffsetLimitInput\", \"isLeaf\": false, \"isArray\": false, \"children\": [{\"key\": 2, \"title\": \"parameters\", \"isLeaf\": false, \"isArray\": true, \"children\": [{\"key\": 3, \"title\": \"limit\", \"isLeaf\": false, \"isArray\": false, \"parentKey\": 2}], \"parentKey\": 1, \"arrayIndex\": null}], \"parentKey\": 0}], \"mapConditionFormValue\": {}}}]}, {\"/Employees2SelectOffsetLimitInput/parameters[]/offset\": [{\"type\": \"list\", \"source\": {\"path\": \"/offset\", \"title\": \"offset\", \"dataElementType\": \"integer\"}, \"target\": {\"path\": \"/Employees2SelectOffsetLimitInput/parameters[]/offset\", \"order\": 1, \"title\": \"offset\", \"dataElementType\": \"integer\"}, \"mapCondition\": {\"isConditionSet\": false, \"sourceTreeIndex\": [{\"key\": 1, \"title\": \"offset\", \"isLeaf\": false, \"isArray\": false, \"parentKey\": 0}], \"targetTreeIndex\": [{\"key\": 1, \"title\": \"Employees2SelectOffsetLimitInput\", \"isLeaf\": false, \"isArray\": false, \"children\": [{\"key\": 2, \"title\": \"parameters\", \"isLeaf\": false, \"isArray\": true, \"children\": [{\"key\": 3, \"title\": \"offset\", \"isLeaf\": false, \"isArray\": false, \"parentKey\": 2}], \"parentKey\": 1, \"arrayIndex\": null}], \"parentKey\": 0}], \"mapConditionFormValue\": {}}}]}], \"mappedNodes\": [\"/Employees2SelectOffsetLimitOutputactionOut\", \"/Employees2SelectOffsetLimitOutputpipeOut\", \"/limit pipeIn\", \"/Employees2SelectOffsetLimitInput/parameters[]/limit actionIn\", \"/offset pipeIn\", \"/Employees2SelectOffsetLimitInput/parameters[]/offset actionIn\"], \"addVariables\": []}",
    "null" : false
  },
  "output_structure_json" : {
    "type" : "jsonb",
    "value" : "{\"maps\": [{\"/Employees2SelectOffsetLimitOutput\": [{\"type\": \"map\", \"source\": {\"path\": \"/Employees2SelectOffsetLimitOutput\", \"title\": \"Employees2SelectOffsetLimitOutput\", \"dataElementType\": \"document\"}, \"target\": {\"path\": \"/Employees2SelectOffsetLimitOutput\", \"title\": \"Employees2SelectOffsetLimitOutput\", \"dataElementType\": \"document\"}, \"mapCondition\": {\"isConditionSet\": false, \"sourceTreeIndex\": [], \"targetTreeIndex\": [], \"mapConditionFormValue\": {}}}]}], \"tracks\": {}, \"transformer\": []}",
    "null" : false
  },
  "endpoint_structure_json" : {
    "type" : "jsonb",
    "value" : "{\"maps\": []}",
    "null" : false
  },
  "is_error" : false,
  "no_of_errors" : 0,
  "action_input_type" : null,
  "config_service_id" : null,
  "config_imap_id" : null,
  "config_b2b_document_type_id" : null,
  "config_document_id" : null,
  "add_variables" : {
    "type" : "jsonb",
    "value" : "[]",
    "null" : false
  },
  "drop_variables" : {
    "type" : "jsonb",
    "value" : "[]",
    "null" : false
  },
  "plug_input_structure" : null,
  "plug_output_structure" : null,
  "config_plug_id" : "f8968202-d092-4d57-ba4f-10263bd813f4",
  "override_plug" : false,
  "config_java_service_id" : null,
  "service_tag" : "V26",
  "endpoint_tag" : "EMPTY",
  "config_service_tag" : "EMPTY",
  "config_imap_tag" : "EMPTY",
  "config_b2b_document_type_tag" : "EMPTY",
  "active" : false,
  "parent_component_config_service_tag" : "V26",
  "service_project_id" : "94afffa5-622e-4445-9e23-5019119fbd0b",
  "service_project_tag" : "V26",
  "config_service_project_id" : null,
  "config_service_project_tag" : "EMPTY",
  "config_imap_project_id" : null,
  "config_imap_project_tag" : "EMPTY",
  "config_b2b_document_type_project_id" : null,
  "config_b2b_document_type_project_tag" : "EMPTY",
  "endpoint_project_id" : "94afffa5-622e-4445-9e23-5019119fbd0b",
  "endpoint_project_tag" : "EMPTY",
  "config_plug_tag" : "EMPTY",
  "config_plug_project_id" : "94afffa5-622e-4445-9e23-5019119fbd0b",
  "config_plug_project_tag" : "EMPTY",
  "config_java_service_tag" : "EMPTY",
  "config_java_service_project_id" : null,
  "config_java_service_project_tag" : "EMPTY",
  "disabled" : false,
  "config" : {
    "type" : "json",
    "value" : "{\"objectId\":null,\"version\":null,\"objectApiId\":null}",
    "null" : false
  },
  "config_b2b_document_type_project_mode_id" : "112c1cb8-4b9e-4d1a-a042-0bd031dc7d05",
  "config_imap_project_mode_id" : "112c1cb8-4b9e-4d1a-a042-0bd031dc7d05",
  "config_java_service_project_mode_id" : "112c1cb8-4b9e-4d1a-a042-0bd031dc7d05",
  "config_plug_project_mode_id" : "112c1cb8-4b9e-4d1a-a042-0bd031dc7d05",
  "config_service_project_mode_id" : "112c1cb8-4b9e-4d1a-a042-0bd031dc7d05",
  "endpoint_project_mode_id" : "112c1cb8-4b9e-4d1a-a042-0bd031dc7d05",
  "service_project_mode_id" : "112c1cb8-4b9e-4d1a-a042-0bd031dc7d05",
  "parent_component_config_service_project_mode_id" : "112c1cb8-4b9e-4d1a-a042-0bd031dc7d05",
  "is_audit" : true,
  "keys_with_order" : null
}