{
  "component_config_id" : "644dbc44-1025-4e1b-8029-f0ef9ed8145b",
  "endpoint_config_json" : {
    "type" : "jsonb",
    "value" : "{\"crossRef\": [], \"services\": [], \"multistep\": [], \"operations\": []}",
    "null" : false
  },
  "input_config_json" : {
    "type" : "jsonb",
    "value" : "{\"crossRef\": [], \"services\": [], \"multistep\": [], \"operations\": [{\"map\": {\"id\": \"29afc2e7-284b-4ee3-b18a-c2838570d2c1\", \"root\": true, \"type\": \"list\", \"cached\": false, \"source\": \"/MyFormData[]\", \"target\": \"/HTTPSPostInput/formData[]\", \"mapNull\": false, \"disabled\": false, \"extractXml\": false, \"extractJson\": false, \"targetOrder\": 8.0, \"mapEmptyString\": false}}, {\"map\": {\"id\": \"db7b2b27-89ca-412a-912c-8db327af08d4\", \"root\": false, \"type\": \"setValue\", \"cached\": false, \"target\": \"/HTTPSPostInput/headers/accept\", \"mapNull\": false, \"disabled\": false, \"extractXml\": false, \"extractJson\": false, \"targetOrder\": 1.0, \"targetValue\": \"application/json\", \"mapEmptyString\": false, \"targetJavaType\": \"java.lang.String\", \"variableSubstitution\": false}}, {\"map\": {\"id\": \"0cffda2c-6b7d-400f-9550-91342a126bce\", \"root\": false, \"type\": \"setValue\", \"cached\": false, \"target\": \"/HTTPSPostInput/headers/content-type\", \"mapNull\": false, \"disabled\": false, \"extractXml\": false, \"extractJson\": false, \"targetOrder\": 1.0, \"targetValue\": \"multipart/form-data\", \"mapEmptyString\": false, \"targetJavaType\": \"java.lang.String\", \"variableSubstitution\": false}}, {\"map\": {\"id\": \"db73c10f-c223-4cb5-83b6-e1b3f8ab7664\", \"root\": false, \"type\": \"setValue\", \"cached\": false, \"target\": \"/HTTPSPostInput/basePath\", \"mapNull\": false, \"disabled\": false, \"extractXml\": false, \"extractJson\": false, \"targetOrder\": 4.0, \"targetValue\": \"/base/\", \"mapEmptyString\": false, \"targetJavaType\": \"java.lang.String\", \"variableSubstitution\": false}}]}",
    "null" : false
  },
  "output_config_json" : {
    "type" : "jsonb",
    "value" : "{\"crossRef\": [], \"services\": [], \"multistep\": [], \"operations\": [{\"map\": {\"id\": \"da285f79-cb7b-4f70-8bdc-2206adea775f\", \"root\": true, \"type\": \"map\", \"cached\": false, \"source\": \"/HTTPSPostOutput\", \"target\": \"/HTTPSPostOutput\", \"mapNull\": false, \"disabled\": false, \"extractXml\": false, \"extractJson\": false, \"mapEmptyString\": false}}]}",
    "null" : false
  },
  "component_id" : "1dd81dfd-e452-4eb3-bbd7-bc6f0da00cbd",
  "service_id" : "936a8905-a3a4-419d-9588-1389b9c15a10",
  "endpoint_id" : "92a718ef-ede7-4276-827c-2b8e868199f6",
  "parent_component_config_id" : null,
  "component_config_order" : 2.0,
  "action_id" : "c3ddf699-458d-4e3a-84e3-66f8320787eb",
  "name" : "Upload to uploadcare",
  "description" : "",
  "override_endpoint" : false,
  "input_structure_json" : {
    "type" : "jsonb",
    "value" : "{\"maps\": [{\"/HTTPSPostInput/headers/accept\": [{\"type\": \"setValue\", \"target\": {\"path\": \"/HTTPSPostInput/headers/accept\", \"order\": 1, \"title\": \"accept\", \"dataElementType\": \"string\"}, \"values\": [{\"id\": \"4fdc92eb-196a-430f-805b-6cc5d8463774\", \"key\": \"/HTTPSPostInput/headers/accept\", \"type\": \"node\", \"order\": 1, \"title\": \"accept\", \"children\": [], \"setValue\": null, \"editAllow\": true, \"uiElement\": \"application/json\", \"isSetValue\": false, \"dataElementType\": \"string\", \"componentConfigId\": \"644dbc44-1025-4e1b-8029-f0ef9ed8145b\", \"componentConfigName\": \"HTTPS\"}], \"mapCondition\": {\"isConditionSet\": false, \"sourceTreeIndex\": [], \"targetTreeIndex\": [], \"mapConditionFormValue\": {}}, \"variableSubstitution\": false, \"overwritePipelineValue\": false}]}, {\"/HTTPSPostInput/headers/content-type\": [{\"type\": \"setValue\", \"target\": {\"path\": \"/HTTPSPostInput/headers/content-type\", \"order\": 1, \"title\": \"content-type\", \"dataElementType\": \"string\"}, \"values\": [{\"id\": \"4fdea8fb-5273-429d-8193-e1284bf6484a\", \"key\": \"/HTTPSPostInput/headers/content-type\", \"type\": \"node\", \"order\": 1, \"title\": \"content-type\", \"children\": [], \"setValue\": null, \"editAllow\": true, \"uiElement\": \"multipart/form-data\", \"isSetValue\": false, \"dataElementType\": \"string\", \"componentConfigId\": \"644dbc44-1025-4e1b-8029-f0ef9ed8145b\", \"componentConfigName\": \"HTTPS\"}], \"mapCondition\": {\"isConditionSet\": false, \"sourceTreeIndex\": [], \"targetTreeIndex\": [], \"mapConditionFormValue\": {}}, \"variableSubstitution\": false, \"overwritePipelineValue\": false}]}, {\"/HTTPSPostInput/formData[]\": [{\"type\": \"list\", \"source\": {\"path\": \"/MyFormData[]\", \"title\": \"MyFormData\", \"dataElementType\": \"documentArray\"}, \"target\": {\"path\": \"/HTTPSPostInput/formData[]\", \"order\": 8, \"title\": \"formData\", \"dataElementType\": \"documentArray\"}, \"mapCondition\": {\"isConditionSet\": false, \"sourceTreeIndex\": [{\"key\": 1, \"title\": \"MyFormData[]\", \"isLeaf\": false, \"isArray\": true, \"parentKey\": 0, \"arrayIndex\": null}], \"targetTreeIndex\": [{\"key\": 1, \"title\": \"HTTPSPostInput\", \"isLeaf\": false, \"isArray\": false, \"children\": [{\"key\": 2, \"title\": \"formData[]\", \"isLeaf\": false, \"isArray\": true, \"parentKey\": 1, \"arrayIndex\": null}], \"parentKey\": 0}], \"mapConditionFormValue\": {}}}]}, {\"/HTTPSPostInput/basePath\": [{\"type\": \"setValue\", \"target\": {\"path\": \"/HTTPSPostInput/basePath\", \"order\": 4, \"title\": \"basePath\", \"dataElementType\": \"string\"}, \"values\": [{\"id\": \"94fe5bb5-708e-4e05-9dc8-7e7637f093ac\", \"key\": \"/HTTPSPostInput/basePath\", \"type\": \"object\", \"order\": 4, \"title\": \"basePath\", \"isLeaf\": false, \"children\": [], \"setValue\": null, \"uiElement\": \"/base/\", \"isSetValue\": false, \"childrenSet\": false, \"hasChildren\": false, \"dataElementType\": \"string\", \"encryption_required\": false}], \"mapCondition\": {\"isConditionSet\": false, \"sourceTreeIndex\": [], \"targetTreeIndex\": [], \"mapConditionFormValue\": {}}, \"variableSubstitution\": false, \"overwritePipelineValue\": false}]}], \"mappedNodes\": [\"/HTTPSPostOutput\", \"/HTTPSPostOutputpipeOut\", \"/HTTPSPostInput/headers/accept actionIn\", \"/HTTPSPostInput/headers actionIn\", \"/HTTPSPostInput actionIn\", \"/HTTPSPostInput/headers/content-type actionIn\", \"/HTTPSPostInput/headers actionIn\", \"/HTTPSPostInput actionIn\", \"/HTTPSPostInput/headers actionIn\", \"/HTTPSPostInput actionIn\", \"/HTTPSPostInput/headers actionIn\", \"/HTTPSPostInput actionIn\", \"/MyFormData[] pipeIn\", \"/HTTPSPostInput/formData[] actionIn\", \"/HTTPSPostInput/headers actionIn\", \"/HTTPSPostInput actionIn\", \"/HTTPSPostInput/headers actionIn\", \"/HTTPSPostInput actionIn\", \"/HTTPSPostInput/basePath actionIn\", \"/HTTPSPostInput actionIn\", \"/HTTPSPostInput/headers actionIn\", \"/HTTPSPostInput actionIn\", \"/HTTPSPostInput/headers actionIn\", \"/HTTPSPostInput actionIn\", \"/HTTPSPostInput actionIn\"], \"addVariables\": [{\"id\": \"8f974eb9-191c-4135-811a-ccbeab88fabc\", \"key\": \"/HTTPSPostInput/headers/content-type\", \"type\": \"node\", \"order\": 1, \"title\": \"content-type\", \"value\": {\"type\": \"string\"}, \"children\": [], \"editAllow\": true, \"componentName\": \"Upload to uploadcare\", \"dataElementType\": \"string\", \"componentConfigId\": \"644dbc44-1025-4e1b-8029-f0ef9ed8145b\", \"componentConfigName\": \"HTTPS\"}, {\"id\": \"4ebf8381-058f-49bb-8219-aa49ec7a8328\", \"key\": \"/HTTPSPostInput/headers/accept\", \"type\": \"node\", \"order\": 1, \"title\": \"accept\", \"value\": {\"type\": \"string\"}, \"children\": [], \"editAllow\": true, \"componentName\": \"Upload to uploadcare\", \"dataElementType\": \"string\", \"componentConfigId\": \"644dbc44-1025-4e1b-8029-f0ef9ed8145b\", \"componentConfigName\": \"HTTPS\"}]}",
    "null" : false
  },
  "output_structure_json" : {
    "type" : "jsonb",
    "value" : "{\"maps\": [{\"/HTTPSPostOutput\": [{\"type\": \"map\", \"source\": {\"path\": \"/HTTPSPostOutput\", \"title\": \"HTTPSPostOutput\", \"dataElementType\": \"document\"}, \"target\": {\"path\": \"/HTTPSPostOutput\", \"alias\": null, \"order\": null, \"title\": \"HTTPSPostOutput\", \"dataElementType\": \"document\"}, \"mapCondition\": {\"mapNull\": null, \"defaultValue\": null, \"isConditionSet\": false, \"mapEmptyString\": null, \"sourceTreeIndex\": [], \"targetTreeIndex\": [], \"mapConditionFormValue\": {\"fields\": null}}}]}], \"tracks\": {}, \"transformer\": []}",
    "null" : false
  },
  "endpoint_structure_json" : {
    "type" : "jsonb",
    "value" : "{\"maps\": []}",
    "null" : false
  },
  "is_error" : false,
  "no_of_errors" : 0,
  "action_input_type" : null,
  "config_service_id" : null,
  "config_imap_id" : null,
  "config_b2b_document_type_id" : null,
  "config_document_id" : null,
  "add_variables" : {
    "type" : "jsonb",
    "value" : "[]",
    "null" : false
  },
  "drop_variables" : {
    "type" : "jsonb",
    "value" : "[]",
    "null" : false
  },
  "plug_input_structure" : null,
  "plug_output_structure" : null,
  "config_plug_id" : null,
  "override_plug" : false,
  "config_java_service_id" : null,
  "service_tag" : "V26",
  "endpoint_tag" : "EMPTY",
  "config_service_tag" : "EMPTY",
  "config_imap_tag" : "EMPTY",
  "config_b2b_document_type_tag" : "EMPTY",
  "active" : false,
  "parent_component_config_service_tag" : "V26",
  "service_project_id" : "94afffa5-622e-4445-9e23-5019119fbd0b",
  "service_project_tag" : "V26",
  "config_service_project_id" : null,
  "config_service_project_tag" : "EMPTY",
  "config_imap_project_id" : null,
  "config_imap_project_tag" : "EMPTY",
  "config_b2b_document_type_project_id" : null,
  "config_b2b_document_type_project_tag" : "EMPTY",
  "endpoint_project_id" : "94afffa5-622e-4445-9e23-5019119fbd0b",
  "endpoint_project_tag" : "EMPTY",
  "config_plug_tag" : "EMPTY",
  "config_plug_project_id" : null,
  "config_plug_project_tag" : "EMPTY",
  "config_java_service_tag" : "EMPTY",
  "config_java_service_project_id" : null,
  "config_java_service_project_tag" : "EMPTY",
  "disabled" : false,
  "config" : {
    "type" : "json",
    "value" : "{}",
    "null" : false
  },
  "config_b2b_document_type_project_mode_id" : "112c1cb8-4b9e-4d1a-a042-0bd031dc7d05",
  "config_imap_project_mode_id" : "112c1cb8-4b9e-4d1a-a042-0bd031dc7d05",
  "config_java_service_project_mode_id" : "112c1cb8-4b9e-4d1a-a042-0bd031dc7d05",
  "config_plug_project_mode_id" : "112c1cb8-4b9e-4d1a-a042-0bd031dc7d05",
  "config_service_project_mode_id" : "112c1cb8-4b9e-4d1a-a042-0bd031dc7d05",
  "endpoint_project_mode_id" : "112c1cb8-4b9e-4d1a-a042-0bd031dc7d05",
  "service_project_mode_id" : "112c1cb8-4b9e-4d1a-a042-0bd031dc7d05",
  "parent_component_config_service_project_mode_id" : "112c1cb8-4b9e-4d1a-a042-0bd031dc7d05",
  "is_audit" : true,
  "keys_with_order" : null
}