{
  "id" : "1305cc65-171e-46ce-9e5a-61fc5d8064a2",
  "name" : "postgres_employee2_insert",
  "component_id" : "dc16ccf6-67f4-4135-95ca-42e055af53c4",
  "endpoint_id" : "1e8d07f9-a7d4-4f73-852d-51303ea74a6d",
  "action_id" : "6cdeb30f-78b6-4b81-a7c0-661b2a023904",
  "structure_json" : {
    "type" : "jsonb",
    "value" : "{\"batch\": false, \"count\": null, \"joins\": [], \"limit\": null, \"nulls\": \"\", \"where\": {\"predicates\": []}, \"action\": \"Insert\", \"entity\": \"{\\\"name\\\":\\\"public\\\",\\\"label\\\":\\\"public\\\",\\\"hasChildren\\\":true,\\\"children\\\":{\\\"displayName\\\":\\\"Tables\\\",\\\"items\\\":[{\\\"name\\\":\\\"employees2\\\",\\\"label\\\":\\\"employees2\\\",\\\"hasChildren\\\":false,\\\"nextDropdown\\\":false,\\\"mainEntity\\\":false,\\\"checked\\\":true}]},\\\"nextDropdown\\\":false,\\\"mainEntity\\\":false,\\\"displayName\\\":\\\"Schemas\\\"}\", \"fields\": [{\"key\": \"employees2\", \"name\": \"employees2\", \"path\": \"employees2\", \"type\": \"document\", \"label\": \"employees2\", \"checked\": false, \"children\": [{\"key\": \"/employees2/first_name\", \"name\": \"first_name\", \"path\": \"employees2.first_name\", \"type\": \"string\", \"label\": \"first_name\", \"checked\": true, \"readonly\": false, \"required\": false, \"actualType\": \"varchar\", \"columnIndex\": 1, \"hasChildren\": false, \"inputCategory\": false, \"dataElementPath\": \"employees2.first_name\"}, {\"key\": \"/employees2/last_name\", \"name\": \"last_name\", \"path\": \"employees2.last_name\", \"type\": \"string\", \"label\": \"last_name\", \"checked\": true, \"readonly\": false, \"required\": false, \"actualType\": \"varchar\", \"columnIndex\": 2, \"hasChildren\": false, \"inputCategory\": false, \"dataElementPath\": \"employees2.last_name\"}, {\"key\": \"/employees2/email\", \"name\": \"email\", \"path\": \"employees2.email\", \"type\": \"string\", \"label\": \"email\", \"checked\": true, \"readonly\": false, \"required\": false, \"actualType\": \"varchar\", \"columnIndex\": 3, \"hasChildren\": false, \"inputCategory\": false, \"dataElementPath\": \"employees2.email\"}, {\"key\": \"/employees2/gender\", \"name\": \"gender\", \"path\": \"employees2.gender\", \"type\": \"string\", \"label\": \"gender\", \"checked\": true, \"readonly\": false, \"required\": false, \"actualType\": \"varchar\", \"columnIndex\": 4, \"hasChildren\": false, \"inputCategory\": false, \"dataElementPath\": \"employees2.gender\"}, {\"key\": \"/employees2/job_title\", \"name\": \"job_title\", \"path\": \"employees2.job_title\", \"type\": \"string\", \"label\": \"job_title\", \"checked\": true, \"readonly\": false, \"required\": false, \"actualType\": \"varchar\", \"columnIndex\": 5, \"hasChildren\": false, \"inputCategory\": false, \"dataElementPath\": \"employees2.job_title\"}, {\"key\": \"/employees2/state\", \"name\": \"state\", \"path\": \"employees2.state\", \"type\": \"string\", \"label\": \"state\", \"checked\": true, \"readonly\": false, \"required\": false, \"actualType\": \"varchar\", \"columnIndex\": 6, \"hasChildren\": false, \"inputCategory\": false, \"dataElementPath\": \"employees2.state\"}, {\"key\": \"/employees2/city\", \"name\": \"city\", \"path\": \"employees2.city\", \"type\": \"string\", \"label\": \"city\", \"checked\": true, \"readonly\": false, \"required\": false, \"actualType\": \"varchar\", \"columnIndex\": 7, \"hasChildren\": false, \"inputCategory\": false, \"dataElementPath\": \"employees2.city\"}], \"hasChildren\": true, \"indeterminate\": true, \"dataElementPath\": \"employees2\"}], \"uiConfig\": {\"keys\": [\"employees2.first_name\", \"employees2.last_name\", \"employees2.email\", \"employees2.gender\", \"employees2.job_title\", \"employees2.state\", \"employees2.city\", \"employees2\"], \"limit\": false, \"where\": false, \"orderBy\": false, \"operators\": {\"where\": [\"=\", \"!=\", \">\", \"<\", \">=\", \"<=\", \"IS NOT NULL\", \"IS NULL\", \"BETWEEN\", \"IN\"]}, \"skippable\": false, \"supportJoin\": false, \"disableFields\": false, \"metadataKeyName\": \"fields\", \"selectedTableList\": [{\"name\": \"employees2\", \"label\": \"employees2\", \"checked\": true, \"mainEntity\": false, \"hasChildren\": false, \"nextDropdown\": false}], \"batchConfiguration\": {\"skippable\": false, \"maxBatchSize\": 100, \"batchSupported\": true}, \"includeReferenceFields\": false, \"supportsExternalFields\": false, \"supportsReferenceFields\": false}, \"allOrNone\": false, \"deleteAll\": {\"name\": \"deleteAll\", \"type\": \"boolean\", \"label\": \"OVERWRITE\", \"checked\": false, \"hasChildren\": false}, \"inputFields\": {}, \"databaseType\": \"PostgreSql\", \"externalFields\": [], \"referenceFields\": []}",
    "null" : false
  },
  "config_json" : {
    "type" : "jsonb",
    "value" : "{\"batch\": false, \"count\": null, \"joins\": [], \"limit\": null, \"nulls\": \"\", \"where\": {\"predicates\": []}, \"action\": \"Insert\", \"entity\": \"{\\\"name\\\":\\\"public\\\",\\\"label\\\":\\\"public\\\",\\\"hasChildren\\\":true,\\\"children\\\":{\\\"displayName\\\":\\\"Tables\\\",\\\"items\\\":[{\\\"name\\\":\\\"employees2\\\",\\\"label\\\":\\\"employees2\\\",\\\"hasChildren\\\":false,\\\"nextDropdown\\\":false,\\\"mainEntity\\\":false,\\\"checked\\\":true}]},\\\"nextDropdown\\\":false,\\\"mainEntity\\\":false,\\\"displayName\\\":\\\"Schemas\\\"}\", \"fields\": [{\"key\": \"employees2\", \"name\": \"employees2\", \"path\": \"employees2\", \"type\": \"document\", \"label\": \"employees2\", \"checked\": false, \"children\": [{\"key\": \"/employees2/first_name\", \"name\": \"first_name\", \"path\": \"employees2.first_name\", \"type\": \"string\", \"label\": \"first_name\", \"checked\": true, \"readonly\": false, \"required\": false, \"actualType\": \"varchar\", \"columnIndex\": 1, \"hasChildren\": false, \"inputCategory\": false, \"dataElementPath\": \"employees2.first_name\"}, {\"key\": \"/employees2/last_name\", \"name\": \"last_name\", \"path\": \"employees2.last_name\", \"type\": \"string\", \"label\": \"last_name\", \"checked\": true, \"readonly\": false, \"required\": false, \"actualType\": \"varchar\", \"columnIndex\": 2, \"hasChildren\": false, \"inputCategory\": false, \"dataElementPath\": \"employees2.last_name\"}, {\"key\": \"/employees2/email\", \"name\": \"email\", \"path\": \"employees2.email\", \"type\": \"string\", \"label\": \"email\", \"checked\": true, \"readonly\": false, \"required\": false, \"actualType\": \"varchar\", \"columnIndex\": 3, \"hasChildren\": false, \"inputCategory\": false, \"dataElementPath\": \"employees2.email\"}, {\"key\": \"/employees2/gender\", \"name\": \"gender\", \"path\": \"employees2.gender\", \"type\": \"string\", \"label\": \"gender\", \"checked\": true, \"readonly\": false, \"required\": false, \"actualType\": \"varchar\", \"columnIndex\": 4, \"hasChildren\": false, \"inputCategory\": false, \"dataElementPath\": \"employees2.gender\"}, {\"key\": \"/employees2/job_title\", \"name\": \"job_title\", \"path\": \"employees2.job_title\", \"type\": \"string\", \"label\": \"job_title\", \"checked\": true, \"readonly\": false, \"required\": false, \"actualType\": \"varchar\", \"columnIndex\": 5, \"hasChildren\": false, \"inputCategory\": false, \"dataElementPath\": \"employees2.job_title\"}, {\"key\": \"/employees2/state\", \"name\": \"state\", \"path\": \"employees2.state\", \"type\": \"string\", \"label\": \"state\", \"checked\": true, \"readonly\": false, \"required\": false, \"actualType\": \"varchar\", \"columnIndex\": 6, \"hasChildren\": false, \"inputCategory\": false, \"dataElementPath\": \"employees2.state\"}, {\"key\": \"/employees2/city\", \"name\": \"city\", \"path\": \"employees2.city\", \"type\": \"string\", \"label\": \"city\", \"checked\": true, \"readonly\": false, \"required\": false, \"actualType\": \"varchar\", \"columnIndex\": 7, \"hasChildren\": false, \"inputCategory\": false, \"dataElementPath\": \"employees2.city\"}], \"hasChildren\": true, \"indeterminate\": true, \"dataElementPath\": \"employees2\"}], \"uiConfig\": {\"keys\": [\"employees2.first_name\", \"employees2.last_name\", \"employees2.email\", \"employees2.gender\", \"employees2.job_title\", \"employees2.state\", \"employees2.city\", \"employees2\"], \"limit\": false, \"where\": false, \"orderBy\": false, \"operators\": {\"where\": [\"=\", \"!=\", \">\", \"<\", \">=\", \"<=\", \"IS NOT NULL\", \"IS NULL\", \"BETWEEN\", \"IN\"]}, \"skippable\": false, \"supportJoin\": false, \"disableFields\": false, \"metadataKeyName\": \"fields\", \"selectedTableList\": [{\"name\": \"employees2\", \"label\": \"employees2\", \"checked\": true, \"mainEntity\": false, \"hasChildren\": false, \"nextDropdown\": false}], \"batchConfiguration\": {\"skippable\": false, \"maxBatchSize\": 100, \"batchSupported\": true}, \"includeReferenceFields\": false, \"supportsExternalFields\": false, \"supportsReferenceFields\": false}, \"allOrNone\": false, \"deleteAll\": {\"name\": \"deleteAll\", \"type\": \"boolean\", \"label\": \"OVERWRITE\", \"checked\": false, \"hasChildren\": false}, \"inputFields\": {}, \"databaseType\": \"PostgreSql\", \"externalFields\": [], \"referenceFields\": []}",
    "null" : false
  },
  "display_query" : "INSERT INTO public.employees2 ( first_name , last_name , email , gender , job_title , state , city )  VALUES (:first_name , :last_name , :email , :gender , :job_title , :state , :city ) ",
  "input_structure" : {
    "type" : "jsonb",
    "value" : "[{\"key\": \"/postgres_employee2_insertInput\", \"type\": \"object\", \"order\": 1.0, \"title\": \"postgres_employee2_insertInput\", \"value\": {\"type\": \"object\"}, \"children\": [{\"key\": \"/postgres_employee2_insertInput/insert[]\", \"type\": \"array\", \"order\": 2.0, \"title\": \"insert\", \"value\": {\"type\": \"array\"}, \"children\": [{\"key\": \"/postgres_employee2_insertInput/insert[]/first_name\", \"type\": \"string\", \"order\": 3.0, \"title\": \"first_name\", \"value\": {\"type\": \"string\"}, \"hasChildren\": false, \"dataElementType\": \"string\"}, {\"key\": \"/postgres_employee2_insertInput/insert[]/last_name\", \"type\": \"string\", \"order\": 4.0, \"title\": \"last_name\", \"value\": {\"type\": \"string\"}, \"hasChildren\": false, \"dataElementType\": \"string\"}, {\"key\": \"/postgres_employee2_insertInput/insert[]/email\", \"type\": \"string\", \"order\": 5.0, \"title\": \"email\", \"value\": {\"type\": \"string\"}, \"hasChildren\": false, \"dataElementType\": \"string\"}, {\"key\": \"/postgres_employee2_insertInput/insert[]/gender\", \"type\": \"string\", \"order\": 6.0, \"title\": \"gender\", \"value\": {\"type\": \"string\"}, \"hasChildren\": false, \"dataElementType\": \"string\"}, {\"key\": \"/postgres_employee2_insertInput/insert[]/job_title\", \"type\": \"string\", \"order\": 7.0, \"title\": \"job_title\", \"value\": {\"type\": \"string\"}, \"hasChildren\": false, \"dataElementType\": \"string\"}, {\"key\": \"/postgres_employee2_insertInput/insert[]/state\", \"type\": \"string\", \"order\": 8.0, \"title\": \"state\", \"value\": {\"type\": \"string\"}, \"hasChildren\": false, \"dataElementType\": \"string\"}, {\"key\": \"/postgres_employee2_insertInput/insert[]/city\", \"type\": \"string\", \"order\": 9.0, \"title\": \"city\", \"value\": {\"type\": \"string\"}, \"hasChildren\": false, \"dataElementType\": \"string\"}], \"hasChildren\": false, \"dataElementType\": \"documentArray\"}], \"hasChildren\": false, \"dataElementType\": \"document\"}]",
    "null" : false
  },
  "output_structure" : {
    "type" : "jsonb",
    "value" : "[{\"key\": \"/postgres_employee2_insertOutput\", \"type\": \"object\", \"order\": 1.0, \"title\": \"postgres_employee2_insertOutput\", \"value\": {\"type\": \"object\"}, \"children\": [{\"key\": \"/postgres_employee2_insertOutput/success\", \"type\": \"boolean\", \"order\": 2.0, \"title\": \"success\", \"value\": {\"type\": \"object\"}, \"hasChildren\": false, \"dataElementType\": \"boolean\"}, {\"key\": \"/postgres_employee2_insertOutput/response\", \"type\": \"object\", \"order\": 3.0, \"title\": \"response\", \"value\": {\"type\": \"object\"}, \"children\": [{\"key\": \"/postgres_employee2_insertOutput/response/rowsInserted\", \"type\": \"integer\", \"order\": 4.0, \"title\": \"rowsInserted\", \"value\": {\"type\": \"integer\"}, \"hasChildren\": false, \"dataElementType\": \"integer\"}], \"hasChildren\": true, \"dataElementType\": \"document\"}, {\"key\": \"/postgres_employee2_insertOutput/errors[]\", \"type\": \"array\", \"order\": 5.0, \"title\": \"errors\", \"value\": {}, \"children\": [{\"key\": \"/postgres_employee2_insertOutput/errors[]/error\", \"type\": \"object\", \"order\": 6.0, \"title\": \"error\", \"value\": {\"type\": \"object\"}, \"children\": [{\"key\": \"/postgres_employee2_insertOutput/errors[]/error/message\", \"type\": \"string\", \"order\": 7.0, \"title\": \"message\", \"value\": {\"type\": \"object\"}, \"hasChildren\": false, \"dataElementType\": \"string\"}], \"hasChildren\": true, \"dataElementType\": \"document\"}], \"hasChildren\": true, \"dataElementType\": \"documentArray\"}], \"hasChildren\": false, \"dataElementType\": \"document\"}]",
    "null" : false
  },
  "description" : "postgres_employee2_insert",
  "comments" : "",
  "db_query" : "INSERT INTO public.employees2 ( first_name , last_name , email , gender , job_title , state , city )  VALUES (:first_name , :last_name , :email , :gender , :job_title , :state , :city ) ",
  "tag" : "V26",
  "active" : false,
  "is_changed" : false,
  "endpoint_tag" : "EMPTY",
  "endpoint_project_id" : "94afffa5-622e-4445-9e23-5019119fbd0b",
  "endpoint_project_tag" : "EMPTY",
  "comment" : "Added Hello DocumentArrayMapper - Part 3",
  "input_data_object_id" : null,
  "input_data_object_tag" : "EMPTY",
  "input_data_object_project_id" : null,
  "input_data_object_project_tag" : "EMPTY",
  "output_data_object_id" : null,
  "output_data_object_tag" : "EMPTY",
  "output_data_object_project_id" : null,
  "output_data_object_project_tag" : "EMPTY",
  "base_tag" : "V25",
  "endpoint_project_mode_id" : "112c1cb8-4b9e-4d1a-a042-0bd031dc7d05",
  "input_data_object_project_mode_id" : "112c1cb8-4b9e-4d1a-a042-0bd031dc7d05",
  "output_data_object_project_mode_id" : "112c1cb8-4b9e-4d1a-a042-0bd031dc7d05",
  "test_input" : {
    "type" : "jsonb",
    "value" : "{}",
    "null" : false
  },
  "test_input_structure" : {
    "type" : "jsonb",
    "value" : "[{\"key\": \"/postgres_employee2_insertInput\", \"type\": \"object\", \"order\": 1.0, \"title\": \"postgres_employee2_insertInput\", \"value\": {\"type\": \"object\"}, \"children\": [{\"key\": \"/postgres_employee2_insertInput/insert[]\", \"type\": \"array\", \"order\": 2.0, \"title\": \"insert\", \"value\": {\"type\": \"array\"}, \"children\": [{\"key\": \"/postgres_employee2_insertInput/insert[]/first_name\", \"type\": \"string\", \"order\": 3.0, \"title\": \"first_name\", \"value\": {\"type\": \"string\"}, \"hasChildren\": false, \"dataElementType\": \"string\"}, {\"key\": \"/postgres_employee2_insertInput/insert[]/last_name\", \"type\": \"string\", \"order\": 4.0, \"title\": \"last_name\", \"value\": {\"type\": \"string\"}, \"hasChildren\": false, \"dataElementType\": \"string\"}, {\"key\": \"/postgres_employee2_insertInput/insert[]/email\", \"type\": \"string\", \"order\": 5.0, \"title\": \"email\", \"value\": {\"type\": \"string\"}, \"hasChildren\": false, \"dataElementType\": \"string\"}, {\"key\": \"/postgres_employee2_insertInput/insert[]/gender\", \"type\": \"string\", \"order\": 6.0, \"title\": \"gender\", \"value\": {\"type\": \"string\"}, \"hasChildren\": false, \"dataElementType\": \"string\"}, {\"key\": \"/postgres_employee2_insertInput/insert[]/job_title\", \"type\": \"string\", \"order\": 7.0, \"title\": \"job_title\", \"value\": {\"type\": \"string\"}, \"hasChildren\": false, \"dataElementType\": \"string\"}, {\"key\": \"/postgres_employee2_insertInput/insert[]/state\", \"type\": \"string\", \"order\": 8.0, \"title\": \"state\", \"value\": {\"type\": \"string\"}, \"hasChildren\": false, \"dataElementType\": \"string\"}, {\"key\": \"/postgres_employee2_insertInput/insert[]/city\", \"type\": \"string\", \"order\": 9.0, \"title\": \"city\", \"value\": {\"type\": \"string\"}, \"hasChildren\": false, \"dataElementType\": \"string\"}], \"hasChildren\": false, \"dataElementType\": \"documentArray\"}], \"hasChildren\": false, \"dataElementType\": \"document\"}]",
    "null" : false
  }
}