{
  "id" : "94afffa5-622e-4445-9e23-5019119fbd0b",
  "name" : "GettingStarted",
  "createdOn" : "2025-08-06T15:25:20.565604",
  "modifiedOn" : "2025-09-18T20:42:13.938",
  "createdBy" : "e2142c56-e62c-4ca2-b956-0b6c00139a08",
  "modifiedBy" : "e2142c56-e62c-4ca2-b956-0b6c00139a08",
  "projectDescription" : "GettingStarted",
  "active" : false,
  "tag" : "V27",
  "comment" : "Added Hello SMTP Email Example using Brevo",
  "baseTag" : "V26",
  "modeId" : "112c1cb8-4b9e-4d1a-a042-0bd031dc7d05",
  "deployedOn" : null,
  "details" : null,
  "projectType" : "Fusion"
}