{
  "document_type_id" : "847d8327-f7c6-4fd5-b390-42492330b26f",
  "name" : "employees",
  "description" : null,
  "version" : null,
  "business_document_type_id" : null,
  "document_format_id" : "edc154a0-55fc-11e9-8647-d663bd873d93",
  "root_tag" : null,
  "structure" : {
    "type" : "jsonb",
    "value" : "[{\"key\": \"/employees[]\", \"type\": \"array\", \"order\": 1.0, \"title\": \"employees\", \"value\": {\"type\": \"array\", \"requiredFlag\": false}, \"isLeaf\": false, \"children\": [{\"key\": \"/employees[]/id\", \"type\": \"integer\", \"order\": 2.0, \"title\": \"id\", \"value\": {\"type\": \"integer\", \"requiredFlag\": false}, \"isLeaf\": true, \"childrenSet\": false, \"hasChildren\": false, \"dataElementType\": \"integer\", \"encryption_required\": false}, {\"key\": \"/employees[]/firstName\", \"type\": \"string\", \"order\": 3.0, \"title\": \"firstName\", \"value\": {\"type\": \"string\", \"requiredFlag\": false}, \"isLeaf\": true, \"childrenSet\": false, \"hasChildren\": false, \"dataElementType\": \"string\", \"encryption_required\": false}, {\"key\": \"/employees[]/lastName\", \"type\": \"string\", \"order\": 4.0, \"title\": \"lastName\", \"value\": {\"type\": \"string\", \"requiredFlag\": false}, \"isLeaf\": true, \"childrenSet\": false, \"hasChildren\": false, \"dataElementType\": \"string\", \"encryption_required\": false}, {\"key\": \"/employees[]/position\", \"type\": \"string\", \"order\": 5.0, \"title\": \"position\", \"value\": {\"type\": \"string\", \"requiredFlag\": false}, \"isLeaf\": true, \"childrenSet\": false, \"hasChildren\": false, \"dataElementType\": \"string\", \"encryption_required\": false}], \"childrenSet\": false, \"hasChildren\": false, \"dataElementType\": \"documentArray\", \"encryption_required\": false}]",
    "null" : false
  },
  "key_fields" : null,
  "schema" : {
    "type" : "json",
    "value" : "{\"$id\":\"employees\",\"$schema\":\"http://json-schema.org/draft-07/schema#\",\"type\":\"object\",\"properties\":{\"employees\":{\"type\":\"array\",\"title\":\"employees\",\"properties\":{},\"items\":{\"type\":\"object\",\"properties\":{\"id\":{\"type\":\"integer\",\"title\":\"id\",\"default\":0,\"examples\":[105],\"properties\":{}},\"firstName\":{\"type\":\"string\",\"title\":\"firstName\",\"default\":\"\",\"examples\":[\"Eva\"],\"properties\":{},\"pattern\":\"^(.*)$\"},\"lastName\":{\"type\":\"string\",\"title\":\"lastName\",\"default\":\"\",\"examples\":[\"Singh\"],\"properties\":{},\"pattern\":\"^(.*)$\"},\"position\":{\"type\":\"string\",\"title\":\"position\",\"default\":\"\",\"examples\":[\"DevOps Engineer\"],\"properties\":{},\"pattern\":\"^(.*)$\"}}}}}}",
    "null" : false
  },
  "source_schema" : "{\"employees\":[\n  {\n    \"id\": 101,\n    \"firstName\": \"Alice\",\n    \"lastName\": \"Johnson\",\n    \"position\": \"Software Engineer\"\n  },\n  {\n    \"id\": 102,\n    \"firstName\": \"Bob\",\n    \"lastName\": \"Martinez\",\n    \"position\": \"Product Manager\"\n  },\n  {\n    \"id\": 103,\n    \"firstName\": \"Carol\",\n    \"lastName\": \"Lee\",\n    \"position\": \"UX Designer\"\n  },\n  {\n    \"id\": 104,\n    \"firstName\": \"David\",\n    \"lastName\": \"Nguyen\",\n    \"position\": \"Data Analyst\"\n  },\n  {\n    \"id\": 105,\n    \"firstName\": \"Eva\",\n    \"lastName\": \"Singh\",\n    \"position\": \"DevOps Engineer\"\n  }\n]}",
  "type" : "custom",
  "doc_type" : null,
  "source_type" : "jsonsample",
  "ignore_missing_schemas" : false,
  "has_ref_schemas" : null,
  "flat_file_config" : null,
  "active" : false,
  "is_changed" : false,
  "tag" : "V18",
  "comment" : "Added Dedupe",
  "base_tag" : "V17"
}