{
  "document_type_id" : "3afd5c96-0961-4cc0-9cf4-08dac91e8396",
  "name" : "salaries",
  "description" : null,
  "version" : null,
  "business_document_type_id" : null,
  "document_format_id" : "edc154a0-55fc-11e9-8647-d663bd873d93",
  "root_tag" : null,
  "structure" : {
    "type" : "jsonb",
    "value" : "[{\"key\": \"/salaries[]\", \"type\": \"array\", \"order\": 1.0, \"title\": \"salaries\", \"value\": {\"type\": \"array\", \"requiredFlag\": false}, \"isLeaf\": false, \"children\": [{\"key\": \"/salaries[]/id\", \"type\": \"integer\", \"order\": 2.0, \"title\": \"id\", \"value\": {\"type\": \"integer\", \"requiredFlag\": false}, \"isLeaf\": true, \"childrenSet\": false, \"hasChildren\": false, \"dataElementType\": \"integer\", \"encryption_required\": false}, {\"key\": \"/salaries[]/salary\", \"type\": \"string\", \"order\": 3.0, \"title\": \"salary\", \"value\": {\"type\": \"string\", \"requiredFlag\": false}, \"isLeaf\": true, \"childrenSet\": false, \"hasChildren\": false, \"dataElementType\": \"string\", \"encryption_required\": false}, {\"key\": \"/salaries[]/currency\", \"type\": \"string\", \"order\": 4.0, \"title\": \"currency\", \"value\": {\"type\": \"string\", \"requiredFlag\": false}, \"isLeaf\": true, \"childrenSet\": false, \"hasChildren\": false, \"dataElementType\": \"string\", \"encryption_required\": false}], \"childrenSet\": false, \"hasChildren\": false, \"dataElementType\": \"documentArray\", \"encryption_required\": false}]",
    "null" : false
  },
  "key_fields" : null,
  "schema" : {
    "type" : "json",
    "value" : "{\"$id\":\"salaries\",\"$schema\":\"http://json-schema.org/draft-07/schema#\",\"type\":\"object\",\"properties\":{\"salaries\":{\"type\":\"array\",\"title\":\"salaries\",\"properties\":{},\"items\":{\"type\":\"object\",\"properties\":{\"id\":{\"type\":\"integer\",\"title\":\"id\",\"default\":0,\"examples\":[105],\"properties\":{}},\"salary\":{\"type\":\"string\",\"title\":\"salary\",\"default\":\"\",\"examples\":[\"102000\"],\"properties\":{},\"pattern\":\"^(.*)$\"},\"currency\":{\"type\":\"string\",\"title\":\"currency\",\"default\":\"\",\"examples\":[\"USD\"],\"properties\":{},\"pattern\":\"^(.*)$\"}}}}}}",
    "null" : false
  },
  "source_schema" : "{\"salaries\":[\n  {\n    \"id\": 101,\n    \"salary\": \"95000\",\n    \"currency\": \"USD\"\n  },\n  {\n    \"id\": 102,\n    \"salary\": \"115000\",\n    \"currency\": \"USD\"\n  },\n  {\n    \"id\": 103,\n    \"salary\": \"88000\",\n    \"currency\": \"USD\"\n  },\n  {\n    \"id\": 104,\n    \"salary\": \"78000\",\n    \"currency\": \"USD\"\n  },\n  {\n    \"id\": 105,\n    \"salary\": \"102000\",\n    \"currency\": \"USD\"\n  }\n]\n}",
  "type" : "custom",
  "doc_type" : null,
  "source_type" : "jsonsample",
  "ignore_missing_schemas" : false,
  "has_ref_schemas" : null,
  "flat_file_config" : null,
  "active" : false,
  "is_changed" : false,
  "tag" : "V18",
  "comment" : "Added Dedupe",
  "base_tag" : "V17"
}