{
  "document_type_id" : "0bb3964d-a820-4a72-84c0-05fc097f6999",
  "name" : "customers_orders",
  "description" : null,
  "version" : null,
  "business_document_type_id" : null,
  "document_format_id" : "edc154a0-55fc-11e9-8647-d663bd873d93",
  "root_tag" : null,
  "structure" : {
    "type" : "jsonb",
    "value" : "[{\"key\": \"/customers[]\", \"type\": \"array\", \"order\": 1.0, \"title\": \"customers\", \"value\": {\"type\": \"array\", \"requiredFlag\": false}, \"isLeaf\": false, \"children\": [{\"key\": \"/customers[]/customerId\", \"type\": \"integer\", \"order\": 2.0, \"title\": \"customerId\", \"value\": {\"type\": \"integer\", \"requiredFlag\": false}, \"isLeaf\": true, \"childrenSet\": false, \"hasChildren\": false, \"dataElementType\": \"integer\", \"encryption_required\": false}, {\"key\": \"/customers[]/firstName\", \"type\": \"string\", \"order\": 3.0, \"title\": \"firstName\", \"value\": {\"type\": \"string\", \"requiredFlag\": false}, \"isLeaf\": true, \"childrenSet\": false, \"hasChildren\": false, \"dataElementType\": \"string\", \"encryption_required\": false}, {\"key\": \"/customers[]/lastName\", \"type\": \"string\", \"order\": 4.0, \"title\": \"lastName\", \"value\": {\"type\": \"string\", \"requiredFlag\": false}, \"isLeaf\": true, \"childrenSet\": false, \"hasChildren\": false, \"dataElementType\": \"string\", \"encryption_required\": false}, {\"key\": \"/customers[]/email\", \"type\": \"string\", \"order\": 5.0, \"title\": \"email\", \"value\": {\"type\": \"string\", \"requiredFlag\": false}, \"isLeaf\": true, \"childrenSet\": false, \"hasChildren\": false, \"dataElementType\": \"string\", \"encryption_required\": false}, {\"key\": \"/customers[]/orders[]\", \"type\": \"array\", \"order\": 6.0, \"title\": \"orders\", \"value\": {\"type\": \"array\", \"requiredFlag\": false}, \"isLeaf\": false, \"children\": [{\"key\": \"/customers[]/orders[]/orderId\", \"type\": \"string\", \"order\": 7.0, \"title\": \"orderId\", \"value\": {\"type\": \"string\", \"requiredFlag\": false}, \"isLeaf\": true, \"childrenSet\": false, \"hasChildren\": false, \"dataElementType\": \"string\", \"encryption_required\": false}, {\"key\": \"/customers[]/orders[]/orderDate\", \"type\": \"string\", \"order\": 8.0, \"title\": \"orderDate\", \"value\": {\"type\": \"string\", \"requiredFlag\": false}, \"isLeaf\": true, \"childrenSet\": false, \"hasChildren\": false, \"dataElementType\": \"string\", \"encryption_required\": false}, {\"key\": \"/customers[]/orders[]/amount\", \"type\": \"number\", \"order\": 9.0, \"title\": \"amount\", \"value\": {\"type\": \"number\", \"requiredFlag\": false}, \"isLeaf\": true, \"childrenSet\": false, \"hasChildren\": false, \"dataElementType\": \"number\", \"encryption_required\": false}, {\"key\": \"/customers[]/orders[]/status\", \"type\": \"string\", \"order\": 10.0, \"title\": \"status\", \"value\": {\"type\": \"string\", \"requiredFlag\": false}, \"isLeaf\": true, \"childrenSet\": false, \"hasChildren\": false, \"dataElementType\": \"string\", \"encryption_required\": false}], \"childrenSet\": false, \"hasChildren\": false, \"dataElementType\": \"documentArray\", \"encryption_required\": false}], \"childrenSet\": false, \"hasChildren\": false, \"dataElementType\": \"documentArray\", \"encryption_required\": false}]",
    "null" : false
  },
  "key_fields" : null,
  "schema" : {
    "type" : "json",
    "value" : "{\"$id\":\"customers_orders\",\"$schema\":\"http://json-schema.org/draft-07/schema#\",\"type\":\"object\",\"properties\":{\"customers\":{\"type\":\"array\",\"title\":\"customers\",\"properties\":{},\"items\":{\"type\":\"object\",\"properties\":{\"customerId\":{\"type\":\"integer\",\"title\":\"customerId\",\"default\":0,\"examples\":[105],\"properties\":{}},\"firstName\":{\"type\":\"string\",\"title\":\"firstName\",\"default\":\"\",\"examples\":[\"Eva\"],\"properties\":{},\"pattern\":\"^(.*)$\"},\"lastName\":{\"type\":\"string\",\"title\":\"lastName\",\"default\":\"\",\"examples\":[\"Martinez\"],\"properties\":{},\"pattern\":\"^(.*)$\"},\"email\":{\"type\":\"string\",\"title\":\"email\",\"default\":\"\",\"examples\":[\"eva.martinez@example.com\"],\"properties\":{},\"pattern\":\"^(.*)$\"},\"orders\":{\"type\":\"array\",\"title\":\"orders\",\"properties\":{},\"items\":{\"type\":\"object\",\"properties\":{\"orderId\":{\"type\":\"string\",\"title\":\"orderId\",\"default\":\"\",\"examples\":[\"B202\"],\"properties\":{},\"pattern\":\"^(.*)$\"},\"orderDate\":{\"type\":\"string\",\"title\":\"orderDate\",\"default\":\"\",\"examples\":[\"2024-08-02\"],\"properties\":{},\"pattern\":\"^(.*)$\"},\"amount\":{\"type\":\"number\",\"title\":\"amount\",\"default\":0.0,\"examples\":[145.0],\"properties\":{}},\"status\":{\"type\":\"string\",\"title\":\"status\",\"default\":\"\",\"examples\":[\"Shipped\"],\"properties\":{},\"pattern\":\"^(.*)$\"}}}}}}}}}",
    "null" : false
  },
  "source_schema" : "{\n  \"customers\": [\n    {\n      \"customerId\": 101,\n      \"firstName\": \"Alice\",\n      \"lastName\": \"Johnson\",\n      \"email\": \"alice.j@example.com\",\n      \"orders\": [\n        {\n          \"orderId\": \"A100\",\n          \"orderDate\": \"2024-06-15\",\n          \"amount\": 250.75,\n          \"status\": \"Shipped\"\n        },\n        {\n          \"orderId\": \"A101\",\n          \"orderDate\": \"2024-07-01\",\n          \"amount\": 120.00,\n          \"status\": \"Processing\"\n        }\n      ]\n    },\n    {\n      \"customerId\": 102,\n      \"firstName\": \"Bob\",\n      \"lastName\": \"Smith\",\n      \"email\": \"bob.smith@example.com\",\n      \"orders\": [\n        {\n          \"orderId\": \"B200\",\n          \"orderDate\": \"2024-07-04\",\n          \"amount\": 75.50,\n          \"status\": \"Delivered\"\n        },\n        {\n          \"orderId\": \"B201\",\n          \"orderDate\": \"2024-07-10\",\n          \"amount\": 300.99,\n          \"status\": \"Cancelled\"\n        },\n        {\n          \"orderId\": \"B202\",\n          \"orderDate\": \"2024-08-02\",\n          \"amount\": 145.00,\n          \"status\": \"Shipped\"\n        }\n      ]\n    },\n    {\n      \"customerId\": 103,\n      \"firstName\": \"Carol\",\n      \"lastName\": \"Lee\",\n      \"email\": \"carol.lee@example.com\",\n      \"orders\": [\n        {\n          \"orderId\": \"C300\",\n          \"orderDate\": \"2024-05-20\",\n          \"amount\": 500.00,\n          \"status\": \"Delivered\"\n        }\n      ]\n    },\n    {\n      \"customerId\": 104,\n      \"firstName\": \"David\",\n      \"lastName\": \"Brown\",\n      \"email\": \"david.brown@example.com\",\n      \"orders\": [\n        {\n          \"orderId\": \"D400\",\n          \"orderDate\": \"2024-06-02\",\n          \"amount\": 60.00,\n          \"status\": \"Processing\"\n        },\n        {\n          \"orderId\": \"D401\",\n          \"orderDate\": \"2024-07-22\",\n          \"amount\": 90.00,\n          \"status\": \"Shipped\"\n        }\n      ]\n    },\n    {\n      \"customerId\": 105,\n      \"firstName\": \"Eva\",\n      \"lastName\": \"Martinez\",\n      \"email\": \"eva.martinez@example.com\",\n      \"orders\": [\n        {\n          \"orderId\": \"E500\",\n          \"orderDate\": \"2024-08-05\",\n          \"amount\": 150.00,\n          \"status\": \"Processing\"\n        },\n        {\n          \"orderId\": \"E501\",\n          \"orderDate\": \"2024-08-07\",\n          \"amount\": 400.00,\n          \"status\": \"Delivered\"\n        }\n      ]\n    }\n  ]\n}\n",
  "type" : "custom",
  "doc_type" : null,
  "source_type" : "jsonsample",
  "ignore_missing_schemas" : false,
  "has_ref_schemas" : null,
  "flat_file_config" : null,
  "active" : false,
  "is_changed" : false,
  "tag" : "V26",
  "comment" : "Added Hello DocumentArrayMapper - Part 3",
  "base_tag" : "V25"
}