{
  "document_type_id" : "ed969855-aab3-4607-8039-e59272752ac7",
  "name" : "mapped_customer_orders_complex",
  "description" : null,
  "version" : null,
  "business_document_type_id" : null,
  "document_format_id" : "edc154a0-55fc-11e9-8647-d663bd873d93",
  "root_tag" : null,
  "structure" : {
    "type" : "jsonb",
    "value" : "[{\"key\": \"/clients[]\", \"type\": \"array\", \"order\": 1.0, \"title\": \"clients\", \"value\": {\"type\": \"array\", \"requiredFlag\": false}, \"isLeaf\": false, \"children\": [{\"key\": \"/clients[]/id\", \"type\": \"integer\", \"order\": 2.0, \"title\": \"id\", \"value\": {\"type\": \"integer\", \"requiredFlag\": false}, \"isLeaf\": true, \"childrenSet\": false, \"hasChildren\": false, \"dataElementType\": \"integer\", \"encryption_required\": false}, {\"key\": \"/clients[]/fullName\", \"type\": \"string\", \"order\": 3.0, \"title\": \"fullName\", \"value\": {\"type\": \"string\", \"requiredFlag\": false}, \"isLeaf\": true, \"childrenSet\": false, \"hasChildren\": false, \"dataElementType\": \"string\", \"encryption_required\": false}, {\"key\": \"/clients[]/contact\", \"type\": \"string\", \"order\": 4.0, \"title\": \"contact\", \"value\": {\"type\": \"string\", \"requiredFlag\": false}, \"isLeaf\": true, \"childrenSet\": false, \"hasChildren\": false, \"dataElementType\": \"string\", \"encryption_required\": false}, {\"key\": \"/clients[]/shippedOrders[]\", \"type\": \"array\", \"order\": 5.0, \"title\": \"shippedOrders\", \"value\": {\"type\": \"array\", \"requiredFlag\": false}, \"isLeaf\": false, \"children\": [{\"key\": \"/clients[]/shippedOrders[]/purchaseId\", \"type\": \"string\", \"order\": 6.0, \"title\": \"purchaseId\", \"value\": {\"type\": \"string\", \"requiredFlag\": false}, \"isLeaf\": true, \"childrenSet\": false, \"hasChildren\": false, \"dataElementType\": \"string\", \"encryption_required\": false}, {\"key\": \"/clients[]/shippedOrders[]/date\", \"type\": \"string\", \"order\": 7.0, \"title\": \"date\", \"value\": {\"type\": \"string\", \"requiredFlag\": false}, \"isLeaf\": true, \"childrenSet\": false, \"hasChildren\": false, \"dataElementType\": \"string\", \"encryption_required\": false}, {\"key\": \"/clients[]/shippedOrders[]/totalAmount\", \"type\": \"number\", \"order\": 8.0, \"title\": \"totalAmount\", \"value\": {\"type\": \"number\", \"requiredFlag\": false}, \"isLeaf\": true, \"childrenSet\": false, \"hasChildren\": false, \"dataElementType\": \"number\", \"encryption_required\": false}], \"childrenSet\": false, \"hasChildren\": false, \"dataElementType\": \"documentArray\", \"encryption_required\": false}, {\"key\": \"/clients[]/deliveredOrders[]\", \"type\": \"array\", \"order\": 9.0, \"title\": \"deliveredOrders\", \"value\": {\"type\": \"array\", \"requiredFlag\": false}, \"isLeaf\": false, \"children\": [{\"key\": \"/clients[]/deliveredOrders[]/purchaseId\", \"type\": \"string\", \"order\": 10.0, \"title\": \"purchaseId\", \"value\": {\"type\": \"string\", \"requiredFlag\": false}, \"isLeaf\": true, \"childrenSet\": false, \"hasChildren\": false, \"dataElementType\": \"string\", \"encryption_required\": false}, {\"key\": \"/clients[]/deliveredOrders[]/date\", \"type\": \"string\", \"order\": 11.0, \"title\": \"date\", \"value\": {\"type\": \"string\", \"requiredFlag\": false}, \"isLeaf\": true, \"childrenSet\": false, \"hasChildren\": false, \"dataElementType\": \"string\", \"encryption_required\": false}, {\"key\": \"/clients[]/deliveredOrders[]/totalAmount\", \"type\": \"number\", \"order\": 12.0, \"title\": \"totalAmount\", \"value\": {\"type\": \"number\", \"requiredFlag\": false}, \"isLeaf\": true, \"childrenSet\": false, \"hasChildren\": false, \"dataElementType\": \"number\", \"encryption_required\": false}], \"childrenSet\": false, \"hasChildren\": false, \"dataElementType\": \"documentArray\", \"encryption_required\": false}, {\"key\": \"/clients[]/cancelledOrders[]\", \"type\": \"array\", \"order\": 13.0, \"title\": \"cancelledOrders\", \"value\": {\"type\": \"array\", \"requiredFlag\": false}, \"isLeaf\": false, \"children\": [{\"key\": \"/clients[]/cancelledOrders[]/purchaseId\", \"type\": \"string\", \"order\": 14.0, \"title\": \"purchaseId\", \"value\": {\"type\": \"string\", \"requiredFlag\": false}, \"isLeaf\": true, \"childrenSet\": false, \"hasChildren\": false, \"dataElementType\": \"string\", \"encryption_required\": false}, {\"key\": \"/clients[]/cancelledOrders[]/date\", \"type\": \"string\", \"order\": 15.0, \"title\": \"date\", \"value\": {\"type\": \"string\", \"requiredFlag\": false}, \"isLeaf\": true, \"childrenSet\": false, \"hasChildren\": false, \"dataElementType\": \"string\", \"encryption_required\": false}, {\"key\": \"/clients[]/cancelledOrders[]/totalAmount\", \"type\": \"number\", \"order\": 16.0, \"title\": \"totalAmount\", \"value\": {\"type\": \"number\", \"requiredFlag\": false}, \"isLeaf\": true, \"childrenSet\": false, \"hasChildren\": false, \"dataElementType\": \"number\", \"encryption_required\": false}], \"childrenSet\": false, \"hasChildren\": false, \"dataElementType\": \"documentArray\", \"encryption_required\": false}], \"childrenSet\": false, \"hasChildren\": false, \"dataElementType\": \"documentArray\", \"encryption_required\": false}]",
    "null" : false
  },
  "key_fields" : null,
  "schema" : {
    "type" : "json",
    "value" : "{\"$id\":\"mapped_customer_orders_complex\",\"$schema\":\"http://json-schema.org/draft-07/schema#\",\"type\":\"object\",\"properties\":{\"clients\":{\"type\":\"array\",\"title\":\"clients\",\"properties\":{},\"items\":{\"type\":\"object\",\"properties\":{\"id\":{\"type\":\"integer\",\"title\":\"id\",\"default\":0,\"examples\":[105],\"properties\":{}},\"fullName\":{\"type\":\"string\",\"title\":\"fullName\",\"default\":\"\",\"examples\":[\"Eva Martinez\"],\"properties\":{},\"pattern\":\"^(.*)$\"},\"contact\":{\"type\":\"string\",\"title\":\"contact\",\"default\":\"\",\"examples\":[\"eva.martinez@example.com\"],\"properties\":{},\"pattern\":\"^(.*)$\"},\"shippedOrders\":{\"type\":\"array\",\"title\":\"shippedOrders\",\"properties\":{},\"items\":{\"type\":\"object\",\"properties\":{\"purchaseId\":{\"type\":\"string\",\"title\":\"purchaseId\",\"default\":\"\",\"examples\":[\"D401\"],\"properties\":{},\"pattern\":\"^(.*)$\"},\"date\":{\"type\":\"string\",\"title\":\"date\",\"default\":\"\",\"examples\":[\"2024-07-22\"],\"properties\":{},\"pattern\":\"^(.*)$\"},\"totalAmount\":{\"type\":\"number\",\"title\":\"totalAmount\",\"default\":0.0,\"examples\":[90.0],\"properties\":{}}}}},\"deliveredOrders\":{\"type\":\"array\",\"title\":\"deliveredOrders\",\"properties\":{},\"items\":{\"type\":\"object\",\"properties\":{\"purchaseId\":{\"type\":\"string\",\"title\":\"purchaseId\",\"default\":\"\",\"examples\":[\"E501\"],\"properties\":{},\"pattern\":\"^(.*)$\"},\"date\":{\"type\":\"string\",\"title\":\"date\",\"default\":\"\",\"examples\":[\"2024-08-07\"],\"properties\":{},\"pattern\":\"^(.*)$\"},\"totalAmount\":{\"type\":\"number\",\"title\":\"totalAmount\",\"default\":0.0,\"examples\":[400.0],\"properties\":{}}}}},\"cancelledOrders\":{\"type\":\"array\",\"title\":\"cancelledOrders\",\"properties\":{},\"items\":{\"type\":\"object\",\"properties\":{\"purchaseId\":{\"type\":\"string\",\"title\":\"purchaseId\",\"default\":\"\",\"examples\":[\"B201\"],\"properties\":{},\"pattern\":\"^(.*)$\"},\"date\":{\"type\":\"string\",\"title\":\"date\",\"default\":\"\",\"examples\":[\"2024-07-10\"],\"properties\":{},\"pattern\":\"^(.*)$\"},\"totalAmount\":{\"type\":\"number\",\"title\":\"totalAmount\",\"default\":0.0,\"examples\":[300.99],\"properties\":{}}}}}}}}}}",
    "null" : false
  },
  "source_schema" : "{\n  \"clients\": [\n    {\n      \"id\": 101,\n      \"fullName\": \"Alice Johnson\",\n      \"contact\": \"alice.j@example.com\",\n      \"shippedOrders\": [\n        {\n          \"purchaseId\": \"A100\",\n          \"date\": \"2024-06-15\",\n          \"totalAmount\": 250.75\n        }\n      ],\n      \"deliveredOrders\": [],\n      \"cancelledOrders\": []\n    },\n    {\n      \"id\": 102,\n      \"fullName\": \"Bob Smith\",\n      \"contact\": \"bob.smith@example.com\",\n      \"shippedOrders\": [\n        {\n          \"purchaseId\": \"B202\",\n          \"date\": \"2024-08-02\",\n          \"totalAmount\": 145.00\n        }\n      ],\n      \"deliveredOrders\": [\n        {\n          \"purchaseId\": \"B200\",\n          \"date\": \"2024-07-04\",\n          \"totalAmount\": 75.50\n        }\n      ],\n      \"cancelledOrders\": [\n        {\n          \"purchaseId\": \"B201\",\n          \"date\": \"2024-07-10\",\n          \"totalAmount\": 300.99\n        }\n      ]\n    },\n    {\n      \"id\": 103,\n      \"fullName\": \"Carol Lee\",\n      \"contact\": \"carol.lee@example.com\",\n      \"shippedOrders\": [],\n      \"deliveredOrders\": [\n        {\n          \"purchaseId\": \"C300\",\n          \"date\": \"2024-05-20\",\n          \"totalAmount\": 500.00\n        }\n      ],\n      \"cancelledOrders\": []\n    },\n    {\n      \"id\": 104,\n      \"fullName\": \"David Brown\",\n      \"contact\": \"david.brown@example.com\",\n      \"shippedOrders\": [\n        {\n          \"purchaseId\": \"D401\",\n          \"date\": \"2024-07-22\",\n          \"totalAmount\": 90.00\n        }\n      ],\n      \"deliveredOrders\": [],\n      \"cancelledOrders\": []\n    },\n    {\n      \"id\": 105,\n      \"fullName\": \"Eva Martinez\",\n      \"contact\": \"eva.martinez@example.com\",\n      \"shippedOrders\": [],\n      \"deliveredOrders\": [\n        {\n          \"purchaseId\": \"E501\",\n          \"date\": \"2024-08-07\",\n          \"totalAmount\": 400.00\n        }\n      ],\n      \"cancelledOrders\": []\n    }\n  ]\n}\n",
  "type" : "custom",
  "doc_type" : null,
  "source_type" : "jsonsample",
  "ignore_missing_schemas" : false,
  "has_ref_schemas" : null,
  "flat_file_config" : null,
  "active" : false,
  "is_changed" : true,
  "tag" : "V26",
  "comment" : "Added Hello DocumentArrayMapper - Part 3",
  "base_tag" : "V25"
}