{
  "component_config_id" : "1c346451-1ae2-4d9a-a41d-088e11af811a",
  "endpoint_config_json" : {
    "type" : "jsonb",
    "value" : "{\"crossRef\": [], \"services\": [], \"multistep\": [], \"operations\": []}",
    "null" : false
  },
  "input_config_json" : {
    "type" : "jsonb",
    "value" : "{\"crossRef\": [], \"services\": [], \"multistep\": [], \"operations\": [{\"map\": {\"id\": \"9fe3bd4f-ee25-41ad-8413-03f4f89c7653\", \"root\": false, \"type\": \"map\", \"cached\": false, \"source\": \"/SymbolUC\", \"target\": \"/queryParams/symbol\", \"mapNull\": false, \"disabled\": false, \"extractXml\": false, \"extractJson\": false, \"mapEmptyString\": false, \"sourceJavaType\": \"java.lang.String\", \"targetJavaType\": \"java.lang.String\"}}]}",
    "null" : false
  },
  "output_config_json" : {
    "type" : "jsonb",
    "value" : "{\"crossRef\": [], \"services\": [], \"multistep\": [], \"operations\": [{\"map\": {\"id\": \"2f304666-7bdc-4974-8eea-0f8179a97626\", \"root\": true, \"type\": \"map\", \"cached\": false, \"source\": \"/company-profile2Output\", \"target\": \"/company-profile2Output\", \"mapNull\": false, \"disabled\": false, \"extractXml\": false, \"extractJson\": false, \"targetOrder\": 1.0, \"mapEmptyString\": false}}, {\"map\": {\"id\": \"291f2a78-f521-4d3f-9d57-1f8f2e2ec0f5\", \"root\": false, \"type\": \"map\", \"cached\": false, \"source\": \"/company-profile2Output/response/name\", \"target\": \"/200Response/Name\", \"mapNull\": false, \"disabled\": false, \"extractXml\": false, \"extractJson\": true, \"targetOrder\": 9.0, \"mapEmptyString\": false, \"sourceJavaType\": \"java.lang.String\", \"targetJavaType\": \"java.lang.String\"}}, {\"map\": {\"id\": \"7416f640-6454-46dd-976b-5f18b72d315b\", \"root\": false, \"type\": \"map\", \"cached\": false, \"source\": \"/company-profile2Output/response/ticker\", \"target\": \"/200Response/Symbol\", \"mapNull\": false, \"disabled\": false, \"extractXml\": false, \"extractJson\": true, \"targetOrder\": 8.0, \"mapEmptyString\": false, \"sourceJavaType\": \"java.lang.String\", \"targetJavaType\": \"java.lang.String\"}}]}",
    "null" : false
  },
  "component_id" : "57a4eaf2-7d82-4894-856a-a4a477d2a3a5",
  "service_id" : "057a0d03-9fac-4e41-ab61-fc0c2d218ef2",
  "endpoint_id" : "876525e2-91e1-4626-b544-ef942d57654c",
  "parent_component_config_id" : "40610536-adb0-49bb-a027-754224cdbf9e",
  "component_config_order" : 4.0,
  "action_id" : "57561e36-ab3c-427b-8fd6-55016149e0ba",
  "name" : null,
  "description" : "",
  "override_endpoint" : false,
  "input_structure_json" : {
    "type" : "jsonb",
    "value" : "{\"maps\": [{\"/queryParams/symbol\": [{\"type\": \"map\", \"source\": {\"path\": \"/SymbolUC\", \"title\": \"SymbolUC\", \"dataElementType\": \"string\"}, \"target\": {\"path\": \"/queryParams/symbol\", \"title\": \"symbol\", \"dataElementType\": \"string\"}, \"mapCondition\": {\"isConditionSet\": false, \"sourceTreeIndex\": [], \"targetTreeIndex\": [], \"mapConditionFormValue\": {}}}]}], \"mappedNodes\": [\"/company-profile2OutputactionOut\", \"/company-profile2OutputpipeOut\", \"/SymbolUC pipeIn\", \"/queryParams/symbol actionIn\", \"/company-profile2Output/response/name\", \"/200Response/NamepipeOut\", \"/company-profile2Output/response/ticker\", \"/200Response/SymbolpipeOut\"], \"addVariables\": []}",
    "null" : false
  },
  "output_structure_json" : {
    "type" : "jsonb",
    "value" : "{\"maps\": [{\"/company-profile2Output\": [{\"type\": \"map\", \"source\": {\"path\": \"/company-profile2Output\", \"title\": \"company-profile2Output\", \"dataElementType\": \"document\"}, \"target\": {\"path\": \"/company-profile2Output\", \"order\": 1, \"title\": \"company-profile2Output\", \"dataElementType\": \"document\"}, \"mapCondition\": {\"isConditionSet\": false, \"sourceTreeIndex\": [], \"targetTreeIndex\": [], \"mapConditionFormValue\": {}}}]}, {\"/200Response/Name\": [{\"type\": \"map\", \"source\": {\"path\": \"/company-profile2Output/response/name\", \"title\": \"name\", \"dataElementType\": \"string\"}, \"target\": {\"path\": \"/200Response/Name\", \"order\": 9, \"title\": \"Name\", \"dataElementType\": \"string\"}, \"extractJson\": true, \"mapCondition\": {\"isConditionSet\": false, \"sourceTreeIndex\": [], \"targetTreeIndex\": [], \"mapConditionFormValue\": {}}}]}, {\"/200Response/Symbol\": [{\"type\": \"map\", \"source\": {\"path\": \"/company-profile2Output/response/ticker\", \"title\": \"ticker\", \"dataElementType\": \"string\"}, \"target\": {\"path\": \"/200Response/Symbol\", \"order\": 8, \"title\": \"Symbol\", \"dataElementType\": \"string\"}, \"extractJson\": true, \"mapCondition\": {\"isConditionSet\": false, \"sourceTreeIndex\": [], \"targetTreeIndex\": [], \"mapConditionFormValue\": {}}}]}], \"tracks\": {}, \"transformer\": []}",
    "null" : false
  },
  "endpoint_structure_json" : {
    "type" : "jsonb",
    "value" : "{\"maps\": []}",
    "null" : false
  },
  "is_error" : false,
  "no_of_errors" : 0,
  "action_input_type" : null,
  "config_service_id" : null,
  "config_imap_id" : null,
  "config_b2b_document_type_id" : null,
  "config_document_id" : null,
  "add_variables" : {
    "type" : "jsonb",
    "value" : "[]",
    "null" : false
  },
  "drop_variables" : {
    "type" : "jsonb",
    "value" : "[]",
    "null" : false
  },
  "plug_input_structure" : {
    "type" : "jsonb",
    "value" : "[{\"id\": \"1c346451-1ae2-4d9a-a41d-088e11af811a\", \"key\": \"/pathParams\", \"order\": 0.0, \"title\": \"pathParams\", \"value\": {\"type\": \"object\"}, \"isLeaf\": false, \"children\": [], \"entityType\": \"componentConfig\", \"childrenSet\": false, \"hasChildren\": true, \"dataElementType\": \"document\", \"encryption_required\": false}, {\"id\": \"1c346451-1ae2-4d9a-a41d-088e11af811a\", \"key\": \"/queryParams\", \"order\": 1.0, \"title\": \"queryParams\", \"value\": {\"type\": \"object\"}, \"isLeaf\": false, \"children\": [{\"id\": \"1c346451-1ae2-4d9a-a41d-088e11af811a\", \"key\": \"/queryParams/symbol\", \"title\": \"symbol\", \"value\": {\"type\": \"string\"}, \"isLeaf\": true, \"entityType\": \"componentConfig\", \"childrenSet\": false, \"hasChildren\": false, \"dataElementType\": \"string\", \"encryption_required\": false}, {\"id\": \"1c346451-1ae2-4d9a-a41d-088e11af811a\", \"key\": \"/queryParams/isin\", \"title\": \"isin\", \"value\": {\"type\": \"string\"}, \"isLeaf\": true, \"entityType\": \"componentConfig\", \"childrenSet\": false, \"hasChildren\": false, \"dataElementType\": \"string\", \"encryption_required\": false}, {\"id\": \"1c346451-1ae2-4d9a-a41d-088e11af811a\", \"key\": \"/queryParams/cusip\", \"title\": \"cusip\", \"value\": {\"type\": \"string\"}, \"isLeaf\": true, \"entityType\": \"componentConfig\", \"childrenSet\": false, \"hasChildren\": false, \"dataElementType\": \"string\", \"encryption_required\": false}], \"entityType\": \"componentConfig\", \"childrenSet\": false, \"hasChildren\": true, \"dataElementType\": \"document\", \"encryption_required\": false}, {\"id\": \"1c346451-1ae2-4d9a-a41d-088e11af811a\", \"key\": \"/headers\", \"order\": 2.0, \"title\": \"headers\", \"value\": {\"type\": \"object\"}, \"isLeaf\": false, \"children\": [], \"entityType\": \"componentConfig\", \"childrenSet\": false, \"hasChildren\": true, \"dataElementType\": \"document\", \"encryption_required\": false}]",
    "null" : false
  },
  "plug_output_structure" : {
    "type" : "jsonb",
    "value" : "[{\"id\": \"1c346451-1ae2-4d9a-a41d-088e11af811a\", \"key\": \"/company-profile2Output\", \"type\": \"object\", \"order\": 1.0, \"title\": \"company-profile2Output\", \"value\": {\"type\": \"object\", \"requiredFlag\": false}, \"isLeaf\": false, \"children\": [{\"id\": \"1c346451-1ae2-4d9a-a41d-088e11af811a\", \"key\": \"/company-profile2Output/success\", \"type\": \"boolean\", \"order\": 2.0, \"title\": \"success\", \"value\": {\"type\": \"boolean\", \"requiredFlag\": false}, \"isLeaf\": true, \"entityType\": \"componentConfig\", \"childrenSet\": false, \"hasChildren\": false, \"dataElementType\": \"boolean\", \"encryption_required\": false}, {\"id\": \"1c346451-1ae2-4d9a-a41d-088e11af811a\", \"key\": \"/company-profile2Output/statusCode\", \"type\": \"number\", \"order\": 3.0, \"title\": \"statusCode\", \"value\": {\"type\": \"number\", \"requiredFlag\": false}, \"isLeaf\": true, \"entityType\": \"componentConfig\", \"childrenSet\": false, \"hasChildren\": false, \"dataElementType\": \"number\", \"encryption_required\": false}, {\"id\": \"1c346451-1ae2-4d9a-a41d-088e11af811a\", \"key\": \"/company-profile2Output/response\", \"type\": \"object\", \"order\": 4.0, \"title\": \"response\", \"value\": {\"type\": \"object\", \"requiredFlag\": false}, \"isLeaf\": false, \"children\": [{\"id\": \"1c346451-1ae2-4d9a-a41d-088e11af811a\", \"key\": \"/company-profile2Output/response/country\", \"type\": \"string\", \"order\": 5.0, \"title\": \"country\", \"value\": {\"type\": \"string\", \"requiredFlag\": false}, \"isLeaf\": true, \"entityType\": \"componentConfig\", \"childrenSet\": false, \"hasChildren\": false, \"dataElementType\": \"string\", \"encryption_required\": false}, {\"id\": \"1c346451-1ae2-4d9a-a41d-088e11af811a\", \"key\": \"/company-profile2Output/response/currency\", \"type\": \"string\", \"order\": 6.0, \"title\": \"currency\", \"value\": {\"type\": \"string\", \"requiredFlag\": false}, \"isLeaf\": true, \"entityType\": \"componentConfig\", \"childrenSet\": false, \"hasChildren\": false, \"dataElementType\": \"string\", \"encryption_required\": false}, {\"id\": \"1c346451-1ae2-4d9a-a41d-088e11af811a\", \"key\": \"/company-profile2Output/response/exchange\", \"type\": \"string\", \"order\": 7.0, \"title\": \"exchange\", \"value\": {\"type\": \"string\", \"requiredFlag\": false}, \"isLeaf\": true, \"entityType\": \"componentConfig\", \"childrenSet\": false, \"hasChildren\": false, \"dataElementType\": \"string\", \"encryption_required\": false}, {\"id\": \"1c346451-1ae2-4d9a-a41d-088e11af811a\", \"key\": \"/company-profile2Output/response/name\", \"type\": \"string\", \"order\": 8.0, \"title\": \"name\", \"value\": {\"type\": \"string\", \"requiredFlag\": false}, \"isLeaf\": true, \"entityType\": \"componentConfig\", \"childrenSet\": false, \"hasChildren\": false, \"dataElementType\": \"string\", \"encryption_required\": false}, {\"id\": \"1c346451-1ae2-4d9a-a41d-088e11af811a\", \"key\": \"/company-profile2Output/response/ticker\", \"type\": \"string\", \"order\": 9.0, \"title\": \"ticker\", \"value\": {\"type\": \"string\", \"requiredFlag\": false}, \"isLeaf\": true, \"entityType\": \"componentConfig\", \"childrenSet\": false, \"hasChildren\": false, \"dataElementType\": \"string\", \"encryption_required\": false}, {\"id\": \"1c346451-1ae2-4d9a-a41d-088e11af811a\", \"key\": \"/company-profile2Output/response/ipo\", \"type\": \"string\", \"order\": 10.0, \"title\": \"ipo\", \"value\": {\"type\": \"string\", \"requiredFlag\": false}, \"isLeaf\": true, \"entityType\": \"componentConfig\", \"childrenSet\": false, \"hasChildren\": false, \"dataElementType\": \"string\", \"encryption_required\": false}, {\"id\": \"1c346451-1ae2-4d9a-a41d-088e11af811a\", \"key\": \"/company-profile2Output/response/marketCapitalization\", \"type\": \"number\", \"order\": 11.0, \"title\": \"marketCapitalization\", \"value\": {\"type\": \"number\", \"requiredFlag\": false}, \"isLeaf\": true, \"entityType\": \"componentConfig\", \"childrenSet\": false, \"hasChildren\": false, \"dataElementType\": \"number\", \"encryption_required\": false}, {\"id\": \"1c346451-1ae2-4d9a-a41d-088e11af811a\", \"key\": \"/company-profile2Output/response/shareOutstanding\", \"type\": \"number\", \"order\": 12.0, \"title\": \"shareOutstanding\", \"value\": {\"type\": \"number\", \"requiredFlag\": false}, \"isLeaf\": true, \"entityType\": \"componentConfig\", \"childrenSet\": false, \"hasChildren\": false, \"dataElementType\": \"number\", \"encryption_required\": false}, {\"id\": \"1c346451-1ae2-4d9a-a41d-088e11af811a\", \"key\": \"/company-profile2Output/response/logo\", \"type\": \"string\", \"order\": 13.0, \"title\": \"logo\", \"value\": {\"type\": \"string\", \"requiredFlag\": false}, \"isLeaf\": true, \"entityType\": \"componentConfig\", \"childrenSet\": false, \"hasChildren\": false, \"dataElementType\": \"string\", \"encryption_required\": false}, {\"id\": \"1c346451-1ae2-4d9a-a41d-088e11af811a\", \"key\": \"/company-profile2Output/response/phone\", \"type\": \"string\", \"order\": 14.0, \"title\": \"phone\", \"value\": {\"type\": \"string\", \"requiredFlag\": false}, \"isLeaf\": true, \"entityType\": \"componentConfig\", \"childrenSet\": false, \"hasChildren\": false, \"dataElementType\": \"string\", \"encryption_required\": false}, {\"id\": \"1c346451-1ae2-4d9a-a41d-088e11af811a\", \"key\": \"/company-profile2Output/response/weburl\", \"type\": \"string\", \"order\": 15.0, \"title\": \"weburl\", \"value\": {\"type\": \"string\", \"requiredFlag\": false}, \"isLeaf\": true, \"entityType\": \"componentConfig\", \"childrenSet\": false, \"hasChildren\": false, \"dataElementType\": \"string\", \"encryption_required\": false}, {\"id\": \"1c346451-1ae2-4d9a-a41d-088e11af811a\", \"key\": \"/company-profile2Output/response/finnhubIndustry\", \"type\": \"string\", \"order\": 16.0, \"title\": \"finnhubIndustry\", \"value\": {\"type\": \"string\", \"requiredFlag\": false}, \"isLeaf\": true, \"entityType\": \"componentConfig\", \"childrenSet\": false, \"hasChildren\": false, \"dataElementType\": \"string\", \"encryption_required\": false}], \"entityType\": \"componentConfig\", \"childrenSet\": false, \"hasChildren\": false, \"dataElementType\": \"document\", \"encryption_required\": false}, {\"id\": \"1c346451-1ae2-4d9a-a41d-088e11af811a\", \"key\": \"/company-profile2Output/errors\", \"order\": 3.0, \"title\": \"errors\", \"value\": {\"type\": \"object\"}, \"isLeaf\": true, \"children\": [], \"entityType\": \"componentConfig\", \"childrenSet\": false, \"hasChildren\": false, \"dataElementType\": \"document\", \"encryption_required\": false}, {\"id\": \"1c346451-1ae2-4d9a-a41d-088e11af811a\", \"key\": \"/company-profile2Output/responseHeaders\", \"order\": 4.0, \"title\": \"responseHeaders\", \"value\": {\"type\": \"object\"}, \"isLeaf\": true, \"children\": [], \"entityType\": \"componentConfig\", \"childrenSet\": false, \"hasChildren\": false, \"dataElementType\": \"document\", \"encryption_required\": false}], \"entityType\": \"componentConfig\", \"childrenSet\": false, \"hasChildren\": false, \"dataElementType\": \"document\", \"encryption_required\": false}]",
    "null" : false
  },
  "config_plug_id" : null,
  "override_plug" : false,
  "config_java_service_id" : null,
  "service_tag" : "V13",
  "endpoint_tag" : "EMPTY",
  "config_service_tag" : "",
  "config_imap_tag" : "",
  "config_b2b_document_type_tag" : "",
  "active" : false,
  "parent_component_config_service_tag" : "V13",
  "service_project_id" : "94afffa5-622e-4445-9e23-5019119fbd0b",
  "service_project_tag" : "V13",
  "config_service_project_id" : null,
  "config_service_project_tag" : "",
  "config_imap_project_id" : null,
  "config_imap_project_tag" : "",
  "config_b2b_document_type_project_id" : null,
  "config_b2b_document_type_project_tag" : "",
  "endpoint_project_id" : "94afffa5-622e-4445-9e23-5019119fbd0b",
  "endpoint_project_tag" : "EMPTY",
  "config_plug_tag" : null,
  "config_plug_project_id" : null,
  "config_plug_project_tag" : null,
  "config_java_service_tag" : "",
  "config_java_service_project_id" : null,
  "config_java_service_project_tag" : "",
  "disabled" : false,
  "config" : {
    "type" : "json",
    "value" : "{\"objectName\":\"stock\",\"operationName\":\"company-profile2\",\"actionConfig\":{\"resourcePath\":\"/stock/profile2\",\"produces\":[\"application/json\"],\"methodName\":\"get\",\"consumes\":[\"application/json\"]}}",
    "null" : false
  },
  "config_b2b_document_type_project_mode_id" : "112c1cb8-4b9e-4d1a-a042-0bd031dc7d05",
  "config_imap_project_mode_id" : "112c1cb8-4b9e-4d1a-a042-0bd031dc7d05",
  "config_java_service_project_mode_id" : "112c1cb8-4b9e-4d1a-a042-0bd031dc7d05",
  "config_plug_project_mode_id" : "112c1cb8-4b9e-4d1a-a042-0bd031dc7d05",
  "config_service_project_mode_id" : "112c1cb8-4b9e-4d1a-a042-0bd031dc7d05",
  "endpoint_project_mode_id" : "112c1cb8-4b9e-4d1a-a042-0bd031dc7d05",
  "service_project_mode_id" : "112c1cb8-4b9e-4d1a-a042-0bd031dc7d05",
  "parent_component_config_service_project_mode_id" : "112c1cb8-4b9e-4d1a-a042-0bd031dc7d05",
  "is_audit" : true,
  "keys_with_order" : null
}