{
  "component_config_id" : "610d3811-d468-47d1-bf80-9f1332a2cd01",
  "endpoint_config_json" : {
    "type" : "jsonb",
    "value" : "{\"crossRef\": [], \"services\": [], \"multistep\": [], \"operations\": []}",
    "null" : false
  },
  "input_config_json" : {
    "type" : "jsonb",
    "value" : "{\"crossRef\": [], \"services\": [], \"multistep\": [], \"operations\": [{\"map\": {\"id\": \"592b6c56-069e-4a96-a54b-790c6277a170\", \"root\": false, \"type\": \"setValue\", \"cached\": false, \"target\": \"/ApacheKafkaPublishInput/topicName\", \"mapNull\": false, \"disabled\": false, \"extractXml\": false, \"extractJson\": false, \"targetOrder\": 2.0, \"targetValue\": \"TestTopic\", \"mapEmptyString\": false, \"targetJavaType\": \"java.lang.String\", \"variableSubstitution\": false}}, {\"map\": {\"id\": \"c8da6a30-5f81-4573-be79-388e58d23f7e\", \"root\": false, \"type\": \"setValue\", \"cached\": false, \"target\": \"/ApacheKafkaPublishInput/messages[]/value\", \"mapNull\": false, \"disabled\": false, \"extractXml\": false, \"extractJson\": false, \"targetOrder\": 6.0, \"targetValue\": \"Hello from Kafka Publisher!!!\", \"mapEmptyString\": false, \"targetJavaType\": \"java.lang.String\", \"variableSubstitution\": false}}]}",
    "null" : false
  },
  "output_config_json" : {
    "type" : "jsonb",
    "value" : "{\"crossRef\": [], \"services\": [], \"multistep\": [], \"operations\": [{\"map\": {\"id\": \"2a796b42-83d8-46ba-8f13-06c2590e37f3\", \"root\": true, \"type\": \"map\", \"cached\": false, \"source\": \"/ApacheKafkaPublishOutput\", \"target\": \"/ApacheKafkaPublishOutput\", \"mapNull\": false, \"disabled\": false, \"extractXml\": false, \"extractJson\": false, \"mapEmptyString\": false}}]}",
    "null" : false
  },
  "component_id" : "5a882aff-d339-4df1-99af-fa8f7ed3b47b",
  "service_id" : "43110ab2-d056-4592-bfc1-65ce0448d8ec",
  "endpoint_id" : "2a8ace3e-4096-41b0-966b-7a4565658599",
  "parent_component_config_id" : null,
  "component_config_order" : 2.0,
  "action_id" : "8239c5e9-b43f-4ac9-b0a5-7aa6f4af534d",
  "name" : null,
  "description" : "",
  "override_endpoint" : false,
  "input_structure_json" : {
    "type" : "jsonb",
    "value" : "{\"maps\": [{\"/ApacheKafkaPublishInput/topicName\": [{\"type\": \"setValue\", \"target\": {\"path\": \"/ApacheKafkaPublishInput/topicName\", \"order\": 2, \"title\": \"topicName\", \"dataElementType\": \"string\"}, \"values\": [{\"id\": \"a4e70451-4658-4ac7-b214-f6a183c55d33\", \"key\": \"/ApacheKafkaPublishInput/topicName\", \"type\": \"string\", \"order\": 2, \"title\": \"topicName\", \"isLeaf\": true, \"setValue\": null, \"uiElement\": \"TestTopic\", \"isSetValue\": false, \"childrenSet\": false, \"hasChildren\": false, \"dataElementType\": \"string\", \"encryption_required\": false}], \"mapCondition\": {\"isConditionSet\": false, \"sourceTreeIndex\": [], \"targetTreeIndex\": [], \"mapConditionFormValue\": {}}, \"variableSubstitution\": false, \"overwritePipelineValue\": false}]}, {\"/ApacheKafkaPublishInput/messages[]/value\": [{\"type\": \"setValue\", \"target\": {\"path\": \"/ApacheKafkaPublishInput/messages[]/value\", \"order\": 6, \"title\": \"value\", \"dataElementType\": \"string\"}, \"values\": [{\"id\": \"968103cf-3294-430a-a55b-f1c79fe23e56\", \"key\": \"/ApacheKafkaPublishInput/messages[]/value\", \"type\": \"string\", \"order\": 6, \"title\": \"value\", \"isLeaf\": true, \"setValue\": null, \"uiElement\": \"Hello from Kafka Publisher!!!\", \"isSetValue\": false, \"childrenSet\": false, \"hasChildren\": false, \"dataElementType\": \"string\", \"encryption_required\": false}], \"mapCondition\": {\"isConditionSet\": false, \"sourceTreeIndex\": [], \"targetTreeIndex\": [{\"key\": 1, \"title\": \"ApacheKafkaPublishInput\", \"isLeaf\": false, \"isArray\": false, \"children\": [{\"key\": 2, \"title\": \"messages\", \"isLeaf\": false, \"isArray\": true, \"children\": [{\"key\": 3, \"title\": \"value\", \"isLeaf\": false, \"isArray\": false, \"parentKey\": 2}], \"parentKey\": 1, \"arrayIndex\": null}], \"parentKey\": 0}], \"mapConditionFormValue\": {}}, \"variableSubstitution\": false, \"overwritePipelineValue\": false}]}], \"mappedNodes\": [\"/ApacheKafkaPublishOutput\", \"/ApacheKafkaPublishOutputpipeOut\", \"/ApacheKafkaPublishInput/topicName actionIn\", \"/ApacheKafkaPublishInput actionIn\", \"/ApacheKafkaPublishInput/messages[]/value actionIn\", \"/ApacheKafkaPublishInput/messages[] actionIn\", \"/ApacheKafkaPublishInput actionIn\"]}",
    "null" : false
  },
  "output_structure_json" : {
    "type" : "jsonb",
    "value" : "{\"maps\": [{\"/ApacheKafkaPublishOutput\": [{\"type\": \"map\", \"source\": {\"path\": \"/ApacheKafkaPublishOutput\", \"title\": \"ApacheKafkaPublishOutput\", \"dataElementType\": \"document\"}, \"target\": {\"path\": \"/ApacheKafkaPublishOutput\", \"alias\": null, \"order\": null, \"title\": \"ApacheKafkaPublishOutput\", \"dataElementType\": \"document\"}, \"mapCondition\": {\"mapNull\": null, \"defaultValue\": null, \"isConditionSet\": false, \"mapEmptyString\": null, \"sourceTreeIndex\": [], \"targetTreeIndex\": [], \"mapConditionFormValue\": {\"fields\": null}}}]}], \"tracks\": {}, \"transformer\": []}",
    "null" : false
  },
  "endpoint_structure_json" : {
    "type" : "jsonb",
    "value" : "{\"maps\": []}",
    "null" : false
  },
  "is_error" : false,
  "no_of_errors" : 0,
  "action_input_type" : null,
  "config_service_id" : null,
  "config_imap_id" : null,
  "config_b2b_document_type_id" : null,
  "config_document_id" : null,
  "add_variables" : {
    "type" : "jsonb",
    "value" : "[]",
    "null" : false
  },
  "drop_variables" : {
    "type" : "jsonb",
    "value" : "[]",
    "null" : false
  },
  "plug_input_structure" : null,
  "plug_output_structure" : null,
  "config_plug_id" : null,
  "override_plug" : false,
  "config_java_service_id" : null,
  "service_tag" : "V13",
  "endpoint_tag" : "EMPTY",
  "config_service_tag" : "",
  "config_imap_tag" : "",
  "config_b2b_document_type_tag" : "",
  "active" : false,
  "parent_component_config_service_tag" : "V13",
  "service_project_id" : "94afffa5-622e-4445-9e23-5019119fbd0b",
  "service_project_tag" : "V13",
  "config_service_project_id" : null,
  "config_service_project_tag" : "",
  "config_imap_project_id" : null,
  "config_imap_project_tag" : "",
  "config_b2b_document_type_project_id" : null,
  "config_b2b_document_type_project_tag" : "",
  "endpoint_project_id" : "94afffa5-622e-4445-9e23-5019119fbd0b",
  "endpoint_project_tag" : "EMPTY",
  "config_plug_tag" : null,
  "config_plug_project_id" : null,
  "config_plug_project_tag" : null,
  "config_java_service_tag" : "",
  "config_java_service_project_id" : null,
  "config_java_service_project_tag" : "",
  "disabled" : false,
  "config" : null,
  "config_b2b_document_type_project_mode_id" : "112c1cb8-4b9e-4d1a-a042-0bd031dc7d05",
  "config_imap_project_mode_id" : "112c1cb8-4b9e-4d1a-a042-0bd031dc7d05",
  "config_java_service_project_mode_id" : "112c1cb8-4b9e-4d1a-a042-0bd031dc7d05",
  "config_plug_project_mode_id" : "112c1cb8-4b9e-4d1a-a042-0bd031dc7d05",
  "config_service_project_mode_id" : "112c1cb8-4b9e-4d1a-a042-0bd031dc7d05",
  "endpoint_project_mode_id" : "112c1cb8-4b9e-4d1a-a042-0bd031dc7d05",
  "service_project_mode_id" : "112c1cb8-4b9e-4d1a-a042-0bd031dc7d05",
  "parent_component_config_service_project_mode_id" : "112c1cb8-4b9e-4d1a-a042-0bd031dc7d05",
  "is_audit" : true,
  "keys_with_order" : null
}