{
  "component_config_id" : "f1130ccf-61c4-4fc1-948d-020a1d54f223",
  "endpoint_config_json" : {
    "type" : "jsonb",
    "value" : "{\"crossRef\": [], \"services\": [], \"multistep\": [], \"operations\": []}",
    "null" : false
  },
  "input_config_json" : {
    "type" : "jsonb",
    "value" : "{\"crossRef\": [], \"services\": [], \"multistep\": [], \"operations\": []}",
    "null" : false
  },
  "output_config_json" : {
    "type" : "jsonb",
    "value" : "{\"crossRef\": [], \"services\": [], \"multistep\": [], \"operations\": [{\"transformer\": {\"id\": \"48031f81-1114-4cb2-92dc-293838c79b50\", \"name\": \"STRING_UPPER_CASE\", \"type\": \"String\", \"query\": null, \"inputs\": [{\"id\": \"43ecbf97-f678-4b5c-acd6-8bc91d3c3660\", \"root\": false, \"type\": \"map\", \"cached\": false, \"source\": \"/QuoteServiceInput/Symbol\", \"target\": \"/STRING_UPPER_CASE_INPUT/inputString\", \"mapNull\": false, \"disabled\": false, \"extractXml\": false, \"extractJson\": false, \"mapEmptyString\": false, \"sourceJavaType\": \"java.lang.String\", \"targetJavaType\": \"java.lang.String\"}], \"outputs\": [{\"id\": \"4a194e9c-ac78-40ee-8c4c-88e0c228d1ad\", \"root\": false, \"type\": \"map\", \"cached\": false, \"source\": \"/STRING_UPPER_CASE_OUTPUT/output\", \"target\": \"/SymbolUC\", \"mapNull\": false, \"disabled\": false, \"extractXml\": false, \"extractJson\": false, \"targetOrder\": 1.0, \"mapEmptyString\": false, \"sourceJavaType\": \"java.lang.String\", \"targetJavaType\": \"java.lang.String\"}], \"tableId\": null, \"configId\": null, \"disabled\": false, \"serviceId\": null, \"expression\": null}}]}",
    "null" : false
  },
  "component_id" : "8ac5fe03-27a2-4e6a-a449-6a8893818223",
  "service_id" : "057a0d03-9fac-4e41-ab61-fc0c2d218ef2",
  "endpoint_id" : null,
  "parent_component_config_id" : "40610536-adb0-49bb-a027-754224cdbf9e",
  "component_config_order" : 2.0,
  "action_id" : "06843b78-eab0-45da-afab-8c8277d7553f",
  "name" : "",
  "description" : "",
  "override_endpoint" : false,
  "input_structure_json" : {
    "type" : "jsonb",
    "value" : "{\"maps\": [], \"mappedNodes\": [\"/QuoteServiceInput/Symbol pipeIn\", \"/STRING_UPPER_CASE_INPUT/inputString0\", \"/STRING_UPPER_CASE_OUTPUT/output0\", \"/SymbolUCpipeOut\"]}",
    "null" : false
  },
  "output_structure_json" : {
    "type" : "jsonb",
    "value" : "{\"maps\": [], \"tracks\": {}, \"transformer\": [{\"inputs\": {\"/STRING_UPPER_CASE_INPUT/inputString\": [{\"type\": \"map\", \"source\": {\"path\": \"/QuoteServiceInput/Symbol\", \"title\": \"Symbol\", \"dataElementType\": \"string\"}, \"target\": {\"path\": \"/STRING_UPPER_CASE_INPUT/inputString\", \"title\": \"inputString\", \"dataElementType\": \"string\"}, \"mapCondition\": {\"isConditionSet\": false, \"sourceTreeIndex\": [], \"targetTreeIndex\": [], \"mapConditionFormValue\": {}}}]}, \"outputs\": {\"/SymbolUC\": [{\"type\": \"map\", \"source\": {\"path\": \"/STRING_UPPER_CASE_OUTPUT/output\", \"title\": \"output\", \"dataElementType\": \"string\"}, \"target\": {\"path\": \"/SymbolUC\", \"order\": 1, \"title\": \"SymbolUC\", \"dataElementType\": \"string\"}, \"mapCondition\": {\"isConditionSet\": false, \"sourceTreeIndex\": [], \"targetTreeIndex\": [], \"mapConditionFormValue\": {}}}]}, \"functionInfo\": {\"id\": \"56ebbc08-9f71-4db7-8d29-2ea3274c9a8a\", \"name\": \"UpperCase\", \"category\": {\"id\": \"7e335ebf-c122-41de-a87f-8e4cb8f39ff6\"}, \"internalName\": \"STRING_UPPER_CASE\"}}]}",
    "null" : false
  },
  "endpoint_structure_json" : {
    "type" : "jsonb",
    "value" : "{\"maps\": []}",
    "null" : false
  },
  "is_error" : false,
  "no_of_errors" : 0,
  "action_input_type" : null,
  "config_service_id" : null,
  "config_imap_id" : null,
  "config_b2b_document_type_id" : null,
  "config_document_id" : null,
  "add_variables" : {
    "type" : "jsonb",
    "value" : "[{\"id\": \"e44e2356-3095-483f-ac0c-a1edd54a3aae\", \"key\": \"/SymbolUC\", \"type\": \"node\", \"order\": 1, \"title\": \"SymbolUC\", \"value\": {\"type\": \"string\"}, \"children\": [], \"editAllow\": true, \"componentName\": \"\", \"dataElementType\": \"string\", \"componentConfigId\": \"f1130ccf-61c4-4fc1-948d-020a1d54f223\", \"componentConfigName\": \"Map\"}, {\"id\": \"7ddb4f18-24ec-49e1-be3c-6d2180df80d5\", \"key\": \"/200Response\", \"type\": \"node\", \"order\": 1, \"title\": \"200Response\", \"value\": {}, \"children\": [{\"id\": \"6ddbc736-704d-4e32-b1e5-ac27d4c04927\", \"key\": \"/200Response/Price\", \"type\": \"node\", \"order\": 1, \"title\": \"Price\", \"value\": {\"type\": \"number\"}, \"isLeaf\": true, \"editAllow\": true, \"extractXml\": false, \"childrenSet\": false, \"extractJson\": true, \"hasChildren\": false, \"dataElementType\": \"number\", \"componentConfigId\": \"f1130ccf-61c4-4fc1-948d-020a1d54f223\", \"encryption_required\": false}, {\"id\": \"73b9d381-07b5-45a7-98f1-b4f86a76d28e\", \"key\": \"/200Response/Change\", \"type\": \"node\", \"order\": 2, \"title\": \"Change\", \"value\": {\"type\": \"number\"}, \"isLeaf\": true, \"editAllow\": true, \"extractXml\": false, \"childrenSet\": false, \"extractJson\": true, \"hasChildren\": false, \"dataElementType\": \"number\", \"componentConfigId\": \"f1130ccf-61c4-4fc1-948d-020a1d54f223\", \"encryption_required\": false}, {\"id\": \"64e604f2-fd05-45e6-b4f7-566b06b05aeb\", \"key\": \"/200Response/ChangePercent\", \"type\": \"node\", \"order\": 3, \"title\": \"ChangePercent\", \"value\": {\"type\": \"number\"}, \"isLeaf\": true, \"editAllow\": true, \"extractXml\": false, \"childrenSet\": false, \"extractJson\": true, \"hasChildren\": false, \"dataElementType\": \"number\", \"componentConfigId\": \"f1130ccf-61c4-4fc1-948d-020a1d54f223\", \"encryption_required\": false}, {\"id\": \"0a972244-5162-451f-97a0-5e415b0377e8\", \"key\": \"/200Response/DayHigh\", \"type\": \"node\", \"order\": 4, \"title\": \"DayHigh\", \"value\": {\"type\": \"number\"}, \"isLeaf\": true, \"editAllow\": true, \"extractXml\": false, \"childrenSet\": false, \"extractJson\": true, \"hasChildren\": false, \"dataElementType\": \"number\", \"componentConfigId\": \"f1130ccf-61c4-4fc1-948d-020a1d54f223\", \"encryption_required\": false}, {\"id\": \"ea07fdd6-3eb9-49b8-b643-3986178cae51\", \"key\": \"/200Response/DayLow\", \"type\": \"node\", \"order\": 5, \"title\": \"DayLow\", \"value\": {\"type\": \"number\"}, \"isLeaf\": true, \"editAllow\": true, \"extractXml\": false, \"childrenSet\": false, \"extractJson\": true, \"hasChildren\": false, \"dataElementType\": \"number\", \"componentConfigId\": \"f1130ccf-61c4-4fc1-948d-020a1d54f223\", \"encryption_required\": false}, {\"id\": \"5096aa82-5f77-4fdd-bc3c-f144ddb1a11f\", \"key\": \"/200Response/OpenPrice\", \"type\": \"node\", \"order\": 6, \"title\": \"OpenPrice\", \"value\": {\"type\": \"number\"}, \"isLeaf\": true, \"editAllow\": true, \"extractXml\": false, \"childrenSet\": false, \"extractJson\": true, \"hasChildren\": false, \"dataElementType\": \"number\", \"componentConfigId\": \"f1130ccf-61c4-4fc1-948d-020a1d54f223\", \"encryption_required\": false}, {\"id\": \"5a3dc2b9-843e-4cef-ad52-605ed695aca4\", \"key\": \"/200Response/PreviousClose\", \"type\": \"node\", \"order\": 7, \"title\": \"PreviousClose\", \"value\": {\"type\": \"number\"}, \"isLeaf\": true, \"editAllow\": true, \"extractXml\": false, \"childrenSet\": false, \"extractJson\": true, \"hasChildren\": false, \"dataElementType\": \"number\", \"componentConfigId\": \"f1130ccf-61c4-4fc1-948d-020a1d54f223\", \"encryption_required\": false}, {\"id\": \"241b133f-2a46-4377-9260-b670d1ea971e\", \"key\": \"/200Response/Symbol\", \"type\": \"node\", \"order\": 8, \"title\": \"Symbol\", \"value\": {\"type\": \"string\"}, \"isLeaf\": true, \"editAllow\": true, \"extractXml\": false, \"childrenSet\": false, \"extractJson\": true, \"hasChildren\": false, \"dataElementType\": \"string\", \"componentConfigId\": \"f1130ccf-61c4-4fc1-948d-020a1d54f223\", \"encryption_required\": false}, {\"id\": \"0c7d483e-92b7-4231-9026-53d70f75e1d9\", \"key\": \"/200Response/Name\", \"type\": \"node\", \"order\": 9, \"title\": \"Name\", \"value\": {\"type\": \"string\"}, \"isLeaf\": true, \"editAllow\": true, \"extractXml\": false, \"childrenSet\": false, \"extractJson\": true, \"hasChildren\": false, \"dataElementType\": \"string\", \"componentConfigId\": \"f1130ccf-61c4-4fc1-948d-020a1d54f223\", \"encryption_required\": false}], \"editAllow\": true, \"extractXml\": false, \"extractJson\": true, \"componentName\": \"\", \"dataElementType\": \"document\", \"componentConfigId\": \"f1130ccf-61c4-4fc1-948d-020a1d54f223\", \"componentConfigName\": \"Map\"}]",
    "null" : false
  },
  "drop_variables" : {
    "type" : "jsonb",
    "value" : "[]",
    "null" : false
  },
  "plug_input_structure" : null,
  "plug_output_structure" : null,
  "config_plug_id" : null,
  "override_plug" : false,
  "config_java_service_id" : null,
  "service_tag" : "V13",
  "endpoint_tag" : null,
  "config_service_tag" : "",
  "config_imap_tag" : "",
  "config_b2b_document_type_tag" : "",
  "active" : false,
  "parent_component_config_service_tag" : "V13",
  "service_project_id" : "94afffa5-622e-4445-9e23-5019119fbd0b",
  "service_project_tag" : "V13",
  "config_service_project_id" : null,
  "config_service_project_tag" : "",
  "config_imap_project_id" : null,
  "config_imap_project_tag" : "",
  "config_b2b_document_type_project_id" : null,
  "config_b2b_document_type_project_tag" : "",
  "endpoint_project_id" : null,
  "endpoint_project_tag" : null,
  "config_plug_tag" : null,
  "config_plug_project_id" : null,
  "config_plug_project_tag" : null,
  "config_java_service_tag" : "",
  "config_java_service_project_id" : null,
  "config_java_service_project_tag" : "",
  "disabled" : false,
  "config" : null,
  "config_b2b_document_type_project_mode_id" : "112c1cb8-4b9e-4d1a-a042-0bd031dc7d05",
  "config_imap_project_mode_id" : "112c1cb8-4b9e-4d1a-a042-0bd031dc7d05",
  "config_java_service_project_mode_id" : "112c1cb8-4b9e-4d1a-a042-0bd031dc7d05",
  "config_plug_project_mode_id" : "112c1cb8-4b9e-4d1a-a042-0bd031dc7d05",
  "config_service_project_mode_id" : "112c1cb8-4b9e-4d1a-a042-0bd031dc7d05",
  "endpoint_project_mode_id" : "112c1cb8-4b9e-4d1a-a042-0bd031dc7d05",
  "service_project_mode_id" : "112c1cb8-4b9e-4d1a-a042-0bd031dc7d05",
  "parent_component_config_service_project_mode_id" : "112c1cb8-4b9e-4d1a-a042-0bd031dc7d05",
  "is_audit" : true,
  "keys_with_order" : null
}