{
  "component_config_id" : "fc9bd723-9254-46e3-8507-b1254c46c28b",
  "endpoint_config_json" : {
    "type" : "jsonb",
    "value" : "{\"crossRef\": [], \"services\": [], \"multistep\": [], \"operations\": []}",
    "null" : false
  },
  "input_config_json" : {
    "type" : "jsonb",
    "value" : "{\"crossRef\": [], \"services\": [], \"multistep\": [], \"operations\": [{\"map\": {\"id\": \"f81f0bdb-44dd-4171-bf98-d16fb6f7ec1c\", \"root\": false, \"type\": \"map\", \"cached\": false, \"source\": \"/get-stock-quoteAPIServerRequest/queryParams/symbol\", \"target\": \"/QuoteServiceInput/Symbol\", \"mapNull\": false, \"disabled\": false, \"extractXml\": false, \"extractJson\": false, \"targetOrder\": 1.0, \"mapEmptyString\": false, \"sourceJavaType\": \"java.lang.String\", \"targetJavaType\": \"java.lang.String\"}}]}",
    "null" : false
  },
  "output_config_json" : {
    "type" : "jsonb",
    "value" : "{\"crossRef\": [], \"services\": [], \"multistep\": [], \"operations\": [{\"map\": {\"id\": \"eb90d3e2-50ca-4540-87a2-3506c3e779cc\", \"root\": true, \"type\": \"map\", \"cached\": false, \"source\": \"/QuoteServiceOutput\", \"target\": \"/QuoteServiceOutput\", \"mapNull\": false, \"disabled\": false, \"extractXml\": false, \"extractJson\": false, \"targetOrder\": 1.0, \"mapEmptyString\": false}}, {\"map\": {\"id\": \"827c9ab8-cfd5-4aef-9431-8d711ab50b1c\", \"root\": false, \"type\": \"map\", \"cached\": false, \"source\": \"/QuoteServiceOutput/ResponseStatus\", \"target\": \"/status\", \"mapNull\": false, \"disabled\": false, \"extractXml\": false, \"extractJson\": false, \"targetOrder\": 1.0, \"mapEmptyString\": false, \"sourceJavaType\": \"java.lang.String\", \"targetJavaType\": \"java.lang.String\"}}, {\"map\": {\"id\": \"c41b7aa4-a5f4-44a5-9826-fe1d7b778921\", \"root\": true, \"type\": \"map\", \"cached\": false, \"source\": \"/QuoteServiceOutput/ResponseBody\", \"target\": \"/get-stock-quoteAPIServerResponse/200\", \"mapNull\": false, \"disabled\": false, \"extractXml\": false, \"extractJson\": false, \"targetOrder\": 1.0, \"mapEmptyString\": false}}, {\"map\": {\"id\": \"c7fc17c8-b5f7-4d39-9638-45763fae3af3\", \"root\": true, \"type\": \"map\", \"cached\": false, \"source\": \"/QuoteServiceOutput/ResponseBody\", \"target\": \"/get-stock-quoteAPIServerResponse/500\", \"mapNull\": false, \"disabled\": false, \"extractXml\": false, \"extractJson\": false, \"targetOrder\": 1.0, \"mapEmptyString\": false}}, {\"map\": {\"id\": \"4b05797a-5ae8-46a1-8458-b2d73530f0f6\", \"root\": false, \"type\": \"setValue\", \"cached\": false, \"target\": \"/get-stock-quoteAPIServerResponse/200/responseHeaders/content-type\", \"mapNull\": false, \"disabled\": false, \"extractXml\": false, \"extractJson\": false, \"targetOrder\": 16.0, \"targetValue\": \"application/json\", \"mapEmptyString\": false, \"targetJavaType\": \"java.lang.String\", \"variableSubstitution\": false}}, {\"map\": {\"id\": \"ffd74800-f73c-4646-8eb8-31d6bdc725ca\", \"root\": false, \"type\": \"setValue\", \"cached\": false, \"target\": \"/get-stock-quoteAPIServerResponse/500/responseHeaders/content-type\", \"mapNull\": false, \"disabled\": false, \"extractXml\": false, \"extractJson\": false, \"targetOrder\": 8.0, \"targetValue\": \"application/json\", \"mapEmptyString\": false, \"targetJavaType\": \"java.lang.String\", \"variableSubstitution\": false}}]}",
    "null" : false
  },
  "component_id" : "756d919f-1b1f-4eab-9f44-2f7b5bbe175c",
  "service_id" : "8ae626cc-3540-46f0-bffe-03127a5232d5",
  "endpoint_id" : null,
  "parent_component_config_id" : "dcd4bcee-3780-4718-8211-0fe809c82dcf",
  "component_config_order" : 0.5625,
  "action_id" : "8e231fcc-71d0-43f6-9303-70dcb0ca6080",
  "name" : "",
  "description" : "",
  "override_endpoint" : false,
  "input_structure_json" : {
    "type" : "jsonb",
    "value" : "{\"maps\": [{\"/QuoteServiceInput/Symbol\": [{\"type\": \"map\", \"source\": {\"path\": \"/get-stock-quoteAPIServerRequest/queryParams/symbol\", \"title\": \"symbol\", \"dataElementType\": \"string\"}, \"target\": {\"path\": \"/QuoteServiceInput/Symbol\", \"order\": 1, \"title\": \"Symbol\", \"dataElementType\": \"string\"}, \"mapCondition\": {\"isConditionSet\": false, \"sourceTreeIndex\": [], \"targetTreeIndex\": [], \"mapConditionFormValue\": {}}}]}], \"mappedNodes\": [\"/QuoteServiceOutputactionOut\", \"/QuoteServiceOutputpipeOut\", \"/get-stock-quoteAPIServerRequest/queryParams/symbol pipeIn\", \"/QuoteServiceInput/Symbol actionIn\", \"/QuoteServiceOutput/ResponseStatus\", \"/statuspipeOut\", \"/QuoteServiceOutput/ResponseBody\", \"/get-stock-quoteAPIServerResponse/200pipeOut\", \"/QuoteServiceOutput/ResponseBody\", \"/get-stock-quoteAPIServerResponse/500pipeOut\", \"/get-stock-quoteAPIServerResponse/200/responseHeaders/content-typepipeOut\", \"/get-stock-quoteAPIServerResponse/200/responseHeaderspipeOut\", \"/get-stock-quoteAPIServerResponse/200pipeOut\", \"/get-stock-quoteAPIServerResponsepipeOut\", \"/get-stock-quoteAPIServerResponse/500/responseHeaders/content-typepipeOut\", \"/get-stock-quoteAPIServerResponse/500/responseHeaderspipeOut\", \"/get-stock-quoteAPIServerResponse/500pipeOut\", \"/get-stock-quoteAPIServerResponsepipeOut\"]}",
    "null" : false
  },
  "output_structure_json" : {
    "type" : "jsonb",
    "value" : "{\"maps\": [{\"/QuoteServiceOutput\": [{\"type\": \"map\", \"source\": {\"path\": \"/QuoteServiceOutput\", \"title\": \"QuoteServiceOutput\", \"dataElementType\": \"document\"}, \"target\": {\"path\": \"/QuoteServiceOutput\", \"order\": 1, \"title\": \"QuoteServiceOutput\", \"dataElementType\": \"document\"}, \"mapCondition\": {\"isConditionSet\": false, \"sourceTreeIndex\": [], \"targetTreeIndex\": [], \"mapConditionFormValue\": {}}}]}, {\"/status\": [{\"type\": \"map\", \"source\": {\"path\": \"/QuoteServiceOutput/ResponseStatus\", \"title\": \"ResponseStatus\", \"dataElementType\": \"string\"}, \"target\": {\"path\": \"/status\", \"order\": 1, \"title\": \"status\", \"dataElementType\": \"string\"}, \"mapCondition\": {\"isConditionSet\": false, \"sourceTreeIndex\": [], \"targetTreeIndex\": [], \"mapConditionFormValue\": {}}}]}, {\"/get-stock-quoteAPIServerResponse/200\": [{\"type\": \"map\", \"source\": {\"path\": \"/QuoteServiceOutput/ResponseBody\", \"title\": \"ResponseBody\", \"dataElementType\": \"document\"}, \"target\": {\"path\": \"/get-stock-quoteAPIServerResponse/200\", \"order\": 1, \"title\": \"200\", \"dataElementType\": \"document\"}, \"mapCondition\": {\"isConditionSet\": false, \"sourceTreeIndex\": [], \"targetTreeIndex\": [], \"mapConditionFormValue\": {}}}]}, {\"/get-stock-quoteAPIServerResponse/500\": [{\"type\": \"map\", \"source\": {\"path\": \"/QuoteServiceOutput/ResponseBody\", \"title\": \"ResponseBody\", \"dataElementType\": \"document\"}, \"target\": {\"path\": \"/get-stock-quoteAPIServerResponse/500\", \"order\": 1, \"title\": \"500\", \"dataElementType\": \"document\"}, \"mapCondition\": {\"isConditionSet\": false, \"sourceTreeIndex\": [], \"targetTreeIndex\": [], \"mapConditionFormValue\": {}}}]}, {\"/get-stock-quoteAPIServerResponse/200/responseHeaders/content-type\": [{\"type\": \"setValue\", \"order\": 16, \"target\": {\"path\": \"/get-stock-quoteAPIServerResponse/200/responseHeaders/content-type\", \"order\": 16, \"title\": \"content-type\", \"dataElementType\": \"string\"}, \"values\": [{\"id\": \"2fba2c41-7648-44a0-a502-51d3c50e1a04\", \"key\": \"/get-stock-quoteAPIServerResponse/200/responseHeaders/content-type\", \"type\": \"string\", \"order\": 16, \"title\": \"content-type\", \"isLeaf\": true, \"setValue\": null, \"uiElement\": \"application/json\", \"isSetValue\": false, \"childrenSet\": false, \"hasChildren\": false, \"dataElementType\": \"string\", \"encryption_required\": false}], \"mapCondition\": {\"isConditionSet\": false, \"sourceTreeIndex\": [], \"targetTreeIndex\": [], \"mapConditionFormValue\": {}}, \"dataElementType\": \"string\", \"variableSubstitution\": false, \"overwritePipelineValue\": false}]}, {\"/get-stock-quoteAPIServerResponse/500/responseHeaders/content-type\": [{\"type\": \"setValue\", \"order\": 8, \"target\": {\"path\": \"/get-stock-quoteAPIServerResponse/500/responseHeaders/content-type\", \"order\": 8, \"title\": \"content-type\", \"dataElementType\": \"string\"}, \"values\": [{\"id\": \"8d498f6d-ce7a-4cf8-b374-e79d468c6355\", \"key\": \"/get-stock-quoteAPIServerResponse/500/responseHeaders/content-type\", \"type\": \"string\", \"order\": 8, \"title\": \"content-type\", \"isLeaf\": true, \"setValue\": null, \"uiElement\": \"application/json\", \"isSetValue\": false, \"childrenSet\": false, \"hasChildren\": false, \"dataElementType\": \"string\", \"encryption_required\": false}], \"mapCondition\": {\"isConditionSet\": false, \"sourceTreeIndex\": [], \"targetTreeIndex\": [], \"mapConditionFormValue\": {}}, \"dataElementType\": \"string\", \"variableSubstitution\": false, \"overwritePipelineValue\": false}]}], \"tracks\": {}, \"transformer\": []}",
    "null" : false
  },
  "endpoint_structure_json" : {
    "type" : "jsonb",
    "value" : "{\"maps\": []}",
    "null" : false
  },
  "is_error" : false,
  "no_of_errors" : 0,
  "action_input_type" : null,
  "config_service_id" : "057a0d03-9fac-4e41-ab61-fc0c2d218ef2",
  "config_imap_id" : null,
  "config_b2b_document_type_id" : null,
  "config_document_id" : null,
  "add_variables" : {
    "type" : "jsonb",
    "value" : "[]",
    "null" : false
  },
  "drop_variables" : {
    "type" : "jsonb",
    "value" : "[]",
    "null" : false
  },
  "plug_input_structure" : null,
  "plug_output_structure" : null,
  "config_plug_id" : null,
  "override_plug" : false,
  "config_java_service_id" : null,
  "service_tag" : "V13",
  "endpoint_tag" : null,
  "config_service_tag" : "EMPTY",
  "config_imap_tag" : "",
  "config_b2b_document_type_tag" : "",
  "active" : false,
  "parent_component_config_service_tag" : "V13",
  "service_project_id" : "94afffa5-622e-4445-9e23-5019119fbd0b",
  "service_project_tag" : "V13",
  "config_service_project_id" : "94afffa5-622e-4445-9e23-5019119fbd0b",
  "config_service_project_tag" : "EMPTY",
  "config_imap_project_id" : null,
  "config_imap_project_tag" : "",
  "config_b2b_document_type_project_id" : null,
  "config_b2b_document_type_project_tag" : "",
  "endpoint_project_id" : null,
  "endpoint_project_tag" : null,
  "config_plug_tag" : null,
  "config_plug_project_id" : null,
  "config_plug_project_tag" : null,
  "config_java_service_tag" : "",
  "config_java_service_project_id" : null,
  "config_java_service_project_tag" : "",
  "disabled" : false,
  "config" : {
    "type" : "json",
    "value" : "{\"serviceProjectName\":\"GettingStarted\"}",
    "null" : false
  },
  "config_b2b_document_type_project_mode_id" : "112c1cb8-4b9e-4d1a-a042-0bd031dc7d05",
  "config_imap_project_mode_id" : "112c1cb8-4b9e-4d1a-a042-0bd031dc7d05",
  "config_java_service_project_mode_id" : "112c1cb8-4b9e-4d1a-a042-0bd031dc7d05",
  "config_plug_project_mode_id" : "112c1cb8-4b9e-4d1a-a042-0bd031dc7d05",
  "config_service_project_mode_id" : "112c1cb8-4b9e-4d1a-a042-0bd031dc7d05",
  "endpoint_project_mode_id" : "112c1cb8-4b9e-4d1a-a042-0bd031dc7d05",
  "service_project_mode_id" : "112c1cb8-4b9e-4d1a-a042-0bd031dc7d05",
  "parent_component_config_service_project_mode_id" : "112c1cb8-4b9e-4d1a-a042-0bd031dc7d05",
  "is_audit" : true,
  "keys_with_order" : null
}