{
  "id" : "41e6878a-9cf5-40ca-b43b-3873447d7dcd",
  "name" : "Hello_NestedArrayiMapTest",
  "description" : "",
  "iserror" : false,
  "no_of_errors" : 0,
  "service_input" : null,
  "service_output" : null,
  "service_input_json_schema" : null,
  "service_output_json_schema" : null,
  "type" : "EVENTDRIVEN",
  "error_handler" : false,
  "tag" : "V23",
  "active" : false,
  "is_changed" : false,
  "comment" : "Added Decimal Format example",
  "base_tag" : "V22",
  "test_input" : {
    "type" : "jsonb",
    "value" : "[]",
    "null" : false
  },
  "test_input_structure" : {
    "type" : "jsonb",
    "value" : "[]",
    "null" : false
  }
}