{
  "id" : "3903a0e5-5bcb-45cd-b1fc-056e41601041",
  "name" : "HTTP Server",
  "description" : "HTTP Server",
  "iserror" : false,
  "no_of_errors" : 0,
  "service_input" : null,
  "service_output" : null,
  "service_input_json_schema" : null,
  "service_output_json_schema" : null,
  "type" : "EVENTDRIVEN",
  "error_handler" : false,
  "tag" : "V23",
  "active" : false,
  "is_changed" : false,
  "comment" : "Added Decimal Format example",
  "base_tag" : "V22",
  "test_input" : {
    "type" : "jsonb",
    "value" : "[]",
    "null" : false
  },
  "test_input_structure" : {
    "type" : "jsonb",
    "value" : "[]",
    "null" : false
  }
}