{
  "id" : "6d180fa5-538e-44c3-8f04-d6bb60309998",
  "name" : "HelloCrossRef",
  "description" : "HelloCrossRef",
  "iserror" : true,
  "no_of_errors" : 0,
  "service_input" : null,
  "service_output" : null,
  "service_input_json_schema" : null,
  "service_output_json_schema" : null,
  "type" : "EVENTDRIVEN",
  "error_handler" : false,
  "tag" : "V2",
  "active" : false,
  "is_changed" : false,
  "comment" : "Added new integrations, objects and Conenctions",
  "base_tag" : "V1",
  "test_input" : {
    "type" : "jsonb",
    "value" : "[]",
    "null" : false
  },
  "test_input_structure" : {
    "type" : "jsonb",
    "value" : "[]",
    "null" : false
  }
}