{
  "id" : "2734ed1b-9c00-4c27-a236-3bcd3c9b6046",
  "name" : "MapTest",
  "description" : "MapTest",
  "iserror" : false,
  "no_of_errors" : 0,
  "service_input" : null,
  "service_output" : null,
  "service_input_json_schema" : null,
  "service_output_json_schema" : null,
  "type" : "EVENTDRIVEN",
  "error_handler" : false,
  "tag" : "V2",
  "active" : false,
  "is_changed" : false,
  "comment" : "Added new integrations, objects and Conenctions",
  "base_tag" : "V1",
  "test_input" : {
    "type" : "jsonb",
    "value" : "[]",
    "null" : false
  },
  "test_input_structure" : {
    "type" : "jsonb",
    "value" : "[]",
    "null" : false
  }
}