{
  "id" : "56229130-8881-417d-8bda-3dcef070b454",
  "name" : "AWSS3",
  "description" : "AWSS3",
  "connection_config" : null,
  "endpoint_type_id" : "0f4c7817-64bd-430d-9175-2f67c50bc245",
  "enabled" : true,
  "bean_name" : "AmazonS3-56229130-8881-417d-8bda-3dcef070b454",
  "status" : {
    "type" : "jsonb",
    "value" : "{\"112c1cb8-4b9e-4d1a-a042-0bd031dc7d05\": true, \"81e359da-9454-40ba-b968-1273a3b8e37b\": true, \"bdf2e4f5-a195-40b5-a82a-1d76ab30e077\": true}",
    "null" : false
  },
  "auth_token_config" : {
    "type" : "jsonb",
    "value" : "{}",
    "null" : false
  },
  "avatar_id" : null,
  "tag" : "V14",
  "active" : false,
  "is_changed" : false,
  "comment" : "Added HTTP Client Multipart Form Data binary file upload to uploadcare",
  "is_error" : false,
  "base_tag" : "V13"
}