{
  "id" : "b976ec11-8523-4403-8843-37313b6bba5a",
  "name" : "Zoostore",
  "description" : "Zoostore",
  "connection_config" : null,
  "endpoint_type_id" : "de4f95fa-d30d-4d50-998c-dd3d1293e83c",
  "enabled" : true,
  "bean_name" : "HTTPSClient-b976ec11-8523-4403-8843-37313b6bba5a",
  "status" : {
    "type" : "jsonb",
    "value" : "{\"112c1cb8-4b9e-4d1a-a042-0bd031dc7d05\": true, \"81e359da-9454-40ba-b968-1273a3b8e37b\": true, \"bdf2e4f5-a195-40b5-a82a-1d76ab30e077\": true}",
    "null" : false
  },
  "auth_token_config" : {
    "type" : "jsonb",
    "value" : "{}",
    "null" : false
  },
  "avatar_id" : null,
  "tag" : "V14",
  "active" : false,
  "is_changed" : false,
  "comment" : "Added HTTP Client Multipart Form Data binary file upload to uploadcare",
  "is_error" : false,
  "base_tag" : "V13"
}