{
  "component_config_id" : "2d30992d-b4e5-4827-bf88-8980fe100936",
  "endpoint_config_json" : {
    "type" : "jsonb",
    "value" : "{\"crossRef\": [], \"services\": [], \"multistep\": [], \"operations\": []}",
    "null" : false
  },
  "input_config_json" : {
    "type" : "jsonb",
    "value" : "{\"crossRef\": [], \"services\": [], \"multistep\": [], \"operations\": []}",
    "null" : false
  },
  "output_config_json" : {
    "type" : "jsonb",
    "value" : "{\"crossRef\": [], \"services\": [], \"multistep\": [], \"operations\": [{\"transformer\": {\"id\": \"8b4e4ba0-8962-4e0f-b69c-ba52cd71ba83\", \"name\": \"LIST_SIZE\", \"type\": \"List\", \"query\": null, \"inputs\": [{\"id\": \"ee544cc4-59d9-4cfa-b287-e4b810721e52\", \"root\": true, \"type\": \"list\", \"cached\": false, \"source\": \"/findPetsByStatusOutput/response[]\", \"target\": \"/LIST_SIZE_INPUT/list[]\", \"mapNull\": false, \"disabled\": false, \"extractXml\": false, \"extractJson\": false, \"mapEmptyString\": false}], \"outputs\": [{\"id\": \"ee023133-c333-4556-ac81-34ceb5a9d2a4\", \"root\": false, \"type\": \"map\", \"cached\": false, \"source\": \"/LIST_SIZE_OUTPUT/size\", \"target\": \"/NumAvailPets\", \"mapNull\": false, \"disabled\": false, \"extractXml\": false, \"extractJson\": false, \"targetOrder\": 1.0, \"mapEmptyString\": false, \"sourceJavaType\": \"java.lang.Integer\", \"targetJavaType\": \"java.lang.Integer\"}], \"tableId\": null, \"configId\": null, \"disabled\": false, \"serviceId\": null, \"expression\": null}}, {\"transformer\": {\"id\": \"13bb0ea1-66cf-4301-8580-713a6ce28e8e\", \"name\": \"ADVANCED_FILTER\", \"type\": \"Advanced\", \"query\": null, \"inputs\": [{\"id\": \"9b73fecc-6941-41cc-923c-8cd073c777ac\", \"root\": true, \"type\": \"list\", \"cached\": false, \"source\": \"/findPetsByStatusOutput/response[]\", \"target\": \"/ADVANCED_FILTER_INPUT/docList[]\", \"mapNull\": false, \"disabled\": false, \"extractXml\": false, \"extractJson\": false, \"mapEmptyString\": false}, {\"id\": \"259d99cb-c56e-48ac-8f64-54fb7dffe15d\", \"root\": false, \"type\": \"map\", \"cached\": false, \"filter\": \"%{/findPetsByStatusOutput/response[]/category/name}% == \\\"Dogs\\\" || %{/findPetsByStatusOutput/response[]/category/name}% == \\\"dogs\\\" \", \"mapNull\": false, \"disabled\": false, \"extractXml\": false, \"extractJson\": false, \"mapEmptyString\": false}], \"outputs\": [{\"id\": \"35ee72d1-6dd6-404e-ba19-5fe68eef46b7\", \"root\": true, \"type\": \"list\", \"cached\": false, \"source\": \"/ADVANCED_FILTER_OUTPUT/filteredList[]\", \"target\": \"/AvailableDogs[]\", \"mapNull\": false, \"disabled\": false, \"extractXml\": false, \"extractJson\": false, \"targetOrder\": 1.0, \"mapEmptyString\": false}], \"tableId\": null, \"configId\": null, \"disabled\": false, \"serviceId\": null, \"expression\": null}}]}",
    "null" : false
  },
  "component_id" : "8ac5fe03-27a2-4e6a-a449-6a8893818223",
  "service_id" : "45c6a957-b6df-4292-b636-27fc9f4e0dea",
  "endpoint_id" : null,
  "parent_component_config_id" : null,
  "component_config_order" : 3.0,
  "action_id" : "06843b78-eab0-45da-afab-8c8277d7553f",
  "name" : "",
  "description" : "",
  "override_endpoint" : false,
  "input_structure_json" : {
    "type" : "jsonb",
    "value" : "{\"maps\": [], \"mappedNodes\": [\"/findPetsByStatusOutput/response[] pipeIn\", \"/LIST_SIZE_INPUT/list[]0\", \"/LIST_SIZE_OUTPUT/size0\", \"/NumAvailPetspipeOut\", \"/findPetsByStatusOutput/response[] pipeIn\", \"/ADVANCED_FILTER_INPUT/docList[]1\", \"/ADVANCED_FILTER_OUTPUT/filteredList[]1\", \"/AvailableDogs[]pipeOut\"]}",
    "null" : false
  },
  "output_structure_json" : {
    "type" : "jsonb",
    "value" : "{\"maps\": [], \"tracks\": {}, \"transformer\": [{\"inputs\": {\"/LIST_SIZE_INPUT/list[]\": [{\"type\": \"list\", \"source\": {\"path\": \"/findPetsByStatusOutput/response[]\", \"title\": \"response\", \"dataElementType\": \"documentArray\"}, \"target\": {\"path\": \"/LIST_SIZE_INPUT/list[]\", \"title\": \"list\", \"dataElementType\": \"documentArray\"}, \"mapCondition\": {\"isConditionSet\": false, \"sourceTreeIndex\": [{\"key\": 1, \"title\": \"findPetsByStatusOutput\", \"isLeaf\": false, \"isArray\": false, \"children\": [{\"key\": 2, \"title\": \"response[]\", \"isLeaf\": false, \"isArray\": true, \"parentKey\": 1, \"arrayIndex\": null}], \"parentKey\": 0}], \"targetTreeIndex\": [{\"key\": 1, \"title\": \"LIST_SIZE_INPUT\", \"isLeaf\": false, \"isArray\": false, \"children\": [{\"key\": 2, \"title\": \"list\", \"isLeaf\": false, \"isArray\": true, \"parentKey\": 1, \"arrayIndex\": null}], \"parentKey\": 0}], \"mapConditionFormValue\": {}}}]}, \"outputs\": {\"/NumAvailPets\": [{\"type\": \"map\", \"source\": {\"path\": \"/LIST_SIZE_OUTPUT/size\", \"title\": \"size\", \"dataElementType\": \"integer\"}, \"target\": {\"path\": \"/NumAvailPets\", \"order\": 1, \"title\": \"NumAvailPets\", \"dataElementType\": \"integer\"}, \"mapCondition\": {\"isConditionSet\": false, \"sourceTreeIndex\": [], \"targetTreeIndex\": [], \"mapConditionFormValue\": {}}}]}, \"functionInfo\": {\"id\": \"350269cf-d1ad-46ca-a745-722e0721afa9\", \"name\": \"SizeOfList\", \"category\": {\"id\": \"41a97f98-22ec-4738-9b60-e2e3bd2bc1f9\"}, \"internalName\": \"LIST_SIZE\"}}, {\"inputs\": {\"/ADVANCED_FILTER_INPUT/config\": [{\"filterConditionFormValue\": {\"fields\": [{\"id\": 1, \"path\": \"%{/findPetsByStatusOutput/response[]/category/name}%\", \"field\": \"/findPetsByStatusOutput/response[]/category/name\", \"value\": \"Dogs\", \"isGroup\": false, \"children\": null, \"operator\": \"==\", \"operation\": \"||\", \"isTreeChecked\": false, \"dataElementType\": \"string\"}, {\"id\": 2, \"path\": \"%{/findPetsByStatusOutput/response[]/category/name}%\", \"field\": \"/findPetsByStatusOutput/response[]/category/name\", \"value\": \"dogs\", \"isGroup\": false, \"children\": null, \"operator\": \"==\", \"operation\": \"&&\", \"isTreeChecked\": false, \"dataElementType\": \"string\"}]}}], \"/ADVANCED_FILTER_INPUT/docList[]\": [{\"type\": \"list\", \"source\": {\"path\": \"/findPetsByStatusOutput/response[]\", \"title\": \"response\", \"dataElementType\": \"documentArray\"}, \"target\": {\"path\": \"/ADVANCED_FILTER_INPUT/docList[]\", \"title\": \"docList\", \"dataElementType\": \"documentArray\"}, \"mapCondition\": {\"isConditionSet\": false, \"sourceTreeIndex\": [{\"key\": 1, \"title\": \"findPetsByStatusOutput\", \"isLeaf\": false, \"isArray\": false, \"children\": [{\"key\": 2, \"title\": \"response[]\", \"isLeaf\": false, \"isArray\": true, \"parentKey\": 1, \"arrayIndex\": null}], \"parentKey\": 0}], \"targetTreeIndex\": [{\"key\": 1, \"title\": \"ADVANCED_FILTER_INPUT\", \"isLeaf\": false, \"isArray\": false, \"children\": [{\"key\": 2, \"title\": \"docList\", \"isLeaf\": false, \"isArray\": true, \"parentKey\": 1, \"arrayIndex\": null}], \"parentKey\": 0}], \"mapConditionFormValue\": {}}}]}, \"outputs\": {\"/AvailableDogs[]\": [{\"type\": \"list\", \"source\": {\"path\": \"/ADVANCED_FILTER_OUTPUT/filteredList[]\", \"title\": \"filteredList\", \"dataElementType\": \"documentArray\"}, \"target\": {\"path\": \"/AvailableDogs[]\", \"order\": 1, \"title\": \"AvailableDogs\", \"dataElementType\": \"documentArray\"}, \"mapCondition\": {\"isConditionSet\": false, \"sourceTreeIndex\": [{\"key\": 1, \"title\": \"ADVANCED_FILTER_OUTPUT\", \"isLeaf\": false, \"isArray\": false, \"children\": [{\"key\": 2, \"title\": \"filteredList\", \"isLeaf\": false, \"isArray\": true, \"parentKey\": 1, \"arrayIndex\": null}], \"parentKey\": 0}], \"targetTreeIndex\": [{\"key\": 1, \"title\": \"AvailableDogs[]\", \"isLeaf\": false, \"isArray\": true, \"parentKey\": 0, \"arrayIndex\": null}], \"mapConditionFormValue\": {}}}]}, \"functionInfo\": {\"id\": \"d33cad1a-1590-4cf5-80be-c1d34b7ffefb\", \"name\": \"Filter\", \"category\": {\"id\": \"abba5eaf-7353-4234-b15f-ef0841af9872\"}, \"internalName\": \"ADVANCED_FILTER\"}}]}",
    "null" : false
  },
  "endpoint_structure_json" : {
    "type" : "jsonb",
    "value" : "{\"maps\": []}",
    "null" : false
  },
  "is_error" : false,
  "no_of_errors" : 0,
  "action_input_type" : null,
  "config_service_id" : null,
  "config_imap_id" : null,
  "config_b2b_document_type_id" : null,
  "config_document_id" : null,
  "add_variables" : {
    "type" : "jsonb",
    "value" : "[{\"id\": \"387e3f2a-966c-4503-806c-975bd4fe635f\", \"key\": \"/NumAvailPets\", \"type\": \"node\", \"order\": 1, \"title\": \"NumAvailPets\", \"value\": {\"type\": \"number\"}, \"children\": [], \"editAllow\": true, \"componentName\": \"\", \"dataElementType\": \"integer\", \"componentConfigId\": \"2d30992d-b4e5-4827-bf88-8980fe100936\", \"componentConfigName\": \"Map\"}, {\"id\": \"2d67a81e-3018-45e0-9ad0-49edb6ad0923\", \"key\": \"/AvailableDogs[]\", \"type\": \"node\", \"order\": 1, \"title\": \"AvailableDogs\", \"value\": {\"type\": \"array\"}, \"children\": [{\"id\": \"81926a54-d6da-4f6d-aa28-a31b6c66252b\", \"key\": \"/AvailableDogs[]/id\", \"type\": \"integer\", \"order\": 5, \"title\": \"id\", \"value\": {\"type\": \"integer\", \"requiredFlag\": false}, \"isLeaf\": true, \"childrenSet\": false, \"hasChildren\": false, \"dataElementType\": \"integer\", \"componentConfigId\": \"2d30992d-b4e5-4827-bf88-8980fe100936\", \"componentConfigName\": \"Map\", \"encryption_required\": false}, {\"id\": \"bdf5dfbe-a4ae-4ccc-af05-d8019e9de263\", \"key\": \"/AvailableDogs[]/name\", \"type\": \"string\", \"order\": 6, \"title\": \"name\", \"value\": {\"type\": \"string\", \"requiredFlag\": true}, \"isLeaf\": true, \"childrenSet\": false, \"hasChildren\": false, \"dataElementType\": \"string\", \"componentConfigId\": \"2d30992d-b4e5-4827-bf88-8980fe100936\", \"componentConfigName\": \"Map\", \"encryption_required\": false}, {\"id\": \"e5dde538-8b28-45a9-ad28-21eccd59ba74\", \"key\": \"/AvailableDogs[]/category\", \"type\": \"object\", \"order\": 7, \"title\": \"category\", \"value\": {\"type\": \"object\", \"requiredFlag\": false}, \"isLeaf\": false, \"children\": [{\"id\": \"229303cf-1e0c-414b-9e09-0908f1bf229a\", \"key\": \"/AvailableDogs[]/category/id\", \"type\": \"integer\", \"order\": 8, \"title\": \"id\", \"value\": {\"type\": \"integer\", \"requiredFlag\": false}, \"isLeaf\": true, \"childrenSet\": false, \"hasChildren\": false, \"dataElementType\": \"integer\", \"componentConfigId\": \"2d30992d-b4e5-4827-bf88-8980fe100936\", \"componentConfigName\": \"Map\", \"encryption_required\": false}, {\"id\": \"7f05ffd3-1c33-4d61-8dcb-eda3d692d8c1\", \"key\": \"/AvailableDogs[]/category/name\", \"type\": \"string\", \"order\": 9, \"title\": \"name\", \"value\": {\"type\": \"string\", \"requiredFlag\": false}, \"isLeaf\": true, \"childrenSet\": false, \"hasChildren\": false, \"dataElementType\": \"string\", \"componentConfigId\": \"2d30992d-b4e5-4827-bf88-8980fe100936\", \"componentConfigName\": \"Map\", \"encryption_required\": false}], \"childrenSet\": false, \"hasChildren\": true, \"dataElementType\": \"document\", \"componentConfigId\": \"2d30992d-b4e5-4827-bf88-8980fe100936\", \"componentConfigName\": \"Map\", \"encryption_required\": false}, {\"id\": \"126ccc74-bfca-4409-8851-c283701d7734\", \"key\": \"/AvailableDogs[]/photoUrls[]\", \"type\": \"array\", \"order\": 10, \"title\": \"photoUrls\", \"value\": {\"type\": \"array\", \"requiredFlag\": true}, \"isLeaf\": false, \"childrenSet\": false, \"hasChildren\": false, \"dataElementType\": \"stringArray\", \"componentConfigId\": \"2d30992d-b4e5-4827-bf88-8980fe100936\", \"componentConfigName\": \"Map\", \"encryption_required\": false}, {\"id\": \"6bd3a62f-0634-40d5-a69f-30f77efe623a\", \"key\": \"/AvailableDogs[]/tags[]\", \"type\": \"array\", \"order\": 11, \"title\": \"tags\", \"value\": {\"type\": \"array\", \"requiredFlag\": false}, \"isLeaf\": false, \"children\": [{\"id\": \"8fa60612-4bfe-4a3f-aae3-13fd02e7861f\", \"key\": \"/AvailableDogs[]/tags[]/id\", \"type\": \"integer\", \"order\": 12, \"title\": \"id\", \"value\": {\"type\": \"integer\", \"requiredFlag\": false}, \"isLeaf\": true, \"childrenSet\": false, \"hasChildren\": false, \"dataElementType\": \"integer\", \"componentConfigId\": \"2d30992d-b4e5-4827-bf88-8980fe100936\", \"componentConfigName\": \"Map\", \"encryption_required\": false}, {\"id\": \"a620fe25-e911-4a93-b7ee-cb138292d717\", \"key\": \"/AvailableDogs[]/tags[]/name\", \"type\": \"string\", \"order\": 13, \"title\": \"name\", \"value\": {\"type\": \"string\", \"requiredFlag\": false}, \"isLeaf\": true, \"childrenSet\": false, \"hasChildren\": false, \"dataElementType\": \"string\", \"componentConfigId\": \"2d30992d-b4e5-4827-bf88-8980fe100936\", \"componentConfigName\": \"Map\", \"encryption_required\": false}], \"childrenSet\": false, \"hasChildren\": true, \"dataElementType\": \"documentArray\", \"componentConfigId\": \"2d30992d-b4e5-4827-bf88-8980fe100936\", \"componentConfigName\": \"Map\", \"encryption_required\": false}, {\"id\": \"206abc53-2e9b-46c0-b06d-44b6257e79c3\", \"key\": \"/AvailableDogs[]/status\", \"type\": \"string\", \"order\": 14, \"title\": \"status\", \"value\": {\"type\": \"string\", \"_enum\": [\"sold\", \"pending\", \"available\"], \"requiredFlag\": false}, \"isLeaf\": true, \"childrenSet\": false, \"hasChildren\": false, \"dataElementType\": \"string\", \"componentConfigId\": \"2d30992d-b4e5-4827-bf88-8980fe100936\", \"componentConfigName\": \"Map\", \"encryption_required\": false}], \"editAllow\": true, \"componentName\": \"\", \"dataElementType\": \"documentArray\", \"componentConfigId\": \"2d30992d-b4e5-4827-bf88-8980fe100936\", \"componentConfigName\": \"Map\"}]",
    "null" : false
  },
  "drop_variables" : {
    "type" : "jsonb",
    "value" : "[]",
    "null" : false
  },
  "plug_input_structure" : null,
  "plug_output_structure" : null,
  "config_plug_id" : null,
  "override_plug" : false,
  "config_java_service_id" : null,
  "service_tag" : "V2",
  "endpoint_tag" : null,
  "config_service_tag" : "",
  "config_imap_tag" : "",
  "config_b2b_document_type_tag" : "",
  "active" : false,
  "parent_component_config_service_tag" : "V2",
  "service_project_id" : "94afffa5-622e-4445-9e23-5019119fbd0b",
  "service_project_tag" : "V2",
  "config_service_project_id" : null,
  "config_service_project_tag" : "",
  "config_imap_project_id" : null,
  "config_imap_project_tag" : "",
  "config_b2b_document_type_project_id" : null,
  "config_b2b_document_type_project_tag" : "",
  "endpoint_project_id" : null,
  "endpoint_project_tag" : null,
  "config_plug_tag" : null,
  "config_plug_project_id" : null,
  "config_plug_project_tag" : null,
  "config_java_service_tag" : "",
  "config_java_service_project_id" : null,
  "config_java_service_project_tag" : "",
  "disabled" : false,
  "config" : null,
  "config_b2b_document_type_project_mode_id" : "112c1cb8-4b9e-4d1a-a042-0bd031dc7d05",
  "config_imap_project_mode_id" : "112c1cb8-4b9e-4d1a-a042-0bd031dc7d05",
  "config_java_service_project_mode_id" : "112c1cb8-4b9e-4d1a-a042-0bd031dc7d05",
  "config_plug_project_mode_id" : "112c1cb8-4b9e-4d1a-a042-0bd031dc7d05",
  "config_service_project_mode_id" : "112c1cb8-4b9e-4d1a-a042-0bd031dc7d05",
  "endpoint_project_mode_id" : "112c1cb8-4b9e-4d1a-a042-0bd031dc7d05",
  "service_project_mode_id" : "112c1cb8-4b9e-4d1a-a042-0bd031dc7d05",
  "parent_component_config_service_project_mode_id" : "112c1cb8-4b9e-4d1a-a042-0bd031dc7d05",
  "is_audit" : true,
  "keys_with_order" : null
}