{
  "component_config_id" : "df94aa9a-03f8-450e-98d3-d18b9f9e48d0",
  "endpoint_config_json" : {
    "type" : "jsonb",
    "value" : "{\"crossRef\": [], \"services\": [], \"multistep\": [], \"operations\": []}",
    "null" : false
  },
  "input_config_json" : {
    "type" : "jsonb",
    "value" : "{\"crossRef\": [], \"services\": [], \"multistep\": [], \"operations\": []}",
    "null" : false
  },
  "output_config_json" : {
    "type" : "jsonb",
    "value" : "{\"crossRef\": [], \"services\": [], \"multistep\": [], \"operations\": [{\"transformer\": {\"id\": \"90030f51-3dee-43c4-9b1c-3989b46ab3d9\", \"name\": \"LIST_GET_VALUE\", \"type\": \"List\", \"query\": null, \"inputs\": [{\"id\": \"648be76b-2fdd-4509-8298-df852edb2617\", \"root\": true, \"type\": \"list\", \"cached\": false, \"source\": \"/AvailableDogs[]\", \"target\": \"/LIST_GET_VALUE_INPUT/inputList[]\", \"mapNull\": false, \"disabled\": false, \"extractXml\": false, \"extractJson\": false, \"mapEmptyString\": false}, {\"id\": \"e9b2379d-d21b-4877-a3dc-4e808f470d3f\", \"root\": false, \"type\": \"setValue\", \"cached\": false, \"target\": \"/LIST_GET_VALUE_INPUT/key\", \"mapNull\": false, \"disabled\": false, \"extractXml\": false, \"extractJson\": false, \"targetValue\": \"name\", \"mapEmptyString\": false, \"targetJavaType\": \"java.lang.String\", \"variableSubstitution\": false}], \"outputs\": [{\"id\": \"66c469ec-ed0f-47c7-8cc5-e0c46570c8f6\", \"root\": false, \"type\": \"list\", \"cached\": false, \"source\": \"/LIST_GET_VALUE_OUTPUT/output[]\", \"target\": \"/AvailableDogNamesArray[]\", \"mapNull\": false, \"disabled\": false, \"extractXml\": false, \"extractJson\": false, \"targetOrder\": 1.0, \"mapEmptyString\": false, \"sourceJavaType\": \"java.lang.Object\", \"targetJavaType\": \"java.lang.String\"}], \"tableId\": null, \"configId\": null, \"disabled\": false, \"serviceId\": null, \"expression\": null}}]}",
    "null" : false
  },
  "component_id" : "8ac5fe03-27a2-4e6a-a449-6a8893818223",
  "service_id" : "45c6a957-b6df-4292-b636-27fc9f4e0dea",
  "endpoint_id" : null,
  "parent_component_config_id" : null,
  "component_config_order" : 4.0,
  "action_id" : "06843b78-eab0-45da-afab-8c8277d7553f",
  "name" : null,
  "description" : "",
  "override_endpoint" : false,
  "input_structure_json" : {
    "type" : "jsonb",
    "value" : "{\"maps\": [], \"mappedNodes\": [\"/AvailableDogs[] pipeIn\", \"/LIST_GET_VALUE_INPUT/inputList[]0\", \"/LIST_GET_VALUE_INPUT/key\", \"/LIST_GET_VALUE_INPUT\", \"/LIST_GET_VALUE_OUTPUT/output[]0\", \"/AvailableDogNamesArray[]pipeOut\"]}",
    "null" : false
  },
  "output_structure_json" : {
    "type" : "jsonb",
    "value" : "{\"maps\": [], \"tracks\": {}, \"transformer\": [{\"inputs\": {\"/LIST_GET_VALUE_INPUT/key\": [{\"type\": \"setValue\", \"target\": {\"path\": \"/LIST_GET_VALUE_INPUT/key\", \"order\": \"\", \"title\": \"key\", \"dataElementType\": \"string\"}, \"values\": [{\"id\": \"8d142c24-3fb6-4dc4-8b5b-1caa4e17106a\", \"key\": \"/LIST_GET_VALUE_INPUT/key\", \"type\": \"string\", \"title\": \"key\", \"isLeaf\": true, \"secret\": false, \"children\": [], \"setValue\": null, \"uiElement\": \"name\", \"isSetValue\": false, \"dataElementType\": \"string\"}], \"mapCondition\": {\"isConditionSet\": false, \"sourceTreeIndex\": [], \"targetTreeIndex\": [], \"mapConditionFormValue\": {}}, \"variableSubstitution\": false, \"overwritePipelineValue\": false}], \"/LIST_GET_VALUE_INPUT/inputList[]\": [{\"type\": \"list\", \"source\": {\"path\": \"/AvailableDogs[]\", \"title\": \"AvailableDogs\", \"dataElementType\": \"documentArray\"}, \"target\": {\"path\": \"/LIST_GET_VALUE_INPUT/inputList[]\", \"title\": \"inputList\", \"dataElementType\": \"documentArray\"}, \"mapCondition\": {\"isConditionSet\": false, \"sourceTreeIndex\": [{\"key\": 1, \"title\": \"AvailableDogs[]\", \"isLeaf\": false, \"isArray\": true, \"parentKey\": 0, \"arrayIndex\": null}], \"targetTreeIndex\": [{\"key\": 1, \"title\": \"LIST_GET_VALUE_INPUT\", \"isLeaf\": false, \"isArray\": false, \"children\": [{\"key\": 2, \"title\": \"inputList\", \"isLeaf\": false, \"isArray\": true, \"parentKey\": 1, \"arrayIndex\": null}], \"parentKey\": 0}], \"mapConditionFormValue\": {}}}]}, \"outputs\": {\"/AvailableDogNamesArray[]\": [{\"type\": \"list\", \"source\": {\"path\": \"/LIST_GET_VALUE_OUTPUT/output[]\", \"title\": \"output\", \"dataElementType\": \"objectArray\"}, \"target\": {\"path\": \"/AvailableDogNamesArray[]\", \"order\": 1, \"title\": \"AvailableDogNamesArray\", \"dataElementType\": \"stringArray\"}, \"mapCondition\": {\"isConditionSet\": false, \"sourceTreeIndex\": [{\"key\": 1, \"title\": \"LIST_GET_VALUE_OUTPUT\", \"isLeaf\": false, \"isArray\": false, \"children\": [{\"key\": 2, \"title\": \"output\", \"isLeaf\": false, \"isArray\": true, \"parentKey\": 1, \"arrayIndex\": null}], \"parentKey\": 0}], \"targetTreeIndex\": [{\"key\": 1, \"title\": \"AvailableDogNamesArray[]\", \"isLeaf\": false, \"isArray\": true, \"parentKey\": 0, \"arrayIndex\": null}], \"mapConditionFormValue\": {}}}]}, \"functionInfo\": {\"id\": \"656bab27-f23f-49ff-acd1-9f8823cfdb46\", \"name\": \"GetValue\", \"category\": {\"id\": \"41a97f98-22ec-4738-9b60-e2e3bd2bc1f9\"}, \"internalName\": \"LIST_GET_VALUE\"}}]}",
    "null" : false
  },
  "endpoint_structure_json" : {
    "type" : "jsonb",
    "value" : "{\"maps\": []}",
    "null" : false
  },
  "is_error" : false,
  "no_of_errors" : 0,
  "action_input_type" : null,
  "config_service_id" : null,
  "config_imap_id" : null,
  "config_b2b_document_type_id" : null,
  "config_document_id" : null,
  "add_variables" : {
    "type" : "jsonb",
    "value" : "[{\"id\": \"6fc3d2f4-48d7-457b-8706-143709a5e3c6\", \"key\": \"/AvailableDogNamesArray[]\", \"type\": \"node\", \"order\": 1, \"title\": \"AvailableDogNamesArray\", \"value\": {\"type\": \"array\"}, \"children\": [], \"editAllow\": true, \"dataElementType\": \"stringArray\", \"componentConfigId\": \"df94aa9a-03f8-450e-98d3-d18b9f9e48d0\", \"componentConfigName\": \"Map\"}]",
    "null" : false
  },
  "drop_variables" : {
    "type" : "jsonb",
    "value" : "[]",
    "null" : false
  },
  "plug_input_structure" : null,
  "plug_output_structure" : null,
  "config_plug_id" : null,
  "override_plug" : false,
  "config_java_service_id" : null,
  "service_tag" : "V2",
  "endpoint_tag" : null,
  "config_service_tag" : "",
  "config_imap_tag" : "",
  "config_b2b_document_type_tag" : "",
  "active" : false,
  "parent_component_config_service_tag" : "V2",
  "service_project_id" : "94afffa5-622e-4445-9e23-5019119fbd0b",
  "service_project_tag" : "V2",
  "config_service_project_id" : null,
  "config_service_project_tag" : "",
  "config_imap_project_id" : null,
  "config_imap_project_tag" : "",
  "config_b2b_document_type_project_id" : null,
  "config_b2b_document_type_project_tag" : "",
  "endpoint_project_id" : null,
  "endpoint_project_tag" : null,
  "config_plug_tag" : null,
  "config_plug_project_id" : null,
  "config_plug_project_tag" : null,
  "config_java_service_tag" : "",
  "config_java_service_project_id" : null,
  "config_java_service_project_tag" : "",
  "disabled" : false,
  "config" : null,
  "config_b2b_document_type_project_mode_id" : "112c1cb8-4b9e-4d1a-a042-0bd031dc7d05",
  "config_imap_project_mode_id" : "112c1cb8-4b9e-4d1a-a042-0bd031dc7d05",
  "config_java_service_project_mode_id" : "112c1cb8-4b9e-4d1a-a042-0bd031dc7d05",
  "config_plug_project_mode_id" : "112c1cb8-4b9e-4d1a-a042-0bd031dc7d05",
  "config_service_project_mode_id" : "112c1cb8-4b9e-4d1a-a042-0bd031dc7d05",
  "endpoint_project_mode_id" : "112c1cb8-4b9e-4d1a-a042-0bd031dc7d05",
  "service_project_mode_id" : "112c1cb8-4b9e-4d1a-a042-0bd031dc7d05",
  "parent_component_config_service_project_mode_id" : "112c1cb8-4b9e-4d1a-a042-0bd031dc7d05",
  "is_audit" : true,
  "keys_with_order" : null
}