{
  "component_config_id" : "0a54e8d8-74ba-4b6d-86eb-b51709ce2077",
  "endpoint_config_json" : {
    "type" : "jsonb",
    "value" : "{\"crossRef\": [], \"services\": [], \"multistep\": [], \"operations\": []}",
    "null" : false
  },
  "input_config_json" : {
    "type" : "jsonb",
    "value" : "{\"crossRef\": [], \"services\": [], \"multistep\": [], \"operations\": []}",
    "null" : false
  },
  "output_config_json" : {
    "type" : "jsonb",
    "value" : "{\"crossRef\": [], \"services\": [], \"multistep\": [{\"id\": \"55771082-ee58-48e8-8c45-426dd9d2858f\"}], \"operations\": [{\"transformer\": {\"id\": \"e56e6044-6aef-4f2d-b4cf-7c03a50500ba\", \"name\": \"Custom\", \"type\": \"multistep\", \"query\": null, \"inputs\": [{\"id\": \"1ec3b3f2-1dc1-4750-85fa-593d5b3f9801\", \"root\": false, \"type\": \"setValue\", \"cached\": false, \"target\": \"/input/a\", \"mapNull\": false, \"disabled\": false, \"extractXml\": false, \"extractJson\": false, \"targetOrder\": 3.0, \"targetValue\": \"5\", \"mapEmptyString\": false, \"targetJavaType\": \"java.lang.Float\", \"variableSubstitution\": false}, {\"id\": \"3101817c-63f6-47b6-8eba-07238f41fa24\", \"root\": false, \"type\": \"setValue\", \"cached\": false, \"target\": \"/input/b\", \"mapNull\": false, \"disabled\": false, \"extractXml\": false, \"extractJson\": false, \"targetOrder\": 4.0, \"targetValue\": \"11\", \"mapEmptyString\": false, \"targetJavaType\": \"java.lang.Float\", \"variableSubstitution\": false}], \"outputs\": [{\"id\": \"9c0a06ae-7064-419d-aea3-e6ca0abbfc23\", \"root\": false, \"type\": \"map\", \"cached\": false, \"source\": \"/output/c\", \"target\": \"/result\", \"mapNull\": false, \"disabled\": false, \"extractXml\": false, \"extractJson\": false, \"targetOrder\": 1.0, \"mapEmptyString\": false, \"sourceJavaType\": \"java.lang.Float\", \"targetJavaType\": \"java.lang.Float\"}], \"tableId\": null, \"configId\": \"55771082-ee58-48e8-8c45-426dd9d2858f\", \"disabled\": false, \"serviceId\": null, \"expression\": null}}]}",
    "null" : false
  },
  "component_id" : "8ac5fe03-27a2-4e6a-a449-6a8893818223",
  "service_id" : "92457485-8924-407f-a440-0ed99c678df0",
  "endpoint_id" : null,
  "parent_component_config_id" : null,
  "component_config_order" : 2.0,
  "action_id" : "06843b78-eab0-45da-afab-8c8277d7553f",
  "name" : null,
  "description" : "",
  "override_endpoint" : false,
  "input_structure_json" : {
    "type" : "jsonb",
    "value" : "{\"maps\": [], \"mappedNodes\": [\"/input/a\", \"/input\", \"/input/b\", \"/input\", \"/output/c0\", \"/resultpipeOut\"]}",
    "null" : false
  },
  "output_structure_json" : {
    "type" : "jsonb",
    "value" : "{\"maps\": [], \"tracks\": {}, \"transformer\": [{\"inputs\": {\"/input/a\": [{\"type\": \"setValue\", \"target\": {\"path\": \"/input/a\", \"order\": 3, \"title\": \"a\", \"dataElementType\": \"number\"}, \"values\": [{\"id\": \"2bf04555-c117-438f-9a69-29139c25e9ea\", \"key\": \"/input/a\", \"type\": \"number\", \"order\": 3, \"title\": \"a\", \"isLeaf\": true, \"children\": [], \"setValue\": null, \"uiElement\": \"5\", \"actualPath\": \"/input/a\", \"isSetValue\": false, \"dataElementType\": \"number\"}], \"mapCondition\": {\"isConditionSet\": false, \"sourceTreeIndex\": [], \"targetTreeIndex\": [], \"mapConditionFormValue\": {}}, \"variableSubstitution\": false, \"overwritePipelineValue\": false}], \"/input/b\": [{\"type\": \"setValue\", \"target\": {\"path\": \"/input/b\", \"order\": 4, \"title\": \"b\", \"dataElementType\": \"number\"}, \"values\": [{\"id\": \"2caf9eec-e0a1-4d9a-92dd-f2ab6bc13ac2\", \"key\": \"/input/b\", \"type\": \"number\", \"order\": 4, \"title\": \"b\", \"isLeaf\": true, \"children\": [], \"setValue\": null, \"uiElement\": \"11\", \"actualPath\": \"/input/b\", \"isSetValue\": false, \"dataElementType\": \"number\"}], \"mapCondition\": {\"isConditionSet\": false, \"sourceTreeIndex\": [], \"targetTreeIndex\": [], \"mapConditionFormValue\": {}}, \"variableSubstitution\": false, \"overwritePipelineValue\": false}]}, \"outputs\": {\"/result\": [{\"type\": \"map\", \"source\": {\"path\": \"/output/c\", \"title\": \"c\", \"dataElementType\": \"number\"}, \"target\": {\"path\": \"/result\", \"order\": 1, \"title\": \"result\", \"dataElementType\": \"number\"}, \"mapCondition\": {\"isConditionSet\": false, \"sourceTreeIndex\": [], \"targetTreeIndex\": [], \"mapConditionFormValue\": {}}}]}, \"functionInfo\": {\"id\": \"55771082-ee58-48e8-8c45-426dd9d2858f\", \"name\": \"Percent\", \"category\": {\"id\": \"b0327fc0-adc9-4d44-9c7d-761c796a7b0e\", \"name\": \"Custom\"}, \"configId\": \"55771082-ee58-48e8-8c45-426dd9d2858f\", \"referenceId\": \"966be7f2-09fc-415c-b3a8-9de888da797c\", \"internalName\": \"Custom\"}}]}",
    "null" : false
  },
  "endpoint_structure_json" : {
    "type" : "jsonb",
    "value" : "{\"maps\": []}",
    "null" : false
  },
  "is_error" : false,
  "no_of_errors" : 0,
  "action_input_type" : null,
  "config_service_id" : null,
  "config_imap_id" : null,
  "config_b2b_document_type_id" : null,
  "config_document_id" : null,
  "add_variables" : {
    "type" : "jsonb",
    "value" : "[{\"id\": \"f9506f35-1246-4b58-860d-5ee7efb390b0\", \"key\": \"/result\", \"type\": \"node\", \"order\": 1, \"title\": \"result\", \"value\": {\"type\": \"number\"}, \"children\": [], \"editAllow\": true, \"dataElementType\": \"number\", \"componentConfigId\": \"0a54e8d8-74ba-4b6d-86eb-b51709ce2077\", \"componentConfigName\": \"Map\"}]",
    "null" : false
  },
  "drop_variables" : {
    "type" : "jsonb",
    "value" : "[]",
    "null" : false
  },
  "plug_input_structure" : null,
  "plug_output_structure" : null,
  "config_plug_id" : null,
  "override_plug" : false,
  "config_java_service_id" : null,
  "service_tag" : "V15",
  "endpoint_tag" : null,
  "config_service_tag" : "",
  "config_imap_tag" : "",
  "config_b2b_document_type_tag" : "",
  "active" : false,
  "parent_component_config_service_tag" : "V15",
  "service_project_id" : "94afffa5-622e-4445-9e23-5019119fbd0b",
  "service_project_tag" : "V15",
  "config_service_project_id" : null,
  "config_service_project_tag" : "",
  "config_imap_project_id" : null,
  "config_imap_project_tag" : "",
  "config_b2b_document_type_project_id" : null,
  "config_b2b_document_type_project_tag" : "",
  "endpoint_project_id" : null,
  "endpoint_project_tag" : null,
  "config_plug_tag" : null,
  "config_plug_project_id" : null,
  "config_plug_project_tag" : null,
  "config_java_service_tag" : "",
  "config_java_service_project_id" : null,
  "config_java_service_project_tag" : "",
  "disabled" : false,
  "config" : null,
  "config_b2b_document_type_project_mode_id" : "112c1cb8-4b9e-4d1a-a042-0bd031dc7d05",
  "config_imap_project_mode_id" : "112c1cb8-4b9e-4d1a-a042-0bd031dc7d05",
  "config_java_service_project_mode_id" : "112c1cb8-4b9e-4d1a-a042-0bd031dc7d05",
  "config_plug_project_mode_id" : "112c1cb8-4b9e-4d1a-a042-0bd031dc7d05",
  "config_service_project_mode_id" : "112c1cb8-4b9e-4d1a-a042-0bd031dc7d05",
  "endpoint_project_mode_id" : "112c1cb8-4b9e-4d1a-a042-0bd031dc7d05",
  "service_project_mode_id" : "112c1cb8-4b9e-4d1a-a042-0bd031dc7d05",
  "parent_component_config_service_project_mode_id" : "112c1cb8-4b9e-4d1a-a042-0bd031dc7d05",
  "is_audit" : true,
  "keys_with_order" : null
}