{
  "component_config_id" : "196d91c5-46b6-4780-b32c-472046e97b30",
  "endpoint_config_json" : {
    "type" : "jsonb",
    "value" : "{\"crossRef\": [], \"services\": [], \"multistep\": [], \"operations\": []}",
    "null" : false
  },
  "input_config_json" : {
    "type" : "jsonb",
    "value" : "{\"crossRef\": [], \"services\": [], \"multistep\": [], \"operations\": []}",
    "null" : false
  },
  "output_config_json" : {
    "type" : "jsonb",
    "value" : "{\"crossRef\": [], \"services\": [], \"multistep\": [], \"operations\": [{\"transformer\": {\"id\": \"d70d7877-fac1-48ca-a24e-dd7fb4c97ced\", \"name\": \"STRING_UPPER_CASE\", \"type\": \"String\", \"query\": null, \"inputs\": [{\"id\": \"112e42a1-00b1-4a9b-b4af-bcdfe7d91fa6\", \"root\": false, \"type\": \"map\", \"cached\": false, \"source\": \"/get-stock-quoteAPIServerRequest/queryParams/symbol\", \"target\": \"/STRING_UPPER_CASE_INPUT/inputString\", \"mapNull\": false, \"disabled\": false, \"extractXml\": false, \"extractJson\": false, \"mapEmptyString\": false, \"sourceJavaType\": \"java.lang.String\", \"targetJavaType\": \"java.lang.String\"}], \"outputs\": [{\"id\": \"d62f20bb-17ac-4b53-9b81-943ded502d57\", \"root\": false, \"type\": \"map\", \"cached\": false, \"source\": \"/STRING_UPPER_CASE_OUTPUT/output\", \"target\": \"/symbolUC\", \"mapNull\": false, \"disabled\": false, \"extractXml\": false, \"extractJson\": false, \"targetOrder\": 1.0, \"mapEmptyString\": false, \"sourceJavaType\": \"java.lang.String\", \"targetJavaType\": \"java.lang.String\"}, {\"id\": \"395a0a55-bb03-4b63-915e-0f10cf92127a\", \"root\": false, \"type\": \"map\", \"cached\": false, \"source\": \"/STRING_UPPER_CASE_OUTPUT/output\", \"target\": \"/get-stock-quoteAPIServerResponse/200/Symbol\", \"mapNull\": false, \"disabled\": false, \"extractXml\": false, \"extractJson\": false, \"targetOrder\": 8.0, \"mapEmptyString\": false, \"sourceJavaType\": \"java.lang.String\", \"targetJavaType\": \"java.lang.String\"}], \"tableId\": null, \"configId\": null, \"disabled\": false, \"serviceId\": null, \"expression\": null}}]}",
    "null" : false
  },
  "component_id" : "8ac5fe03-27a2-4e6a-a449-6a8893818223",
  "service_id" : "8ae626cc-3540-46f0-bffe-03127a5232d5",
  "endpoint_id" : null,
  "parent_component_config_id" : "4ffdb2d1-8e6c-4a4c-aeca-1a9cf1743e57",
  "component_config_order" : 1.0,
  "action_id" : "06843b78-eab0-45da-afab-8c8277d7553f",
  "name" : null,
  "description" : "",
  "override_endpoint" : false,
  "input_structure_json" : {
    "type" : "jsonb",
    "value" : "{\"maps\": [], \"mappedNodes\": [\"/get-stock-quoteAPIServerRequest/queryParams/symbol pipeIn\", \"/STRING_UPPER_CASE_INPUT/inputString0\", \"/STRING_UPPER_CASE_OUTPUT/output0\", \"/symbolUCpipeOut\", \"/STRING_UPPER_CASE_OUTPUT/output0\", \"/get-stock-quoteAPIServerResponse/200/SymbolpipeOut\"]}",
    "null" : false
  },
  "output_structure_json" : {
    "type" : "jsonb",
    "value" : "{\"maps\": [], \"tracks\": {}, \"transformer\": [{\"inputs\": {\"/STRING_UPPER_CASE_INPUT/inputString\": [{\"type\": \"map\", \"source\": {\"path\": \"/get-stock-quoteAPIServerRequest/queryParams/symbol\", \"title\": \"symbol\", \"dataElementType\": \"string\"}, \"target\": {\"path\": \"/STRING_UPPER_CASE_INPUT/inputString\", \"title\": \"inputString\", \"dataElementType\": \"string\"}, \"mapCondition\": {\"isConditionSet\": false, \"sourceTreeIndex\": [], \"targetTreeIndex\": [], \"mapConditionFormValue\": {}}}]}, \"outputs\": {\"/symbolUC\": [{\"type\": \"map\", \"source\": {\"path\": \"/STRING_UPPER_CASE_OUTPUT/output\", \"title\": \"output\", \"dataElementType\": \"string\"}, \"target\": {\"path\": \"/symbolUC\", \"order\": 1, \"title\": \"symbolUC\", \"dataElementType\": \"string\"}, \"mapCondition\": {\"isConditionSet\": false, \"sourceTreeIndex\": [], \"targetTreeIndex\": [], \"mapConditionFormValue\": {}}}], \"/get-stock-quoteAPIServerResponse/200/Symbol\": [{\"type\": \"map\", \"source\": {\"path\": \"/STRING_UPPER_CASE_OUTPUT/output\", \"title\": \"output\", \"dataElementType\": \"string\"}, \"target\": {\"path\": \"/get-stock-quoteAPIServerResponse/200/Symbol\", \"order\": 8, \"title\": \"Symbol\", \"dataElementType\": \"string\"}, \"mapCondition\": {\"isConditionSet\": false, \"sourceTreeIndex\": [], \"targetTreeIndex\": [], \"mapConditionFormValue\": {}}}]}, \"functionInfo\": {\"id\": \"56ebbc08-9f71-4db7-8d29-2ea3274c9a8a\", \"name\": \"UpperCase\", \"category\": {\"id\": \"7e335ebf-c122-41de-a87f-8e4cb8f39ff6\"}, \"internalName\": \"STRING_UPPER_CASE\"}}]}",
    "null" : false
  },
  "endpoint_structure_json" : {
    "type" : "jsonb",
    "value" : "{\"maps\": []}",
    "null" : false
  },
  "is_error" : false,
  "no_of_errors" : 0,
  "action_input_type" : null,
  "config_service_id" : null,
  "config_imap_id" : null,
  "config_b2b_document_type_id" : null,
  "config_document_id" : null,
  "add_variables" : {
    "type" : "jsonb",
    "value" : "[{\"id\": \"08740443-1e5f-48ed-8e03-6e5a74ec23bb\", \"key\": \"/symbolUC\", \"type\": \"node\", \"order\": 1, \"title\": \"symbolUC\", \"value\": {\"type\": \"string\"}, \"children\": [], \"editAllow\": true, \"dataElementType\": \"string\", \"componentConfigId\": \"196d91c5-46b6-4780-b32c-472046e97b30\", \"componentConfigName\": \"Map\"}]",
    "null" : false
  },
  "drop_variables" : {
    "type" : "jsonb",
    "value" : "[]",
    "null" : false
  },
  "plug_input_structure" : null,
  "plug_output_structure" : null,
  "config_plug_id" : null,
  "override_plug" : false,
  "config_java_service_id" : null,
  "service_tag" : "V15",
  "endpoint_tag" : null,
  "config_service_tag" : "",
  "config_imap_tag" : "",
  "config_b2b_document_type_tag" : "",
  "active" : false,
  "parent_component_config_service_tag" : "V15",
  "service_project_id" : "94afffa5-622e-4445-9e23-5019119fbd0b",
  "service_project_tag" : "V15",
  "config_service_project_id" : null,
  "config_service_project_tag" : "",
  "config_imap_project_id" : null,
  "config_imap_project_tag" : "",
  "config_b2b_document_type_project_id" : null,
  "config_b2b_document_type_project_tag" : "",
  "endpoint_project_id" : null,
  "endpoint_project_tag" : null,
  "config_plug_tag" : null,
  "config_plug_project_id" : null,
  "config_plug_project_tag" : null,
  "config_java_service_tag" : "",
  "config_java_service_project_id" : null,
  "config_java_service_project_tag" : "",
  "disabled" : false,
  "config" : null,
  "config_b2b_document_type_project_mode_id" : "112c1cb8-4b9e-4d1a-a042-0bd031dc7d05",
  "config_imap_project_mode_id" : "112c1cb8-4b9e-4d1a-a042-0bd031dc7d05",
  "config_java_service_project_mode_id" : "112c1cb8-4b9e-4d1a-a042-0bd031dc7d05",
  "config_plug_project_mode_id" : "112c1cb8-4b9e-4d1a-a042-0bd031dc7d05",
  "config_service_project_mode_id" : "112c1cb8-4b9e-4d1a-a042-0bd031dc7d05",
  "endpoint_project_mode_id" : "112c1cb8-4b9e-4d1a-a042-0bd031dc7d05",
  "service_project_mode_id" : "112c1cb8-4b9e-4d1a-a042-0bd031dc7d05",
  "parent_component_config_service_project_mode_id" : "112c1cb8-4b9e-4d1a-a042-0bd031dc7d05",
  "is_audit" : true,
  "keys_with_order" : null
}