{
  "component_config_id" : "25c563f4-ce97-49e2-a7bb-7e165914735d",
  "endpoint_config_json" : {
    "type" : "jsonb",
    "value" : "{\"crossRef\": [], \"services\": [], \"multistep\": [], \"operations\": []}",
    "null" : false
  },
  "input_config_json" : {
    "type" : "jsonb",
    "value" : "{\"crossRef\": [], \"services\": [], \"multistep\": [], \"operations\": []}",
    "null" : false
  },
  "output_config_json" : {
    "type" : "jsonb",
    "value" : "{\"crossRef\": [{\"id\": \"d22dfa1c-7fec-4698-813b-5bd61cc82db8\"}], \"services\": [], \"multistep\": [], \"operations\": [{\"transformer\": {\"id\": \"cc696cb6-f617-4fad-a4f0-70a15b26a333\", \"name\": \"ADVANCED_CROSSREFERENCE\", \"type\": \"Advanced\", \"query\": \"select jsonb_array_elements(xref_data)::json->> 'data' from \\\"cx52_design\\\".\\\"cross_reference_structure\\\" where (\\\"cx52_design\\\".\\\"cross_reference_structure\\\".\\\"table_id\\\" = cast('d22dfa1c-7fec-4698-813b-5bd61cc82db8' as uuid) and \\\"cx52_design\\\".\\\"cross_reference_structure\\\".\\\"project_id\\\" = cast('94afffa5-622e-4445-9e23-5019119fbd0b' as uuid) and \\\"cx52_design\\\".\\\"cross_reference_structure\\\".\\\"active\\\" = true and \\\"cx52_design\\\".\\\"cross_reference_structure\\\".\\\"project_mode_id\\\" = cast('112c1cb8-4b9e-4d1a-a042-0bd031dc7d05' as uuid))\", \"inputs\": [{\"id\": \"45992dac-2ee3-4750-88b5-7d1e6318e03e\", \"root\": false, \"type\": \"map\", \"cached\": false, \"source\": \"/CountryCodeConverterServiceInput/CountryCode\", \"target\": \"/ADVANCED_CROSSREFERENCE_INPUT/crossRefInput/iso2\", \"mapNull\": false, \"disabled\": false, \"extractXml\": false, \"extractJson\": false, \"mapEmptyString\": false, \"sourceJavaType\": \"java.lang.String\", \"targetJavaType\": \"java.lang.String\"}], \"outputs\": [{\"id\": \"66d30cb9-a53e-42d7-aea5-da2397303e86\", \"root\": false, \"type\": \"map\", \"cached\": false, \"source\": \"/ADVANCED_CROSSREFERENCE_OUTPUT/output/iso3\", \"target\": \"/CountryCodeConverterServiceOutput/CountryCodeResponse/ios3code\", \"mapNull\": false, \"disabled\": false, \"extractXml\": false, \"extractJson\": false, \"targetOrder\": 1.0, \"mapEmptyString\": false, \"sourceJavaType\": \"java.lang.String\", \"targetJavaType\": \"java.lang.String\"}, {\"id\": \"17773d67-7849-46af-bd93-be9d901e0044\", \"root\": false, \"type\": \"map\", \"cached\": false, \"source\": \"/ADVANCED_CROSSREFERENCE_OUTPUT/output/country\", \"target\": \"/CountryCodeConverterServiceOutput/CountryCodeResponse/country\", \"mapNull\": false, \"disabled\": false, \"extractXml\": false, \"extractJson\": false, \"targetOrder\": 1.0, \"mapEmptyString\": false, \"sourceJavaType\": \"java.lang.String\", \"targetJavaType\": \"java.lang.String\"}, {\"id\": \"91fd9b28-572d-4f28-b308-6441ad1f3051\", \"root\": false, \"type\": \"map\", \"cached\": false, \"source\": \"/ADVANCED_CROSSREFERENCE_OUTPUT/output/iso_num\", \"target\": \"/CountryCodeConverterServiceOutput/CountryCodeResponse/isonum\", \"mapNull\": false, \"disabled\": false, \"extractXml\": false, \"extractJson\": false, \"targetOrder\": 1.0, \"mapEmptyString\": false, \"sourceJavaType\": \"java.lang.String\", \"targetJavaType\": \"java.lang.String\"}, {\"id\": \"5214d6b7-964c-43a2-a406-f8b9c81f2a10\", \"root\": false, \"type\": \"map\", \"cached\": false, \"source\": \"/ADVANCED_CROSSREFERENCE_OUTPUT/output/country_common\", \"target\": \"/CountryCodeConverterServiceOutput/CountryCodeResponse/countrycommon\", \"mapNull\": false, \"disabled\": false, \"extractXml\": false, \"extractJson\": false, \"targetOrder\": 1.0, \"mapEmptyString\": false, \"sourceJavaType\": \"java.lang.String\", \"targetJavaType\": \"java.lang.String\"}], \"tableId\": \"d22dfa1c-7fec-4698-813b-5bd61cc82db8\", \"configId\": null, \"disabled\": false, \"serviceId\": null, \"expression\": null}}]}",
    "null" : false
  },
  "component_id" : "8ac5fe03-27a2-4e6a-a449-6a8893818223",
  "service_id" : "2cc46194-4ea2-4954-90f6-143c2c5484d9",
  "endpoint_id" : null,
  "parent_component_config_id" : null,
  "component_config_order" : 1.0,
  "action_id" : "06843b78-eab0-45da-afab-8c8277d7553f",
  "name" : "",
  "description" : "",
  "override_endpoint" : false,
  "input_structure_json" : {
    "type" : "jsonb",
    "value" : "{\"maps\": [], \"mappedNodes\": [\"/CountryCodeConverterServiceInput/CountryCode pipeIn\", \"/ADVANCED_CROSSREFERENCE_INPUT/iso20\", \"/ADVANCED_CROSSREFERENCE_OUTPUT/iso30\", \"/CountryCodeConverterServiceOutput/CountryCodeResponse/ios3codepipeOut\", \"/ADVANCED_CROSSREFERENCE_OUTPUT/country0\", \"/CountryCodeConverterServiceOutput/CountryCodeResponse/countrypipeOut\", \"/ADVANCED_CROSSREFERENCE_OUTPUT/iso_num0\", \"/CountryCodeConverterServiceOutput/CountryCodeResponse/isonumpipeOut\", \"/ADVANCED_CROSSREFERENCE_OUTPUT/country_common0\", \"/CountryCodeConverterServiceOutput/CountryCodeResponse/countrycommonpipeOut\"]}",
    "null" : false
  },
  "output_structure_json" : {
    "type" : "jsonb",
    "value" : "{\"maps\": [], \"tracks\": {}, \"transformer\": [{\"inputs\": {\"/ADVANCED_CROSSREFERENCE_INPUT/iso2\": [{\"type\": \"map\", \"source\": {\"path\": \"/CountryCodeConverterServiceInput/CountryCode\", \"title\": \"CountryCode\", \"dataElementType\": \"string\"}, \"target\": {\"path\": \"/ADVANCED_CROSSREFERENCE_INPUT/iso2\", \"title\": \"iso2\", \"dataElementType\": \"string\"}, \"mapCondition\": {\"isConditionSet\": false, \"sourceTreeIndex\": [], \"targetTreeIndex\": [], \"mapConditionFormValue\": {}}}]}, \"outputs\": {\"/CountryCodeConverterServiceOutput/CountryCodeResponse/isonum\": [{\"type\": \"map\", \"source\": {\"path\": \"/ADVANCED_CROSSREFERENCE_OUTPUT/iso_num\", \"title\": \"iso_num\", \"dataElementType\": \"string\"}, \"target\": {\"path\": \"/CountryCodeConverterServiceOutput/CountryCodeResponse/isonum\", \"order\": 1, \"title\": \"isonum\", \"dataElementType\": \"string\"}, \"mapCondition\": {\"isConditionSet\": false, \"sourceTreeIndex\": [], \"targetTreeIndex\": [], \"mapConditionFormValue\": {}}}], \"/CountryCodeConverterServiceOutput/CountryCodeResponse/country\": [{\"type\": \"map\", \"source\": {\"path\": \"/ADVANCED_CROSSREFERENCE_OUTPUT/country\", \"title\": \"country\", \"dataElementType\": \"string\"}, \"target\": {\"path\": \"/CountryCodeConverterServiceOutput/CountryCodeResponse/country\", \"order\": 1, \"title\": \"country\", \"dataElementType\": \"string\"}, \"mapCondition\": {\"isConditionSet\": false, \"sourceTreeIndex\": [], \"targetTreeIndex\": [], \"mapConditionFormValue\": {}}}], \"/CountryCodeConverterServiceOutput/CountryCodeResponse/ios3code\": [{\"type\": \"map\", \"source\": {\"path\": \"/ADVANCED_CROSSREFERENCE_OUTPUT/iso3\", \"title\": \"iso3\", \"dataElementType\": \"string\"}, \"target\": {\"path\": \"/CountryCodeConverterServiceOutput/CountryCodeResponse/ios3code\", \"order\": 1, \"title\": \"ios3code\", \"dataElementType\": \"string\"}, \"mapCondition\": {\"isConditionSet\": false, \"sourceTreeIndex\": [], \"targetTreeIndex\": [], \"mapConditionFormValue\": {}}}], \"/CountryCodeConverterServiceOutput/CountryCodeResponse/countrycommon\": [{\"type\": \"map\", \"source\": {\"path\": \"/ADVANCED_CROSSREFERENCE_OUTPUT/country_common\", \"title\": \"country_common\", \"dataElementType\": \"string\"}, \"target\": {\"path\": \"/CountryCodeConverterServiceOutput/CountryCodeResponse/countrycommon\", \"order\": 1, \"title\": \"countrycommon\", \"dataElementType\": \"string\"}, \"mapCondition\": {\"isConditionSet\": false, \"sourceTreeIndex\": [], \"targetTreeIndex\": [], \"mapConditionFormValue\": {}}}]}, \"tableId\": \"d22dfa1c-7fec-4698-813b-5bd61cc82db8\", \"inputJson\": \"[{\\\"key\\\":\\\"/ADVANCED_CROSSREFERENCE_INPUT\\\",\\\"type\\\":\\\"object\\\",\\\"value\\\":{\\\"type\\\":\\\"object\\\"},\\\"isLeaf\\\":false,\\\"secret\\\":false,\\\"children\\\":[{\\\"key\\\":\\\"/ADVANCED_CROSSREFERENCE_INPUT/iso2\\\",\\\"title\\\":\\\"iso2\\\",\\\"dataElementType\\\":\\\"string\\\",\\\"value\\\":{\\\"type\\\":\\\"string\\\"},\\\"children\\\":[],\\\"type\\\":\\\"string\\\",\\\"isLeaf\\\":true,\\\"id\\\":\\\"6b786c1d-feae-4a65-a125-55867461752a\\\"}],\\\"dataElementType\\\":\\\"document\\\"}]\", \"projectId\": \"94afffa5-622e-4445-9e23-5019119fbd0b\", \"tableName\": \"CountryCode\", \"outputJson\": \"[{\\\"key\\\":\\\"/ADVANCED_CROSSREFERENCE_OUTPUT\\\",\\\"type\\\":\\\"object\\\",\\\"value\\\":{\\\"type\\\":\\\"object\\\"},\\\"isLeaf\\\":false,\\\"secret\\\":false,\\\"children\\\":[{\\\"key\\\":\\\"/ADVANCED_CROSSREFERENCE_OUTPUT/iso3\\\",\\\"title\\\":\\\"iso3\\\",\\\"dataElementType\\\":\\\"string\\\",\\\"value\\\":{\\\"type\\\":\\\"string\\\"},\\\"children\\\":[],\\\"type\\\":\\\"string\\\",\\\"isLeaf\\\":true,\\\"id\\\":\\\"8c9f95cb-fb10-49a6-9fe1-bf3a68391def\\\"},{\\\"key\\\":\\\"/ADVANCED_CROSSREFERENCE_OUTPUT/country\\\",\\\"title\\\":\\\"country\\\",\\\"dataElementType\\\":\\\"string\\\",\\\"value\\\":{\\\"type\\\":\\\"string\\\"},\\\"children\\\":[],\\\"type\\\":\\\"string\\\",\\\"isLeaf\\\":true,\\\"id\\\":\\\"d96f1646-0db8-46d3-b8a8-ff3d6af2cde6\\\"},{\\\"key\\\":\\\"/ADVANCED_CROSSREFERENCE_OUTPUT/iso_num\\\",\\\"title\\\":\\\"iso_num\\\",\\\"dataElementType\\\":\\\"string\\\",\\\"value\\\":{\\\"type\\\":\\\"string\\\"},\\\"children\\\":[],\\\"type\\\":\\\"string\\\",\\\"isLeaf\\\":true,\\\"id\\\":\\\"0d7500a4-be93-4905-843b-020f65097f38\\\"},{\\\"key\\\":\\\"/ADVANCED_CROSSREFERENCE_OUTPUT/country_common\\\",\\\"title\\\":\\\"country_common\\\",\\\"dataElementType\\\":\\\"string\\\",\\\"value\\\":{\\\"type\\\":\\\"string\\\"},\\\"children\\\":[],\\\"type\\\":\\\"string\\\",\\\"isLeaf\\\":true,\\\"id\\\":\\\"d7a652b8-a5ba-446c-b54f-3ae740a9e538\\\"}],\\\"dataElementType\\\":\\\"document\\\"}]\", \"functionInfo\": {\"id\": \"55a225d8-0178-431d-935d-d6dd774cde0f\", \"name\": \"CrossReference\", \"category\": {\"id\": \"abba5eaf-7353-4234-b15f-ef0841af9872\"}, \"referenceId\": \"1542fa0c-cf19-4f8a-b470-90c6d114d221\", \"internalName\": \"ADVANCED_CROSSREFERENCE\"}}]}",
    "null" : false
  },
  "endpoint_structure_json" : {
    "type" : "jsonb",
    "value" : "{\"maps\": []}",
    "null" : false
  },
  "is_error" : false,
  "no_of_errors" : 0,
  "action_input_type" : null,
  "config_service_id" : null,
  "config_imap_id" : null,
  "config_b2b_document_type_id" : null,
  "config_document_id" : null,
  "add_variables" : {
    "type" : "jsonb",
    "value" : "[]",
    "null" : false
  },
  "drop_variables" : {
    "type" : "jsonb",
    "value" : "[]",
    "null" : false
  },
  "plug_input_structure" : null,
  "plug_output_structure" : null,
  "config_plug_id" : null,
  "override_plug" : false,
  "config_java_service_id" : null,
  "service_tag" : "V15",
  "endpoint_tag" : null,
  "config_service_tag" : "",
  "config_imap_tag" : "",
  "config_b2b_document_type_tag" : "",
  "active" : false,
  "parent_component_config_service_tag" : "V15",
  "service_project_id" : "94afffa5-622e-4445-9e23-5019119fbd0b",
  "service_project_tag" : "V15",
  "config_service_project_id" : null,
  "config_service_project_tag" : "",
  "config_imap_project_id" : null,
  "config_imap_project_tag" : "",
  "config_b2b_document_type_project_id" : null,
  "config_b2b_document_type_project_tag" : "",
  "endpoint_project_id" : null,
  "endpoint_project_tag" : null,
  "config_plug_tag" : null,
  "config_plug_project_id" : null,
  "config_plug_project_tag" : null,
  "config_java_service_tag" : "",
  "config_java_service_project_id" : null,
  "config_java_service_project_tag" : "",
  "disabled" : false,
  "config" : null,
  "config_b2b_document_type_project_mode_id" : "112c1cb8-4b9e-4d1a-a042-0bd031dc7d05",
  "config_imap_project_mode_id" : "112c1cb8-4b9e-4d1a-a042-0bd031dc7d05",
  "config_java_service_project_mode_id" : "112c1cb8-4b9e-4d1a-a042-0bd031dc7d05",
  "config_plug_project_mode_id" : "112c1cb8-4b9e-4d1a-a042-0bd031dc7d05",
  "config_service_project_mode_id" : "112c1cb8-4b9e-4d1a-a042-0bd031dc7d05",
  "endpoint_project_mode_id" : "112c1cb8-4b9e-4d1a-a042-0bd031dc7d05",
  "service_project_mode_id" : "112c1cb8-4b9e-4d1a-a042-0bd031dc7d05",
  "parent_component_config_service_project_mode_id" : "112c1cb8-4b9e-4d1a-a042-0bd031dc7d05",
  "is_audit" : true,
  "keys_with_order" : null
}