{
  "component_config_id" : "56912130-0105-4b65-845e-8d216bce4579",
  "endpoint_config_json" : null,
  "input_config_json" : null,
  "output_config_json" : null,
  "component_id" : "16b1a61f-f379-4811-be9d-0d91c39547d3",
  "service_id" : "6e74fb04-e6df-4b6a-899b-e418b7eae626",
  "endpoint_id" : null,
  "parent_component_config_id" : null,
  "component_config_order" : 1.0,
  "action_id" : "09d57e63-9b50-4771-98e2-8fc07cb8bcd5",
  "name" : null,
  "description" : null,
  "override_endpoint" : false,
  "input_structure_json" : null,
  "output_structure_json" : null,
  "endpoint_structure_json" : null,
  "is_error" : false,
  "no_of_errors" : null,
  "action_input_type" : null,
  "config_service_id" : null,
  "config_imap_id" : null,
  "config_b2b_document_type_id" : null,
  "config_document_id" : null,
  "add_variables" : null,
  "drop_variables" : null,
  "plug_input_structure" : null,
  "plug_output_structure" : {
    "type" : "jsonb",
    "value" : "[{\"key\": \"/1APIServerRequest\", \"type\": \"object\", \"order\": 1.0, \"title\": \"1APIServerRequest\", \"value\": {\"type\": \"object\"}, \"children\": [{\"id\": \"56912130-0105-4b65-845e-8d216bce4579\", \"key\": \"/1APIServerRequest/pathParams\", \"order\": 0.0, \"title\": \"pathParams\", \"value\": {\"type\": \"object\"}, \"isLeaf\": false, \"children\": [], \"entityType\": \"componentConfig\", \"childrenSet\": false, \"hasChildren\": true, \"dataElementType\": \"document\", \"encryption_required\": false}, {\"id\": \"56912130-0105-4b65-845e-8d216bce4579\", \"key\": \"/1APIServerRequest/queryParams\", \"order\": 1.0, \"title\": \"queryParams\", \"value\": {\"type\": \"object\"}, \"isLeaf\": false, \"children\": [{\"id\": \"56912130-0105-4b65-845e-8d216bce4579\", \"key\": \"/1APIServerRequest/queryParams/limit\", \"title\": \"limit\", \"value\": {\"type\": \"integer\", \"requiredFlag\": false}, \"isLeaf\": true, \"entityType\": \"componentConfig\", \"childrenSet\": false, \"hasChildren\": false, \"dataElementType\": \"integer\", \"encryption_required\": false}, {\"id\": \"56912130-0105-4b65-845e-8d216bce4579\", \"key\": \"/1APIServerRequest/queryParams/offset\", \"title\": \"offset\", \"value\": {\"type\": \"integer\", \"requiredFlag\": false}, \"isLeaf\": true, \"entityType\": \"componentConfig\", \"childrenSet\": false, \"hasChildren\": false, \"dataElementType\": \"integer\", \"encryption_required\": false}], \"entityType\": \"componentConfig\", \"childrenSet\": false, \"hasChildren\": true, \"dataElementType\": \"document\", \"encryption_required\": false}, {\"id\": \"56912130-0105-4b65-845e-8d216bce4579\", \"key\": \"/1APIServerRequest/headers\", \"order\": 2.0, \"title\": \"headers\", \"value\": {\"type\": \"object\"}, \"isLeaf\": false, \"children\": [], \"entityType\": \"componentConfig\", \"childrenSet\": false, \"hasChildren\": true, \"dataElementType\": \"document\", \"encryption_required\": false}], \"entityType\": \"componentConfig\", \"childrenSet\": false, \"hasChildren\": false, \"dataElementType\": \"document\", \"encryption_required\": false}, {\"key\": \"/1APIServerResponse\", \"type\": \"object\", \"order\": 1.0, \"title\": \"1APIServerResponse\", \"value\": {\"type\": \"object\"}, \"children\": [{\"key\": \"/1APIServerResponse/200\", \"type\": \"object\", \"order\": 1.0, \"title\": \"200\", \"value\": {\"type\": \"object\"}, \"children\": [{\"id\": \"56912130-0105-4b65-845e-8d216bce4579\", \"key\": \"/1APIServerResponse/200/limit\", \"type\": \"integer\", \"order\": 1.0, \"title\": \"limit\", \"value\": {\"type\": \"integer\", \"requiredFlag\": false}, \"isLeaf\": true, \"entityType\": \"componentConfig\", \"childrenSet\": false, \"hasChildren\": false, \"dataElementType\": \"integer\", \"encryption_required\": false}, {\"id\": \"56912130-0105-4b65-845e-8d216bce4579\", \"key\": \"/1APIServerResponse/200/offset\", \"type\": \"integer\", \"order\": 2.0, \"title\": \"offset\", \"value\": {\"type\": \"integer\", \"requiredFlag\": false}, \"isLeaf\": true, \"entityType\": \"componentConfig\", \"childrenSet\": false, \"hasChildren\": false, \"dataElementType\": \"integer\", \"encryption_required\": false}, {\"id\": \"56912130-0105-4b65-845e-8d216bce4579\", \"key\": \"/1APIServerResponse/200/total\", \"type\": \"integer\", \"order\": 3.0, \"title\": \"total\", \"value\": {\"type\": \"integer\", \"requiredFlag\": false}, \"isLeaf\": true, \"entityType\": \"componentConfig\", \"childrenSet\": false, \"hasChildren\": false, \"dataElementType\": \"integer\", \"encryption_required\": false}, {\"id\": \"56912130-0105-4b65-845e-8d216bce4579\", \"key\": \"/1APIServerResponse/200/employees[]\", \"type\": \"array\", \"order\": 4.0, \"title\": \"employees\", \"value\": {\"type\": \"array\", \"requiredFlag\": false}, \"isLeaf\": false, \"children\": [{\"id\": \"56912130-0105-4b65-845e-8d216bce4579\", \"key\": \"/1APIServerResponse/200/employees[]/id\", \"type\": \"integer\", \"order\": 5.0, \"title\": \"id\", \"value\": {\"type\": \"integer\", \"requiredFlag\": false}, \"isLeaf\": true, \"entityType\": \"componentConfig\", \"childrenSet\": false, \"hasChildren\": false, \"dataElementType\": \"integer\", \"encryption_required\": false}, {\"id\": \"56912130-0105-4b65-845e-8d216bce4579\", \"key\": \"/1APIServerResponse/200/employees[]/first_name\", \"type\": \"string\", \"order\": 6.0, \"title\": \"first_name\", \"value\": {\"type\": \"string\", \"requiredFlag\": false}, \"isLeaf\": true, \"entityType\": \"componentConfig\", \"childrenSet\": false, \"hasChildren\": false, \"dataElementType\": \"string\", \"encryption_required\": false}, {\"id\": \"56912130-0105-4b65-845e-8d216bce4579\", \"key\": \"/1APIServerResponse/200/employees[]/last_name\", \"type\": \"string\", \"order\": 7.0, \"title\": \"last_name\", \"value\": {\"type\": \"string\", \"requiredFlag\": false}, \"isLeaf\": true, \"entityType\": \"componentConfig\", \"childrenSet\": false, \"hasChildren\": false, \"dataElementType\": \"string\", \"encryption_required\": false}, {\"id\": \"56912130-0105-4b65-845e-8d216bce4579\", \"key\": \"/1APIServerResponse/200/employees[]/email\", \"type\": \"string\", \"order\": 8.0, \"title\": \"email\", \"value\": {\"type\": \"string\", \"format\": \"email\", \"requiredFlag\": false}, \"isLeaf\": true, \"entityType\": \"componentConfig\", \"childrenSet\": false, \"hasChildren\": false, \"dataElementType\": \"string\", \"encryption_required\": false}, {\"id\": \"56912130-0105-4b65-845e-8d216bce4579\", \"key\": \"/1APIServerResponse/200/employees[]/gender\", \"type\": \"string\", \"order\": 9.0, \"title\": \"gender\", \"value\": {\"type\": \"string\", \"requiredFlag\": false}, \"isLeaf\": true, \"entityType\": \"componentConfig\", \"childrenSet\": false, \"hasChildren\": false, \"dataElementType\": \"string\", \"encryption_required\": false}, {\"id\": \"56912130-0105-4b65-845e-8d216bce4579\", \"key\": \"/1APIServerResponse/200/employees[]/job_title\", \"type\": \"string\", \"order\": 10.0, \"title\": \"job_title\", \"value\": {\"type\": \"string\", \"requiredFlag\": false}, \"isLeaf\": true, \"entityType\": \"componentConfig\", \"childrenSet\": false, \"hasChildren\": false, \"dataElementType\": \"string\", \"encryption_required\": false}, {\"id\": \"56912130-0105-4b65-845e-8d216bce4579\", \"key\": \"/1APIServerResponse/200/employees[]/state\", \"type\": \"string\", \"order\": 11.0, \"title\": \"state\", \"value\": {\"type\": \"string\", \"requiredFlag\": false}, \"isLeaf\": true, \"entityType\": \"componentConfig\", \"childrenSet\": false, \"hasChildren\": false, \"dataElementType\": \"string\", \"encryption_required\": false}, {\"id\": \"56912130-0105-4b65-845e-8d216bce4579\", \"key\": \"/1APIServerResponse/200/employees[]/city\", \"type\": \"string\", \"order\": 12.0, \"title\": \"city\", \"value\": {\"type\": \"string\", \"requiredFlag\": false}, \"isLeaf\": true, \"entityType\": \"componentConfig\", \"childrenSet\": false, \"hasChildren\": false, \"dataElementType\": \"string\", \"encryption_required\": false}], \"entityType\": \"componentConfig\", \"childrenSet\": false, \"hasChildren\": false, \"dataElementType\": \"documentArray\", \"encryption_required\": false}, {\"id\": \"56912130-0105-4b65-845e-8d216bce4579\", \"key\": \"/1APIServerResponse/200/responseHeaders\", \"type\": \"object\", \"order\": 13.0, \"title\": \"responseHeaders\", \"value\": {\"type\": \"object\", \"requiredFlag\": false}, \"isLeaf\": false, \"children\": [{\"id\": \"56912130-0105-4b65-845e-8d216bce4579\", \"key\": \"/1APIServerResponse/200/responseHeaders/Transfer-Encoding\", \"type\": \"string\", \"order\": 14.0, \"title\": \"Transfer-Encoding\", \"value\": {\"type\": \"string\", \"requiredFlag\": false}, \"isLeaf\": true, \"entityType\": \"componentConfig\", \"childrenSet\": false, \"hasChildren\": false, \"dataElementType\": \"string\", \"encryption_required\": false}, {\"id\": \"56912130-0105-4b65-845e-8d216bce4579\", \"key\": \"/1APIServerResponse/200/responseHeaders/Retry-After\", \"type\": \"string\", \"order\": 15.0, \"title\": \"Retry-After\", \"value\": {\"type\": \"string\", \"requiredFlag\": false}, \"isLeaf\": true, \"entityType\": \"componentConfig\", \"childrenSet\": false, \"hasChildren\": false, \"dataElementType\": \"string\", \"encryption_required\": false}, {\"id\": \"56912130-0105-4b65-845e-8d216bce4579\", \"key\": \"/1APIServerResponse/200/responseHeaders/Access-Control-Allow-Origin\", \"type\": \"string\", \"order\": 16.0, \"title\": \"Access-Control-Allow-Origin\", \"value\": {\"type\": \"string\", \"requiredFlag\": false}, \"isLeaf\": true, \"entityType\": \"componentConfig\", \"childrenSet\": false, \"hasChildren\": false, \"dataElementType\": \"string\", \"encryption_required\": false}, {\"id\": \"56912130-0105-4b65-845e-8d216bce4579\", \"key\": \"/1APIServerResponse/200/responseHeaders/ETag\", \"type\": \"string\", \"order\": 17.0, \"title\": \"ETag\", \"value\": {\"type\": \"string\", \"requiredFlag\": false}, \"isLeaf\": true, \"entityType\": \"componentConfig\", \"childrenSet\": false, \"hasChildren\": false, \"dataElementType\": \"string\", \"encryption_required\": false}, {\"id\": \"56912130-0105-4b65-845e-8d216bce4579\", \"key\": \"/1APIServerResponse/200/responseHeaders/Content-Encoding\", \"type\": \"string\", \"order\": 18.0, \"title\": \"Content-Encoding\", \"value\": {\"type\": \"string\", \"requiredFlag\": false}, \"isLeaf\": true, \"entityType\": \"componentConfig\", \"childrenSet\": false, \"hasChildren\": false, \"dataElementType\": \"string\", \"encryption_required\": false}, {\"id\": \"56912130-0105-4b65-845e-8d216bce4579\", \"key\": \"/1APIServerResponse/200/responseHeaders/Set-Cookie\", \"type\": \"string\", \"order\": 19.0, \"title\": \"Set-Cookie\", \"value\": {\"type\": \"string\", \"requiredFlag\": false}, \"isLeaf\": true, \"entityType\": \"componentConfig\", \"childrenSet\": false, \"hasChildren\": false, \"dataElementType\": \"string\", \"encryption_required\": false}, {\"id\": \"56912130-0105-4b65-845e-8d216bce4579\", \"key\": \"/1APIServerResponse/200/responseHeaders/Expires\", \"type\": \"string\", \"order\": 20.0, \"title\": \"Expires\", \"value\": {\"type\": \"string\", \"requiredFlag\": false}, \"isLeaf\": true, \"entityType\": \"componentConfig\", \"childrenSet\": false, \"hasChildren\": false, \"dataElementType\": \"string\", \"encryption_required\": false}, {\"id\": \"56912130-0105-4b65-845e-8d216bce4579\", \"key\": \"/1APIServerResponse/200/responseHeaders/Last-Modified\", \"type\": \"string\", \"order\": 21.0, \"title\": \"Last-Modified\", \"value\": {\"type\": \"string\", \"requiredFlag\": false}, \"isLeaf\": true, \"entityType\": \"componentConfig\", \"childrenSet\": false, \"hasChildren\": false, \"dataElementType\": \"string\", \"encryption_required\": false}, {\"id\": \"56912130-0105-4b65-845e-8d216bce4579\", \"key\": \"/1APIServerResponse/200/responseHeaders/Content-Language\", \"type\": \"string\", \"order\": 22.0, \"title\": \"Content-Language\", \"value\": {\"type\": \"string\", \"requiredFlag\": false}, \"isLeaf\": true, \"entityType\": \"componentConfig\", \"childrenSet\": false, \"hasChildren\": false, \"dataElementType\": \"string\", \"encryption_required\": false}, {\"id\": \"56912130-0105-4b65-845e-8d216bce4579\", \"key\": \"/1APIServerResponse/200/responseHeaders/Allow\", \"type\": \"string\", \"order\": 23.0, \"title\": \"Allow\", \"value\": {\"type\": \"string\", \"requiredFlag\": false}, \"isLeaf\": true, \"entityType\": \"componentConfig\", \"childrenSet\": false, \"hasChildren\": false, \"dataElementType\": \"string\", \"encryption_required\": false}, {\"id\": \"56912130-0105-4b65-845e-8d216bce4579\", \"key\": \"/1APIServerResponse/200/responseHeaders/Content-Type\", \"type\": \"string\", \"order\": 24.0, \"title\": \"Content-Type\", \"value\": {\"type\": \"string\", \"requiredFlag\": false}, \"isLeaf\": true, \"entityType\": \"componentConfig\", \"childrenSet\": false, \"hasChildren\": false, \"dataElementType\": \"string\", \"encryption_required\": false}, {\"id\": \"56912130-0105-4b65-845e-8d216bce4579\", \"key\": \"/1APIServerResponse/200/responseHeaders/Location\", \"type\": \"string\", \"order\": 25.0, \"title\": \"Location\", \"value\": {\"type\": \"string\", \"requiredFlag\": false}, \"isLeaf\": true, \"entityType\": \"componentConfig\", \"childrenSet\": false, \"hasChildren\": false, \"dataElementType\": \"string\", \"encryption_required\": false}], \"entityType\": \"componentConfig\", \"childrenSet\": false, \"hasChildren\": false, \"dataElementType\": \"document\", \"encryption_required\": false}], \"entityType\": \"componentConfig\", \"childrenSet\": false, \"hasChildren\": false, \"dataElementType\": \"document\", \"encryption_required\": false}, {\"key\": \"/1APIServerResponse/400\", \"type\": \"object\", \"order\": 1.0, \"title\": \"400\", \"value\": {\"type\": \"object\"}, \"children\": [{\"id\": \"56912130-0105-4b65-845e-8d216bce4579\", \"key\": \"/1APIServerResponse/400/message\", \"type\": \"string\", \"order\": 1.0, \"title\": \"message\", \"value\": {\"type\": \"string\", \"requiredFlag\": false}, \"isLeaf\": true, \"entityType\": \"componentConfig\", \"childrenSet\": false, \"hasChildren\": false, \"dataElementType\": \"string\", \"encryption_required\": false}, {\"id\": \"56912130-0105-4b65-845e-8d216bce4579\", \"key\": \"/1APIServerResponse/400/responseHeaders\", \"type\": \"object\", \"order\": 2.0, \"title\": \"responseHeaders\", \"value\": {\"type\": \"object\", \"requiredFlag\": false}, \"isLeaf\": false, \"children\": [{\"id\": \"56912130-0105-4b65-845e-8d216bce4579\", \"key\": \"/1APIServerResponse/400/responseHeaders/Transfer-Encoding\", \"type\": \"string\", \"order\": 3.0, \"title\": \"Transfer-Encoding\", \"value\": {\"type\": \"string\", \"requiredFlag\": false}, \"isLeaf\": true, \"entityType\": \"componentConfig\", \"childrenSet\": false, \"hasChildren\": false, \"dataElementType\": \"string\", \"encryption_required\": false}, {\"id\": \"56912130-0105-4b65-845e-8d216bce4579\", \"key\": \"/1APIServerResponse/400/responseHeaders/Retry-After\", \"type\": \"string\", \"order\": 4.0, \"title\": \"Retry-After\", \"value\": {\"type\": \"string\", \"requiredFlag\": false}, \"isLeaf\": true, \"entityType\": \"componentConfig\", \"childrenSet\": false, \"hasChildren\": false, \"dataElementType\": \"string\", \"encryption_required\": false}, {\"id\": \"56912130-0105-4b65-845e-8d216bce4579\", \"key\": \"/1APIServerResponse/400/responseHeaders/Access-Control-Allow-Origin\", \"type\": \"string\", \"order\": 5.0, \"title\": \"Access-Control-Allow-Origin\", \"value\": {\"type\": \"string\", \"requiredFlag\": false}, \"isLeaf\": true, \"entityType\": \"componentConfig\", \"childrenSet\": false, \"hasChildren\": false, \"dataElementType\": \"string\", \"encryption_required\": false}, {\"id\": \"56912130-0105-4b65-845e-8d216bce4579\", \"key\": \"/1APIServerResponse/400/responseHeaders/ETag\", \"type\": \"string\", \"order\": 6.0, \"title\": \"ETag\", \"value\": {\"type\": \"string\", \"requiredFlag\": false}, \"isLeaf\": true, \"entityType\": \"componentConfig\", \"childrenSet\": false, \"hasChildren\": false, \"dataElementType\": \"string\", \"encryption_required\": false}, {\"id\": \"56912130-0105-4b65-845e-8d216bce4579\", \"key\": \"/1APIServerResponse/400/responseHeaders/Content-Encoding\", \"type\": \"string\", \"order\": 7.0, \"title\": \"Content-Encoding\", \"value\": {\"type\": \"string\", \"requiredFlag\": false}, \"isLeaf\": true, \"entityType\": \"componentConfig\", \"childrenSet\": false, \"hasChildren\": false, \"dataElementType\": \"string\", \"encryption_required\": false}, {\"id\": \"56912130-0105-4b65-845e-8d216bce4579\", \"key\": \"/1APIServerResponse/400/responseHeaders/Set-Cookie\", \"type\": \"string\", \"order\": 8.0, \"title\": \"Set-Cookie\", \"value\": {\"type\": \"string\", \"requiredFlag\": false}, \"isLeaf\": true, \"entityType\": \"componentConfig\", \"childrenSet\": false, \"hasChildren\": false, \"dataElementType\": \"string\", \"encryption_required\": false}, {\"id\": \"56912130-0105-4b65-845e-8d216bce4579\", \"key\": \"/1APIServerResponse/400/responseHeaders/Expires\", \"type\": \"string\", \"order\": 9.0, \"title\": \"Expires\", \"value\": {\"type\": \"string\", \"requiredFlag\": false}, \"isLeaf\": true, \"entityType\": \"componentConfig\", \"childrenSet\": false, \"hasChildren\": false, \"dataElementType\": \"string\", \"encryption_required\": false}, {\"id\": \"56912130-0105-4b65-845e-8d216bce4579\", \"key\": \"/1APIServerResponse/400/responseHeaders/Last-Modified\", \"type\": \"string\", \"order\": 10.0, \"title\": \"Last-Modified\", \"value\": {\"type\": \"string\", \"requiredFlag\": false}, \"isLeaf\": true, \"entityType\": \"componentConfig\", \"childrenSet\": false, \"hasChildren\": false, \"dataElementType\": \"string\", \"encryption_required\": false}, {\"id\": \"56912130-0105-4b65-845e-8d216bce4579\", \"key\": \"/1APIServerResponse/400/responseHeaders/Content-Language\", \"type\": \"string\", \"order\": 11.0, \"title\": \"Content-Language\", \"value\": {\"type\": \"string\", \"requiredFlag\": false}, \"isLeaf\": true, \"entityType\": \"componentConfig\", \"childrenSet\": false, \"hasChildren\": false, \"dataElementType\": \"string\", \"encryption_required\": false}, {\"id\": \"56912130-0105-4b65-845e-8d216bce4579\", \"key\": \"/1APIServerResponse/400/responseHeaders/Allow\", \"type\": \"string\", \"order\": 12.0, \"title\": \"Allow\", \"value\": {\"type\": \"string\", \"requiredFlag\": false}, \"isLeaf\": true, \"entityType\": \"componentConfig\", \"childrenSet\": false, \"hasChildren\": false, \"dataElementType\": \"string\", \"encryption_required\": false}, {\"id\": \"56912130-0105-4b65-845e-8d216bce4579\", \"key\": \"/1APIServerResponse/400/responseHeaders/Content-Type\", \"type\": \"string\", \"order\": 13.0, \"title\": \"Content-Type\", \"value\": {\"type\": \"string\", \"requiredFlag\": false}, \"isLeaf\": true, \"entityType\": \"componentConfig\", \"childrenSet\": false, \"hasChildren\": false, \"dataElementType\": \"string\", \"encryption_required\": false}, {\"id\": \"56912130-0105-4b65-845e-8d216bce4579\", \"key\": \"/1APIServerResponse/400/responseHeaders/Location\", \"type\": \"string\", \"order\": 14.0, \"title\": \"Location\", \"value\": {\"type\": \"string\", \"requiredFlag\": false}, \"isLeaf\": true, \"entityType\": \"componentConfig\", \"childrenSet\": false, \"hasChildren\": false, \"dataElementType\": \"string\", \"encryption_required\": false}], \"entityType\": \"componentConfig\", \"childrenSet\": false, \"hasChildren\": false, \"dataElementType\": \"document\", \"encryption_required\": false}], \"entityType\": \"componentConfig\", \"childrenSet\": false, \"hasChildren\": false, \"dataElementType\": \"document\", \"encryption_required\": false}, {\"key\": \"/1APIServerResponse/500\", \"type\": \"object\", \"order\": 1.0, \"title\": \"500\", \"value\": {\"type\": \"object\"}, \"children\": [{\"id\": \"56912130-0105-4b65-845e-8d216bce4579\", \"key\": \"/1APIServerResponse/500/message\", \"type\": \"string\", \"order\": 1.0, \"title\": \"message\", \"value\": {\"type\": \"string\", \"requiredFlag\": false}, \"isLeaf\": true, \"entityType\": \"componentConfig\", \"childrenSet\": false, \"hasChildren\": false, \"dataElementType\": \"string\", \"encryption_required\": false}, {\"id\": \"56912130-0105-4b65-845e-8d216bce4579\", \"key\": \"/1APIServerResponse/500/responseHeaders\", \"type\": \"object\", \"order\": 2.0, \"title\": \"responseHeaders\", \"value\": {\"type\": \"object\", \"requiredFlag\": false}, \"isLeaf\": false, \"children\": [{\"id\": \"56912130-0105-4b65-845e-8d216bce4579\", \"key\": \"/1APIServerResponse/500/responseHeaders/Transfer-Encoding\", \"type\": \"string\", \"order\": 3.0, \"title\": \"Transfer-Encoding\", \"value\": {\"type\": \"string\", \"requiredFlag\": false}, \"isLeaf\": true, \"entityType\": \"componentConfig\", \"childrenSet\": false, \"hasChildren\": false, \"dataElementType\": \"string\", \"encryption_required\": false}, {\"id\": \"56912130-0105-4b65-845e-8d216bce4579\", \"key\": \"/1APIServerResponse/500/responseHeaders/Retry-After\", \"type\": \"string\", \"order\": 4.0, \"title\": \"Retry-After\", \"value\": {\"type\": \"string\", \"requiredFlag\": false}, \"isLeaf\": true, \"entityType\": \"componentConfig\", \"childrenSet\": false, \"hasChildren\": false, \"dataElementType\": \"string\", \"encryption_required\": false}, {\"id\": \"56912130-0105-4b65-845e-8d216bce4579\", \"key\": \"/1APIServerResponse/500/responseHeaders/Access-Control-Allow-Origin\", \"type\": \"string\", \"order\": 5.0, \"title\": \"Access-Control-Allow-Origin\", \"value\": {\"type\": \"string\", \"requiredFlag\": false}, \"isLeaf\": true, \"entityType\": \"componentConfig\", \"childrenSet\": false, \"hasChildren\": false, \"dataElementType\": \"string\", \"encryption_required\": false}, {\"id\": \"56912130-0105-4b65-845e-8d216bce4579\", \"key\": \"/1APIServerResponse/500/responseHeaders/ETag\", \"type\": \"string\", \"order\": 6.0, \"title\": \"ETag\", \"value\": {\"type\": \"string\", \"requiredFlag\": false}, \"isLeaf\": true, \"entityType\": \"componentConfig\", \"childrenSet\": false, \"hasChildren\": false, \"dataElementType\": \"string\", \"encryption_required\": false}, {\"id\": \"56912130-0105-4b65-845e-8d216bce4579\", \"key\": \"/1APIServerResponse/500/responseHeaders/Content-Encoding\", \"type\": \"string\", \"order\": 7.0, \"title\": \"Content-Encoding\", \"value\": {\"type\": \"string\", \"requiredFlag\": false}, \"isLeaf\": true, \"entityType\": \"componentConfig\", \"childrenSet\": false, \"hasChildren\": false, \"dataElementType\": \"string\", \"encryption_required\": false}, {\"id\": \"56912130-0105-4b65-845e-8d216bce4579\", \"key\": \"/1APIServerResponse/500/responseHeaders/Set-Cookie\", \"type\": \"string\", \"order\": 8.0, \"title\": \"Set-Cookie\", \"value\": {\"type\": \"string\", \"requiredFlag\": false}, \"isLeaf\": true, \"entityType\": \"componentConfig\", \"childrenSet\": false, \"hasChildren\": false, \"dataElementType\": \"string\", \"encryption_required\": false}, {\"id\": \"56912130-0105-4b65-845e-8d216bce4579\", \"key\": \"/1APIServerResponse/500/responseHeaders/Expires\", \"type\": \"string\", \"order\": 9.0, \"title\": \"Expires\", \"value\": {\"type\": \"string\", \"requiredFlag\": false}, \"isLeaf\": true, \"entityType\": \"componentConfig\", \"childrenSet\": false, \"hasChildren\": false, \"dataElementType\": \"string\", \"encryption_required\": false}, {\"id\": \"56912130-0105-4b65-845e-8d216bce4579\", \"key\": \"/1APIServerResponse/500/responseHeaders/Last-Modified\", \"type\": \"string\", \"order\": 10.0, \"title\": \"Last-Modified\", \"value\": {\"type\": \"string\", \"requiredFlag\": false}, \"isLeaf\": true, \"entityType\": \"componentConfig\", \"childrenSet\": false, \"hasChildren\": false, \"dataElementType\": \"string\", \"encryption_required\": false}, {\"id\": \"56912130-0105-4b65-845e-8d216bce4579\", \"key\": \"/1APIServerResponse/500/responseHeaders/Content-Language\", \"type\": \"string\", \"order\": 11.0, \"title\": \"Content-Language\", \"value\": {\"type\": \"string\", \"requiredFlag\": false}, \"isLeaf\": true, \"entityType\": \"componentConfig\", \"childrenSet\": false, \"hasChildren\": false, \"dataElementType\": \"string\", \"encryption_required\": false}, {\"id\": \"56912130-0105-4b65-845e-8d216bce4579\", \"key\": \"/1APIServerResponse/500/responseHeaders/Allow\", \"type\": \"string\", \"order\": 12.0, \"title\": \"Allow\", \"value\": {\"type\": \"string\", \"requiredFlag\": false}, \"isLeaf\": true, \"entityType\": \"componentConfig\", \"childrenSet\": false, \"hasChildren\": false, \"dataElementType\": \"string\", \"encryption_required\": false}, {\"id\": \"56912130-0105-4b65-845e-8d216bce4579\", \"key\": \"/1APIServerResponse/500/responseHeaders/Content-Type\", \"type\": \"string\", \"order\": 13.0, \"title\": \"Content-Type\", \"value\": {\"type\": \"string\", \"requiredFlag\": false}, \"isLeaf\": true, \"entityType\": \"componentConfig\", \"childrenSet\": false, \"hasChildren\": false, \"dataElementType\": \"string\", \"encryption_required\": false}, {\"id\": \"56912130-0105-4b65-845e-8d216bce4579\", \"key\": \"/1APIServerResponse/500/responseHeaders/Location\", \"type\": \"string\", \"order\": 14.0, \"title\": \"Location\", \"value\": {\"type\": \"string\", \"requiredFlag\": false}, \"isLeaf\": true, \"entityType\": \"componentConfig\", \"childrenSet\": false, \"hasChildren\": false, \"dataElementType\": \"string\", \"encryption_required\": false}], \"entityType\": \"componentConfig\", \"childrenSet\": false, \"hasChildren\": false, \"dataElementType\": \"document\", \"encryption_required\": false}], \"entityType\": \"componentConfig\", \"childrenSet\": false, \"hasChildren\": false, \"dataElementType\": \"document\", \"encryption_required\": false}, {\"key\": \"/1APIServerResponse/default\", \"type\": \"object\", \"order\": 1.0, \"title\": \"default\", \"value\": {\"type\": \"object\"}, \"children\": [{\"id\": \"56912130-0105-4b65-845e-8d216bce4579\", \"key\": \"/1APIServerResponse/default/responseHeaders\", \"type\": \"object\", \"order\": 1.0, \"title\": \"responseHeaders\", \"value\": {\"type\": \"object\", \"requiredFlag\": false}, \"isLeaf\": false, \"children\": [{\"id\": \"56912130-0105-4b65-845e-8d216bce4579\", \"key\": \"/1APIServerResponse/default/responseHeaders/Transfer-Encoding\", \"type\": \"string\", \"order\": 2.0, \"title\": \"Transfer-Encoding\", \"value\": {\"type\": \"string\", \"requiredFlag\": false}, \"isLeaf\": true, \"entityType\": \"componentConfig\", \"childrenSet\": false, \"hasChildren\": false, \"dataElementType\": \"string\", \"encryption_required\": false}, {\"id\": \"56912130-0105-4b65-845e-8d216bce4579\", \"key\": \"/1APIServerResponse/default/responseHeaders/Retry-After\", \"type\": \"string\", \"order\": 3.0, \"title\": \"Retry-After\", \"value\": {\"type\": \"string\", \"requiredFlag\": false}, \"isLeaf\": true, \"entityType\": \"componentConfig\", \"childrenSet\": false, \"hasChildren\": false, \"dataElementType\": \"string\", \"encryption_required\": false}, {\"id\": \"56912130-0105-4b65-845e-8d216bce4579\", \"key\": \"/1APIServerResponse/default/responseHeaders/Access-Control-Allow-Origin\", \"type\": \"string\", \"order\": 4.0, \"title\": \"Access-Control-Allow-Origin\", \"value\": {\"type\": \"string\", \"requiredFlag\": false}, \"isLeaf\": true, \"entityType\": \"componentConfig\", \"childrenSet\": false, \"hasChildren\": false, \"dataElementType\": \"string\", \"encryption_required\": false}, {\"id\": \"56912130-0105-4b65-845e-8d216bce4579\", \"key\": \"/1APIServerResponse/default/responseHeaders/ETag\", \"type\": \"string\", \"order\": 5.0, \"title\": \"ETag\", \"value\": {\"type\": \"string\", \"requiredFlag\": false}, \"isLeaf\": true, \"entityType\": \"componentConfig\", \"childrenSet\": false, \"hasChildren\": false, \"dataElementType\": \"string\", \"encryption_required\": false}, {\"id\": \"56912130-0105-4b65-845e-8d216bce4579\", \"key\": \"/1APIServerResponse/default/responseHeaders/Content-Encoding\", \"type\": \"string\", \"order\": 6.0, \"title\": \"Content-Encoding\", \"value\": {\"type\": \"string\", \"requiredFlag\": false}, \"isLeaf\": true, \"entityType\": \"componentConfig\", \"childrenSet\": false, \"hasChildren\": false, \"dataElementType\": \"string\", \"encryption_required\": false}, {\"id\": \"56912130-0105-4b65-845e-8d216bce4579\", \"key\": \"/1APIServerResponse/default/responseHeaders/Set-Cookie\", \"type\": \"string\", \"order\": 7.0, \"title\": \"Set-Cookie\", \"value\": {\"type\": \"string\", \"requiredFlag\": false}, \"isLeaf\": true, \"entityType\": \"componentConfig\", \"childrenSet\": false, \"hasChildren\": false, \"dataElementType\": \"string\", \"encryption_required\": false}, {\"id\": \"56912130-0105-4b65-845e-8d216bce4579\", \"key\": \"/1APIServerResponse/default/responseHeaders/Expires\", \"type\": \"string\", \"order\": 8.0, \"title\": \"Expires\", \"value\": {\"type\": \"string\", \"requiredFlag\": false}, \"isLeaf\": true, \"entityType\": \"componentConfig\", \"childrenSet\": false, \"hasChildren\": false, \"dataElementType\": \"string\", \"encryption_required\": false}, {\"id\": \"56912130-0105-4b65-845e-8d216bce4579\", \"key\": \"/1APIServerResponse/default/responseHeaders/Last-Modified\", \"type\": \"string\", \"order\": 9.0, \"title\": \"Last-Modified\", \"value\": {\"type\": \"string\", \"requiredFlag\": false}, \"isLeaf\": true, \"entityType\": \"componentConfig\", \"childrenSet\": false, \"hasChildren\": false, \"dataElementType\": \"string\", \"encryption_required\": false}, {\"id\": \"56912130-0105-4b65-845e-8d216bce4579\", \"key\": \"/1APIServerResponse/default/responseHeaders/Content-Language\", \"type\": \"string\", \"order\": 10.0, \"title\": \"Content-Language\", \"value\": {\"type\": \"string\", \"requiredFlag\": false}, \"isLeaf\": true, \"entityType\": \"componentConfig\", \"childrenSet\": false, \"hasChildren\": false, \"dataElementType\": \"string\", \"encryption_required\": false}, {\"id\": \"56912130-0105-4b65-845e-8d216bce4579\", \"key\": \"/1APIServerResponse/default/responseHeaders/Allow\", \"type\": \"string\", \"order\": 11.0, \"title\": \"Allow\", \"value\": {\"type\": \"string\", \"requiredFlag\": false}, \"isLeaf\": true, \"entityType\": \"componentConfig\", \"childrenSet\": false, \"hasChildren\": false, \"dataElementType\": \"string\", \"encryption_required\": false}, {\"id\": \"56912130-0105-4b65-845e-8d216bce4579\", \"key\": \"/1APIServerResponse/default/responseHeaders/Content-Type\", \"type\": \"string\", \"order\": 12.0, \"title\": \"Content-Type\", \"value\": {\"type\": \"string\", \"requiredFlag\": false}, \"isLeaf\": true, \"entityType\": \"componentConfig\", \"childrenSet\": false, \"hasChildren\": false, \"dataElementType\": \"string\", \"encryption_required\": false}, {\"id\": \"56912130-0105-4b65-845e-8d216bce4579\", \"key\": \"/1APIServerResponse/default/responseHeaders/Location\", \"type\": \"string\", \"order\": 13.0, \"title\": \"Location\", \"value\": {\"type\": \"string\", \"requiredFlag\": false}, \"isLeaf\": true, \"entityType\": \"componentConfig\", \"childrenSet\": false, \"hasChildren\": false, \"dataElementType\": \"string\", \"encryption_required\": false}], \"entityType\": \"componentConfig\", \"childrenSet\": false, \"hasChildren\": false, \"dataElementType\": \"document\", \"encryption_required\": false}, {\"id\": \"56912130-0105-4b65-845e-8d216bce4579\", \"key\": \"/1APIServerResponse/default/content\", \"type\": \"object\", \"order\": 14.0, \"title\": \"content\", \"value\": {\"type\": \"object\", \"requiredFlag\": false}, \"isLeaf\": false, \"entityType\": \"componentConfig\", \"childrenSet\": false, \"hasChildren\": false, \"dataElementType\": \"object\", \"encryption_required\": false}], \"entityType\": \"componentConfig\", \"childrenSet\": false, \"hasChildren\": false, \"dataElementType\": \"document\", \"encryption_required\": false}], \"entityType\": \"componentConfig\", \"childrenSet\": false, \"hasChildren\": false, \"dataElementType\": \"document\", \"encryption_required\": false}]",
    "null" : false
  },
  "config_plug_id" : null,
  "override_plug" : false,
  "config_java_service_id" : null,
  "service_tag" : "V15",
  "endpoint_tag" : null,
  "config_service_tag" : null,
  "config_imap_tag" : null,
  "config_b2b_document_type_tag" : null,
  "active" : false,
  "parent_component_config_service_tag" : "V15",
  "service_project_id" : "94afffa5-622e-4445-9e23-5019119fbd0b",
  "service_project_tag" : "V15",
  "config_service_project_id" : null,
  "config_service_project_tag" : null,
  "config_imap_project_id" : null,
  "config_imap_project_tag" : null,
  "config_b2b_document_type_project_id" : null,
  "config_b2b_document_type_project_tag" : null,
  "endpoint_project_id" : null,
  "endpoint_project_tag" : null,
  "config_plug_tag" : null,
  "config_plug_project_id" : null,
  "config_plug_project_tag" : null,
  "config_java_service_tag" : null,
  "config_java_service_project_id" : null,
  "config_java_service_project_tag" : null,
  "disabled" : false,
  "config" : {
    "type" : "json",
    "value" : "{\"api\":{\"id\":\"2426f605-6631-4767-9104-883bbcdfb487\",\"name\":\"EmployeesPagination\",\"projectId\":\"94afffa5-622e-4445-9e23-5019119fbd0b\",\"projectName\":\"GettingStarted\",\"integrationId\":\"6e74fb04-e6df-4b6a-899b-e418b7eae626\",\"entityId\":\"8f089679-9223-41c9-b13e-950e90938f72\",\"apiServiceId\":\"911ac700-14ff-4779-9e60-e9e2ef309bfc\"},\"operations\":[{\"id\":\"15d5cf08-4aa5-498f-9133-8f85c353f1ee\",\"method\":\"GET\",\"path\":\"/employees\",\"operationId\":\"Employee Management API-1.0.0 1\"}]}",
    "null" : false
  },
  "config_b2b_document_type_project_mode_id" : "112c1cb8-4b9e-4d1a-a042-0bd031dc7d05",
  "config_imap_project_mode_id" : "112c1cb8-4b9e-4d1a-a042-0bd031dc7d05",
  "config_java_service_project_mode_id" : "112c1cb8-4b9e-4d1a-a042-0bd031dc7d05",
  "config_plug_project_mode_id" : "112c1cb8-4b9e-4d1a-a042-0bd031dc7d05",
  "config_service_project_mode_id" : "112c1cb8-4b9e-4d1a-a042-0bd031dc7d05",
  "endpoint_project_mode_id" : "112c1cb8-4b9e-4d1a-a042-0bd031dc7d05",
  "service_project_mode_id" : "112c1cb8-4b9e-4d1a-a042-0bd031dc7d05",
  "parent_component_config_service_project_mode_id" : "112c1cb8-4b9e-4d1a-a042-0bd031dc7d05",
  "is_audit" : true,
  "keys_with_order" : null
}