{
  "component_config_id" : "70e69101-b086-4e02-ba05-99ebf676ac54",
  "endpoint_config_json" : {
    "type" : "jsonb",
    "value" : "{\"crossRef\": [], \"services\": [], \"multistep\": [], \"operations\": []}",
    "null" : false
  },
  "input_config_json" : {
    "type" : "jsonb",
    "value" : "{\"crossRef\": [], \"services\": [], \"multistep\": [], \"operations\": []}",
    "null" : false
  },
  "output_config_json" : {
    "type" : "jsonb",
    "value" : "{\"crossRef\": [], \"services\": [], \"multistep\": [], \"operations\": [{\"transformer\": {\"id\": \"b4cde120-3716-42c8-bc47-3506bfd1c7c9\", \"name\": \"LIST_SIZE\", \"type\": \"List\", \"query\": null, \"inputs\": [{\"id\": \"84415b2a-3ed7-47cd-ad8a-45ba15c75dfd\", \"root\": true, \"type\": \"list\", \"cached\": false, \"source\": \"/findPetsByStatusOutput/response[]\", \"target\": \"/LIST_SIZE_INPUT/list[]\", \"mapNull\": false, \"disabled\": false, \"extractXml\": false, \"extractJson\": false, \"mapEmptyString\": false}], \"outputs\": [{\"id\": \"0d164b72-7f34-4089-8f83-00d0e97e11f3\", \"root\": false, \"type\": \"map\", \"cached\": false, \"source\": \"/LIST_SIZE_OUTPUT/size\", \"target\": \"/NumAvailPets\", \"mapNull\": false, \"disabled\": false, \"extractXml\": false, \"extractJson\": false, \"targetOrder\": 1.0, \"mapEmptyString\": false, \"sourceJavaType\": \"java.lang.Integer\", \"targetJavaType\": \"java.lang.Integer\"}], \"tableId\": null, \"configId\": null, \"disabled\": false, \"serviceId\": null, \"expression\": null}}, {\"transformer\": {\"id\": \"845c9e86-d637-4b39-9b96-2ab4fe7fc2ef\", \"name\": \"ADVANCED_FILTER\", \"type\": \"Advanced\", \"query\": null, \"inputs\": [{\"id\": \"773d1f12-fd53-4c25-879b-2687cd4d42e9\", \"root\": true, \"type\": \"list\", \"cached\": false, \"source\": \"/findPetsByStatusOutput/response[]\", \"target\": \"/ADVANCED_FILTER_INPUT/docList[]\", \"mapNull\": false, \"disabled\": false, \"extractXml\": false, \"extractJson\": false, \"mapEmptyString\": false}, {\"id\": \"41d61970-2097-49fe-926a-19bb63db9d0e\", \"root\": false, \"type\": \"map\", \"cached\": false, \"filter\": \"%{/findPetsByStatusOutput/response[]/category/name}% == \\\"Dogs\\\" \", \"mapNull\": false, \"disabled\": false, \"extractXml\": false, \"extractJson\": false, \"mapEmptyString\": false}], \"outputs\": [{\"id\": \"2e7ebb8c-ba70-4212-bc87-60737f7a6450\", \"root\": true, \"type\": \"list\", \"cached\": false, \"source\": \"/ADVANCED_FILTER_OUTPUT/filteredList[]\", \"target\": \"/Dogs[]\", \"mapNull\": false, \"disabled\": false, \"extractXml\": false, \"extractJson\": false, \"targetOrder\": 1.0, \"mapEmptyString\": false}], \"tableId\": null, \"configId\": null, \"disabled\": false, \"serviceId\": null, \"expression\": null}}]}",
    "null" : false
  },
  "component_id" : "8ac5fe03-27a2-4e6a-a449-6a8893818223",
  "service_id" : "2734ed1b-9c00-4c27-a236-3bcd3c9b6046",
  "endpoint_id" : null,
  "parent_component_config_id" : null,
  "component_config_order" : 3.0,
  "action_id" : "06843b78-eab0-45da-afab-8c8277d7553f",
  "name" : "",
  "description" : "",
  "override_endpoint" : false,
  "input_structure_json" : {
    "type" : "jsonb",
    "value" : "{\"maps\": [], \"mappedNodes\": [\"/findPetsByStatusOutput/response[] pipeIn\", \"/LIST_SIZE_INPUT/list[]0\", \"/LIST_SIZE_OUTPUT/size0\", \"/NumAvailPetspipeOut\", \"/findPetsByStatusOutput/response[] pipeIn\", \"/ADVANCED_FILTER_INPUT/docList[]1\", \"/ADVANCED_FILTER_OUTPUT/filteredList[]1\", \"/Dogs[]pipeOut\"]}",
    "null" : false
  },
  "output_structure_json" : {
    "type" : "jsonb",
    "value" : "{\"maps\": [], \"transformer\": [{\"inputs\": {\"/LIST_SIZE_INPUT/list[]\": [{\"type\": \"list\", \"source\": {\"path\": \"/findPetsByStatusOutput/response[]\", \"title\": \"response\", \"dataElementType\": \"documentArray\"}, \"target\": {\"path\": \"/LIST_SIZE_INPUT/list[]\", \"title\": \"list\", \"dataElementType\": \"documentArray\"}, \"mapCondition\": {\"isConditionSet\": false, \"sourceTreeIndex\": [{\"key\": 1, \"title\": \"findPetsByStatusOutput\", \"isLeaf\": false, \"isArray\": false, \"children\": [{\"key\": 2, \"title\": \"response[]\", \"isLeaf\": false, \"isArray\": true, \"parentKey\": 1, \"arrayIndex\": null}], \"parentKey\": 0}], \"targetTreeIndex\": [{\"key\": 1, \"title\": \"LIST_SIZE_INPUT\", \"isLeaf\": false, \"isArray\": false, \"children\": [{\"key\": 2, \"title\": \"list\", \"isLeaf\": false, \"isArray\": true, \"parentKey\": 1, \"arrayIndex\": null}], \"parentKey\": 0}], \"mapConditionFormValue\": {}}}]}, \"outputs\": {\"/NumAvailPets\": [{\"type\": \"map\", \"source\": {\"path\": \"/LIST_SIZE_OUTPUT/size\", \"title\": \"size\", \"dataElementType\": \"integer\"}, \"target\": {\"path\": \"/NumAvailPets\", \"order\": 1, \"title\": \"NumAvailPets\", \"dataElementType\": \"integer\"}, \"mapCondition\": {\"isConditionSet\": false, \"sourceTreeIndex\": [], \"targetTreeIndex\": [], \"mapConditionFormValue\": {}}}]}, \"functionInfo\": {\"id\": \"350269cf-d1ad-46ca-a745-722e0721afa9\", \"name\": \"SizeOfList\", \"category\": {\"id\": \"41a97f98-22ec-4738-9b60-e2e3bd2bc1f9\"}, \"internalName\": \"LIST_SIZE\"}}, {\"inputs\": {\"/ADVANCED_FILTER_INPUT/config\": [{\"filterConditionFormValue\": {\"fields\": [{\"id\": 1, \"path\": \"%{/findPetsByStatusOutput/response[]/category/name}%\", \"field\": \"/findPetsByStatusOutput/response[]/category/name\", \"value\": \"Dogs\", \"isGroup\": false, \"children\": null, \"operator\": \"==\", \"operation\": \"&&\", \"isTreeChecked\": false, \"dataElementType\": \"string\"}]}}], \"/ADVANCED_FILTER_INPUT/docList[]\": [{\"type\": \"list\", \"source\": {\"path\": \"/findPetsByStatusOutput/response[]\", \"title\": \"response\", \"dataElementType\": \"documentArray\"}, \"target\": {\"path\": \"/ADVANCED_FILTER_INPUT/docList[]\", \"title\": \"docList\", \"dataElementType\": \"documentArray\"}, \"mapCondition\": {\"isConditionSet\": false, \"sourceTreeIndex\": [{\"key\": 1, \"title\": \"findPetsByStatusOutput\", \"isLeaf\": false, \"isArray\": false, \"children\": [{\"key\": 2, \"title\": \"response[]\", \"isLeaf\": false, \"isArray\": true, \"parentKey\": 1, \"arrayIndex\": null}], \"parentKey\": 0}], \"targetTreeIndex\": [{\"key\": 1, \"title\": \"ADVANCED_FILTER_INPUT\", \"isLeaf\": false, \"isArray\": false, \"children\": [{\"key\": 2, \"title\": \"docList\", \"isLeaf\": false, \"isArray\": true, \"parentKey\": 1, \"arrayIndex\": null}], \"parentKey\": 0}], \"mapConditionFormValue\": {}}}]}, \"outputs\": {\"/Dogs[]\": [{\"type\": \"list\", \"source\": {\"path\": \"/ADVANCED_FILTER_OUTPUT/filteredList[]\", \"title\": \"filteredList\", \"dataElementType\": \"documentArray\"}, \"target\": {\"path\": \"/Dogs[]\", \"order\": 1, \"title\": \"Dogs\", \"dataElementType\": \"documentArray\"}, \"mapCondition\": {\"isConditionSet\": false, \"sourceTreeIndex\": [{\"key\": 1, \"title\": \"ADVANCED_FILTER_OUTPUT\", \"isLeaf\": false, \"isArray\": false, \"children\": [{\"key\": 2, \"title\": \"filteredList\", \"isLeaf\": false, \"isArray\": true, \"parentKey\": 1, \"arrayIndex\": null}], \"parentKey\": 0}], \"targetTreeIndex\": [{\"key\": 1, \"title\": \"Dogs[]\", \"isLeaf\": false, \"isArray\": true, \"parentKey\": 0, \"arrayIndex\": null}], \"mapConditionFormValue\": {}}}]}, \"functionInfo\": {\"id\": \"d33cad1a-1590-4cf5-80be-c1d34b7ffefb\", \"name\": \"Filter\", \"category\": {\"id\": \"abba5eaf-7353-4234-b15f-ef0841af9872\"}, \"internalName\": \"ADVANCED_FILTER\"}}]}",
    "null" : false
  },
  "endpoint_structure_json" : {
    "type" : "jsonb",
    "value" : "{\"maps\": []}",
    "null" : false
  },
  "is_error" : false,
  "no_of_errors" : 0,
  "action_input_type" : null,
  "config_service_id" : null,
  "config_imap_id" : null,
  "config_b2b_document_type_id" : null,
  "config_document_id" : null,
  "add_variables" : {
    "type" : "jsonb",
    "value" : "[{\"id\": \"663a7238-fce1-40ed-923d-b6f5f2b3f87c\", \"key\": \"/NumAvailPets\", \"type\": \"node\", \"order\": 1, \"title\": \"NumAvailPets\", \"value\": {\"type\": \"number\"}, \"children\": [], \"editAllow\": true, \"componentName\": \"\", \"dataElementType\": \"integer\", \"componentConfigId\": \"70e69101-b086-4e02-ba05-99ebf676ac54\", \"componentConfigName\": \"Map\"}, {\"id\": \"2d67a81e-3018-45e0-9ad0-49edb6ad0923\", \"key\": \"/Dogs[]\", \"type\": \"node\", \"order\": 1, \"title\": \"Dogs\", \"value\": {\"type\": \"array\"}, \"children\": [{\"id\": \"1ba9bc3d-2b12-4bed-9b37-6f017178176f\", \"key\": \"/Dogs[]/id\", \"type\": \"integer\", \"order\": 5, \"title\": \"id\", \"value\": {\"type\": \"integer\", \"requiredFlag\": false}, \"isLeaf\": true, \"childrenSet\": false, \"hasChildren\": false, \"dataElementType\": \"integer\", \"componentConfigId\": \"70e69101-b086-4e02-ba05-99ebf676ac54\", \"componentConfigName\": \"Map\", \"encryption_required\": false}, {\"id\": \"e66f47a8-2ef3-48ed-9f47-f1c7f1e0bef0\", \"key\": \"/Dogs[]/name\", \"type\": \"string\", \"order\": 6, \"title\": \"name\", \"value\": {\"type\": \"string\", \"requiredFlag\": true}, \"isLeaf\": true, \"childrenSet\": false, \"hasChildren\": false, \"dataElementType\": \"string\", \"componentConfigId\": \"70e69101-b086-4e02-ba05-99ebf676ac54\", \"componentConfigName\": \"Map\", \"encryption_required\": false}, {\"id\": \"c03c2581-81b5-42e0-9384-db19dfee7e44\", \"key\": \"/Dogs[]/category\", \"type\": \"object\", \"order\": 7, \"title\": \"category\", \"value\": {\"type\": \"object\", \"requiredFlag\": false}, \"isLeaf\": false, \"children\": [{\"id\": \"6e8a8cf8-7d4a-4376-80eb-ed3b0701416c\", \"key\": \"/Dogs[]/category/id\", \"type\": \"integer\", \"order\": 8, \"title\": \"id\", \"value\": {\"type\": \"integer\", \"requiredFlag\": false}, \"isLeaf\": true, \"childrenSet\": false, \"hasChildren\": false, \"dataElementType\": \"integer\", \"componentConfigId\": \"70e69101-b086-4e02-ba05-99ebf676ac54\", \"componentConfigName\": \"Map\", \"encryption_required\": false}, {\"id\": \"8f400be0-f9cd-47ba-9bfd-45c40ffa1e8f\", \"key\": \"/Dogs[]/category/name\", \"type\": \"string\", \"order\": 9, \"title\": \"name\", \"value\": {\"type\": \"string\", \"requiredFlag\": false}, \"isLeaf\": true, \"childrenSet\": false, \"hasChildren\": false, \"dataElementType\": \"string\", \"componentConfigId\": \"70e69101-b086-4e02-ba05-99ebf676ac54\", \"componentConfigName\": \"Map\", \"encryption_required\": false}], \"childrenSet\": false, \"hasChildren\": true, \"dataElementType\": \"document\", \"componentConfigId\": \"70e69101-b086-4e02-ba05-99ebf676ac54\", \"componentConfigName\": \"Map\", \"encryption_required\": false}, {\"id\": \"aad65a44-fa52-491b-afa6-aae530527367\", \"key\": \"/Dogs[]/photoUrls[]\", \"type\": \"array\", \"order\": 10, \"title\": \"photoUrls\", \"value\": {\"type\": \"array\", \"requiredFlag\": true}, \"isLeaf\": false, \"childrenSet\": false, \"hasChildren\": false, \"dataElementType\": \"stringArray\", \"componentConfigId\": \"70e69101-b086-4e02-ba05-99ebf676ac54\", \"componentConfigName\": \"Map\", \"encryption_required\": false}, {\"id\": \"f8fbeb50-aafe-41c5-b043-a31c870cd2ed\", \"key\": \"/Dogs[]/tags[]\", \"type\": \"array\", \"order\": 11, \"title\": \"tags\", \"value\": {\"type\": \"array\", \"requiredFlag\": false}, \"isLeaf\": false, \"children\": [{\"id\": \"5ec1ca8d-375d-451a-8c4f-78727ce0e0c2\", \"key\": \"/Dogs[]/tags[]/id\", \"type\": \"integer\", \"order\": 12, \"title\": \"id\", \"value\": {\"type\": \"integer\", \"requiredFlag\": false}, \"isLeaf\": true, \"childrenSet\": false, \"hasChildren\": false, \"dataElementType\": \"integer\", \"componentConfigId\": \"70e69101-b086-4e02-ba05-99ebf676ac54\", \"componentConfigName\": \"Map\", \"encryption_required\": false}, {\"id\": \"603691ce-91aa-4b4b-be40-9075ece07a1d\", \"key\": \"/Dogs[]/tags[]/name\", \"type\": \"string\", \"order\": 13, \"title\": \"name\", \"value\": {\"type\": \"string\", \"requiredFlag\": false}, \"isLeaf\": true, \"childrenSet\": false, \"hasChildren\": false, \"dataElementType\": \"string\", \"componentConfigId\": \"70e69101-b086-4e02-ba05-99ebf676ac54\", \"componentConfigName\": \"Map\", \"encryption_required\": false}], \"childrenSet\": false, \"hasChildren\": true, \"dataElementType\": \"documentArray\", \"componentConfigId\": \"70e69101-b086-4e02-ba05-99ebf676ac54\", \"componentConfigName\": \"Map\", \"encryption_required\": false}, {\"id\": \"1427a858-94ea-4449-b20c-35f274b83aa3\", \"key\": \"/Dogs[]/status\", \"type\": \"string\", \"order\": 14, \"title\": \"status\", \"value\": {\"type\": \"string\", \"_enum\": [\"sold\", \"pending\", \"available\"], \"requiredFlag\": false}, \"isLeaf\": true, \"childrenSet\": false, \"hasChildren\": false, \"dataElementType\": \"string\", \"componentConfigId\": \"70e69101-b086-4e02-ba05-99ebf676ac54\", \"componentConfigName\": \"Map\", \"encryption_required\": false}], \"editAllow\": true, \"componentName\": \"\", \"dataElementType\": \"documentArray\", \"componentConfigId\": \"70e69101-b086-4e02-ba05-99ebf676ac54\", \"componentConfigName\": \"Map\"}]",
    "null" : false
  },
  "drop_variables" : {
    "type" : "jsonb",
    "value" : "[]",
    "null" : false
  },
  "plug_input_structure" : null,
  "plug_output_structure" : null,
  "config_plug_id" : null,
  "override_plug" : false,
  "config_java_service_id" : null,
  "service_tag" : "V15",
  "endpoint_tag" : null,
  "config_service_tag" : "",
  "config_imap_tag" : "",
  "config_b2b_document_type_tag" : "",
  "active" : false,
  "parent_component_config_service_tag" : "V15",
  "service_project_id" : "94afffa5-622e-4445-9e23-5019119fbd0b",
  "service_project_tag" : "V15",
  "config_service_project_id" : null,
  "config_service_project_tag" : "",
  "config_imap_project_id" : null,
  "config_imap_project_tag" : "",
  "config_b2b_document_type_project_id" : null,
  "config_b2b_document_type_project_tag" : "",
  "endpoint_project_id" : null,
  "endpoint_project_tag" : null,
  "config_plug_tag" : null,
  "config_plug_project_id" : null,
  "config_plug_project_tag" : null,
  "config_java_service_tag" : "",
  "config_java_service_project_id" : null,
  "config_java_service_project_tag" : "",
  "disabled" : false,
  "config" : null,
  "config_b2b_document_type_project_mode_id" : "112c1cb8-4b9e-4d1a-a042-0bd031dc7d05",
  "config_imap_project_mode_id" : "112c1cb8-4b9e-4d1a-a042-0bd031dc7d05",
  "config_java_service_project_mode_id" : "112c1cb8-4b9e-4d1a-a042-0bd031dc7d05",
  "config_plug_project_mode_id" : "112c1cb8-4b9e-4d1a-a042-0bd031dc7d05",
  "config_service_project_mode_id" : "112c1cb8-4b9e-4d1a-a042-0bd031dc7d05",
  "endpoint_project_mode_id" : "112c1cb8-4b9e-4d1a-a042-0bd031dc7d05",
  "service_project_mode_id" : "112c1cb8-4b9e-4d1a-a042-0bd031dc7d05",
  "parent_component_config_service_project_mode_id" : "112c1cb8-4b9e-4d1a-a042-0bd031dc7d05",
  "is_audit" : true,
  "keys_with_order" : null
}