{
  "id" : "6e74fb04-e6df-4b6a-899b-e418b7eae626",
  "name" : "getemployees",
  "description" : "Get Employees",
  "iserror" : false,
  "no_of_errors" : 0,
  "service_input" : null,
  "service_output" : null,
  "service_input_json_schema" : null,
  "service_output_json_schema" : null,
  "type" : "EVENTDRIVEN",
  "error_handler" : false,
  "tag" : "V15",
  "active" : false,
  "is_changed" : false,
  "comment" : "Fixed a missing connector in an integration",
  "base_tag" : "V14",
  "test_input" : {
    "type" : "jsonb",
    "value" : "[]",
    "null" : false
  },
  "test_input_structure" : {
    "type" : "jsonb",
    "value" : "[]",
    "null" : false
  }
}