{
  "id" : "e933a5e4-af3f-4f4e-b4e2-c0a1409f6245",
  "name" : "HTTP Client WebhookSite",
  "description" : "HTTP Client WebhookSite",
  "connection_config" : "{\"112c1cb8-4b9e-4d1a-a042-0bd031dc7d05\":{\"HTTPSEndpoint\":{\"id\":null,\"name\":null,\"retry\":{\"count\":3,\"afterMs\":100},\"active\":true,\"client\":{\"id\":null},\"details\":{\"url\":\"webhook.site/cb206a64-6082-434b-bd76-3d6c27ea22de\",\"port\":0,\"httpVersion\":\"HTTP_2\",\"acceptedTLSVersions\":null,\"sslPublicCertificate\":{\"certificate\":null}},\"partners\":null,\"protocol\":\"HTTPS\",\"direction\":\"OUTGOING\",\"description\":null,\"certificateId\":null,\"authentication\":{\"type\":\"TOKEN\",\"user\":null,\"token\":\"0123456789\",\"scopes\":null,\"headers\":[],\"password\":null,\"resource\":null,\"client_id\":null,\"token_url\":null,\"access_key\":null,\"aws_region\":null,\"grant_type\":null,\"privateKey\":null,\"proxy_host\":null,\"proxy_port\":null,\"secret_key\":null,\"token_type\":null,\"certificate\":null,\"cookie_name\":null,\"http_method\":null,\"absolute_url\":null,\"api_key_name\":null,\"service_name\":null,\"api_key_value\":null,\"authorize_url\":null,\"client_secret\":null,\"proxy_enabled\":\"None\",\"session_token\":null,\"proxy_password\":null,\"proxy_protocol\":null,\"proxy_username\":null,\"responseTimeout\":120000,\"api_key_location\":null,\"safe_resource_path\":\"/user\",\"optional_parameters\":[],\"privateKeyPassphrase\":null,\"proxy_authentication\":\"NONE\",\"aws_signature_location\":null,\"usePersistentConnections\":null,\"authorization_header_name\":null,\"authorization_header_prefix\":null,\"client_credentials_location\":null},\"sslPublickeyId\":null,\"isSSLCertificate\":true,\"connectionTimeoutInMS\":120000}},\"81e359da-9454-40ba-b968-1273a3b8e37b\":{\"HTTPSEndpoint\":{\"id\":null,\"name\":null,\"retry\":{\"count\":3,\"afterMs\":100},\"active\":true,\"client\":{\"id\":null},\"details\":{\"url\":null,\"port\":0,\"httpVersion\":\"HTTP_2\",\"acceptedTLSVersions\":null,\"sslPublicCertificate\":{\"certificate\":null}},\"partners\":null,\"protocol\":null,\"direction\":\"OUTGOING\",\"description\":null,\"certificateId\":null,\"authentication\":{\"type\":\"NONE\",\"user\":null,\"token\":null,\"scopes\":null,\"headers\":[],\"password\":null,\"resource\":null,\"client_id\":null,\"token_url\":null,\"access_key\":null,\"aws_region\":null,\"grant_type\":null,\"privateKey\":null,\"proxy_host\":null,\"proxy_port\":null,\"secret_key\":null,\"token_type\":null,\"certificate\":null,\"cookie_name\":null,\"http_method\":null,\"absolute_url\":null,\"api_key_name\":null,\"service_name\":null,\"api_key_value\":null,\"authorize_url\":null,\"client_secret\":null,\"proxy_enabled\":\"None\",\"session_token\":null,\"proxy_password\":null,\"proxy_protocol\":null,\"proxy_username\":null,\"responseTimeout\":120000,\"api_key_location\":null,\"safe_resource_path\":null,\"optional_parameters\":[],\"privateKeyPassphrase\":null,\"proxy_authentication\":\"NONE\",\"aws_signature_location\":null,\"usePersistentConnections\":null,\"authorization_header_name\":null,\"authorization_header_prefix\":null,\"client_credentials_location\":null},\"sslPublickeyId\":null,\"isSSLCertificate\":true,\"connectionTimeoutInMS\":120000}},\"bdf2e4f5-a195-40b5-a82a-1d76ab30e077\":{\"HTTPSEndpoint\":{\"id\":null,\"name\":null,\"retry\":{\"count\":3,\"afterMs\":100},\"active\":true,\"client\":{\"id\":null},\"details\":{\"url\":null,\"port\":0,\"httpVersion\":\"HTTP_2\",\"acceptedTLSVersions\":null,\"sslPublicCertificate\":{\"certificate\":null}},\"partners\":null,\"protocol\":null,\"direction\":\"OUTGOING\",\"description\":null,\"certificateId\":null,\"authentication\":{\"type\":\"NONE\",\"user\":null,\"token\":null,\"scopes\":null,\"headers\":[],\"password\":null,\"resource\":null,\"client_id\":null,\"token_url\":null,\"access_key\":null,\"aws_region\":null,\"grant_type\":null,\"privateKey\":null,\"proxy_host\":null,\"proxy_port\":null,\"secret_key\":null,\"token_type\":null,\"certificate\":null,\"cookie_name\":null,\"http_method\":null,\"absolute_url\":null,\"api_key_name\":null,\"service_name\":null,\"api_key_value\":null,\"authorize_url\":null,\"client_secret\":null,\"proxy_enabled\":\"None\",\"session_token\":null,\"proxy_password\":null,\"proxy_protocol\":null,\"proxy_username\":null,\"responseTimeout\":120000,\"api_key_location\":null,\"safe_resource_path\":null,\"optional_parameters\":[],\"privateKeyPassphrase\":null,\"proxy_authentication\":\"NONE\",\"aws_signature_location\":null,\"usePersistentConnections\":null,\"authorization_header_name\":null,\"authorization_header_prefix\":null,\"client_credentials_location\":null},\"sslPublickeyId\":null,\"isSSLCertificate\":true,\"connectionTimeoutInMS\":120000}}}",
  "endpoint_type_id" : "de4f95fa-d30d-4d50-998c-dd3d1293e83c",
  "enabled" : true,
  "bean_name" : "HTTPSClient-e933a5e4-af3f-4f4e-b4e2-c0a1409f6245",
  "status" : {
    "type" : "jsonb",
    "value" : "{\"112c1cb8-4b9e-4d1a-a042-0bd031dc7d05\": true, \"81e359da-9454-40ba-b968-1273a3b8e37b\": true, \"bdf2e4f5-a195-40b5-a82a-1d76ab30e077\": true}",
    "null" : false
  },
  "auth_token_config" : {
    "type" : "jsonb",
    "value" : "{}",
    "null" : false
  },
  "avatar_id" : null,
  "tag" : "V22",
  "active" : false,
  "is_changed" : false,
  "comment" : "Added Aggregation Map function example",
  "is_error" : false,
  "base_tag" : "V21"
}