{
  "id" : "2a8ace3e-4096-41b0-966b-7a4565658599",
  "name" : "Kafka Connection",
  "description" : "Kafka Connection",
  "connection_config" : "{\"112c1cb8-4b9e-4d1a-a042-0bd031dc7d05\":{\"ApacheKafkaEndpoint\":{\"active\":true,\"advanced\":{\"retryCount\":3,\"retryInterval\":100,\"response_timeout\":120000,\"connectionTimeout\":120000,\"usePersistentConnections\":true},\"kafkaConfig\":{\"password\":\"469fa0599c64469d85fcec91b3de22b2\",\"username\":\"ZGlzY3JldGUtYmx1ZWdpbGwtMTE5OTYk1b1_Dq-gGGdg_95-pD_3qi9Teqqs8s8\",\"protocols\":null,\"cipherSuites\":null,\"certificateId\":null,\"scramMechanism\":\"SCRAM-SHA-256\",\"sslPublickeyId\":null,\"bootstrapServers\":\"discrete-bluegill-11996-us1-kafka.upstash.io:9092\",\"isSSLCertificate\":true,\"authenticationType\":\"saslScram\"}}},\"81e359da-9454-40ba-b968-1273a3b8e37b\":{\"ApacheKafkaEndpoint\":{\"active\":true,\"advanced\":{\"retryCount\":3,\"retryInterval\":100,\"response_timeout\":120000,\"connectionTimeout\":120000,\"usePersistentConnections\":true},\"kafkaConfig\":{\"password\":null,\"username\":null,\"protocols\":null,\"cipherSuites\":null,\"certificateId\":null,\"scramMechanism\":null,\"sslPublickeyId\":null,\"bootstrapServers\":null,\"isSSLCertificate\":true,\"authenticationType\":\"none\"}}},\"bdf2e4f5-a195-40b5-a82a-1d76ab30e077\":{\"ApacheKafkaEndpoint\":{\"active\":true,\"advanced\":{\"retryCount\":3,\"retryInterval\":100,\"response_timeout\":120000,\"connectionTimeout\":120000,\"usePersistentConnections\":true},\"kafkaConfig\":{\"password\":null,\"username\":null,\"protocols\":null,\"cipherSuites\":null,\"certificateId\":null,\"scramMechanism\":null,\"sslPublickeyId\":null,\"bootstrapServers\":null,\"isSSLCertificate\":true,\"authenticationType\":\"none\"}}}}",
  "endpoint_type_id" : "c1623370-45a9-4d7c-898e-f48dafa02cb1",
  "enabled" : true,
  "bean_name" : "ApacheKafka-2a8ace3e-4096-41b0-966b-7a4565658599",
  "status" : {
    "type" : "jsonb",
    "value" : "{\"112c1cb8-4b9e-4d1a-a042-0bd031dc7d05\": true, \"81e359da-9454-40ba-b968-1273a3b8e37b\": true, \"bdf2e4f5-a195-40b5-a82a-1d76ab30e077\": true}",
    "null" : false
  },
  "auth_token_config" : {
    "type" : "jsonb",
    "value" : "{}",
    "null" : false
  },
  "avatar_id" : null,
  "tag" : "V22",
  "active" : false,
  "is_changed" : false,
  "comment" : "Added Aggregation Map function example",
  "is_error" : false,
  "base_tag" : "V21"
}