{
  "component_config_id" : "3940fbbc-776f-41fe-8161-a7bec0e648af",
  "endpoint_config_json" : null,
  "input_config_json" : null,
  "output_config_json" : null,
  "component_id" : "16b1a61f-f379-4811-be9d-0d91c39547d3",
  "service_id" : "8ae626cc-3540-46f0-bffe-03127a5232d5",
  "endpoint_id" : null,
  "parent_component_config_id" : null,
  "component_config_order" : 1.0,
  "action_id" : "09d57e63-9b50-4771-98e2-8fc07cb8bcd5",
  "name" : null,
  "description" : null,
  "override_endpoint" : false,
  "input_structure_json" : null,
  "output_structure_json" : null,
  "endpoint_structure_json" : null,
  "is_error" : false,
  "no_of_errors" : null,
  "action_input_type" : null,
  "config_service_id" : null,
  "config_imap_id" : null,
  "config_b2b_document_type_id" : null,
  "config_document_id" : null,
  "add_variables" : null,
  "drop_variables" : null,
  "plug_input_structure" : null,
  "plug_output_structure" : {
    "type" : "jsonb",
    "value" : "[{\"key\": \"/get-stock-quoteAPIServerRequest\", \"type\": \"object\", \"order\": 1.0, \"title\": \"get-stock-quoteAPIServerRequest\", \"value\": {\"type\": \"object\"}, \"children\": [{\"id\": \"3940fbbc-776f-41fe-8161-a7bec0e648af\", \"key\": \"/get-stock-quoteAPIServerRequest/pathParams\", \"order\": 0.0, \"title\": \"pathParams\", \"value\": {\"type\": \"object\"}, \"isLeaf\": false, \"children\": [], \"entityType\": \"componentConfig\", \"childrenSet\": false, \"hasChildren\": true, \"dataElementType\": \"document\", \"encryption_required\": false}, {\"id\": \"3940fbbc-776f-41fe-8161-a7bec0e648af\", \"key\": \"/get-stock-quoteAPIServerRequest/queryParams\", \"order\": 1.0, \"title\": \"queryParams\", \"value\": {\"type\": \"object\"}, \"isLeaf\": false, \"children\": [{\"id\": \"3940fbbc-776f-41fe-8161-a7bec0e648af\", \"key\": \"/get-stock-quoteAPIServerRequest/queryParams/symbol\", \"title\": \"symbol\", \"value\": {\"type\": \"string\", \"requiredFlag\": true}, \"isLeaf\": true, \"entityType\": \"componentConfig\", \"childrenSet\": false, \"hasChildren\": false, \"dataElementType\": \"string\", \"encryption_required\": false}], \"entityType\": \"componentConfig\", \"childrenSet\": false, \"hasChildren\": true, \"dataElementType\": \"document\", \"encryption_required\": false}, {\"id\": \"3940fbbc-776f-41fe-8161-a7bec0e648af\", \"key\": \"/get-stock-quoteAPIServerRequest/headers\", \"order\": 2.0, \"title\": \"headers\", \"value\": {\"type\": \"object\"}, \"isLeaf\": false, \"children\": [], \"entityType\": \"componentConfig\", \"childrenSet\": false, \"hasChildren\": true, \"dataElementType\": \"document\", \"encryption_required\": false}], \"entityType\": \"componentConfig\", \"childrenSet\": false, \"hasChildren\": false, \"dataElementType\": \"document\", \"encryption_required\": false}, {\"key\": \"/get-stock-quoteAPIServerResponse\", \"type\": \"object\", \"order\": 1.0, \"title\": \"get-stock-quoteAPIServerResponse\", \"value\": {\"type\": \"object\"}, \"children\": [{\"key\": \"/get-stock-quoteAPIServerResponse/200\", \"type\": \"object\", \"order\": 1.0, \"title\": \"200\", \"value\": {\"type\": \"object\"}, \"children\": [{\"id\": \"3940fbbc-776f-41fe-8161-a7bec0e648af\", \"key\": \"/get-stock-quoteAPIServerResponse/200/Price\", \"type\": \"number\", \"order\": 1.0, \"title\": \"Price\", \"value\": {\"type\": \"number\", \"requiredFlag\": false}, \"isLeaf\": true, \"entityType\": \"componentConfig\", \"childrenSet\": false, \"hasChildren\": false, \"dataElementType\": \"number\", \"encryption_required\": false}, {\"id\": \"3940fbbc-776f-41fe-8161-a7bec0e648af\", \"key\": \"/get-stock-quoteAPIServerResponse/200/Change\", \"type\": \"number\", \"order\": 2.0, \"title\": \"Change\", \"value\": {\"type\": \"number\", \"requiredFlag\": false}, \"isLeaf\": true, \"entityType\": \"componentConfig\", \"childrenSet\": false, \"hasChildren\": false, \"dataElementType\": \"number\", \"encryption_required\": false}, {\"id\": \"3940fbbc-776f-41fe-8161-a7bec0e648af\", \"key\": \"/get-stock-quoteAPIServerResponse/200/ChangePercent\", \"type\": \"number\", \"order\": 3.0, \"title\": \"ChangePercent\", \"value\": {\"type\": \"number\", \"requiredFlag\": false}, \"isLeaf\": true, \"entityType\": \"componentConfig\", \"childrenSet\": false, \"hasChildren\": false, \"dataElementType\": \"number\", \"encryption_required\": false}, {\"id\": \"3940fbbc-776f-41fe-8161-a7bec0e648af\", \"key\": \"/get-stock-quoteAPIServerResponse/200/DayHigh\", \"type\": \"number\", \"order\": 4.0, \"title\": \"DayHigh\", \"value\": {\"type\": \"number\", \"requiredFlag\": false}, \"isLeaf\": true, \"entityType\": \"componentConfig\", \"childrenSet\": false, \"hasChildren\": false, \"dataElementType\": \"number\", \"encryption_required\": false}, {\"id\": \"3940fbbc-776f-41fe-8161-a7bec0e648af\", \"key\": \"/get-stock-quoteAPIServerResponse/200/DayLow\", \"type\": \"number\", \"order\": 5.0, \"title\": \"DayLow\", \"value\": {\"type\": \"number\", \"requiredFlag\": false}, \"isLeaf\": true, \"entityType\": \"componentConfig\", \"childrenSet\": false, \"hasChildren\": false, \"dataElementType\": \"number\", \"encryption_required\": false}, {\"id\": \"3940fbbc-776f-41fe-8161-a7bec0e648af\", \"key\": \"/get-stock-quoteAPIServerResponse/200/OpenPrice\", \"type\": \"number\", \"order\": 6.0, \"title\": \"OpenPrice\", \"value\": {\"type\": \"number\", \"requiredFlag\": false}, \"isLeaf\": true, \"entityType\": \"componentConfig\", \"childrenSet\": false, \"hasChildren\": false, \"dataElementType\": \"number\", \"encryption_required\": false}, {\"id\": \"3940fbbc-776f-41fe-8161-a7bec0e648af\", \"key\": \"/get-stock-quoteAPIServerResponse/200/PreviousClose\", \"type\": \"number\", \"order\": 7.0, \"title\": \"PreviousClose\", \"value\": {\"type\": \"number\", \"requiredFlag\": false}, \"isLeaf\": true, \"entityType\": \"componentConfig\", \"childrenSet\": false, \"hasChildren\": false, \"dataElementType\": \"number\", \"encryption_required\": false}, {\"id\": \"3940fbbc-776f-41fe-8161-a7bec0e648af\", \"key\": \"/get-stock-quoteAPIServerResponse/200/Symbol\", \"type\": \"string\", \"order\": 8.0, \"title\": \"Symbol\", \"value\": {\"type\": \"string\", \"requiredFlag\": false}, \"isLeaf\": true, \"entityType\": \"componentConfig\", \"childrenSet\": false, \"hasChildren\": false, \"dataElementType\": \"string\", \"encryption_required\": false}, {\"id\": \"3940fbbc-776f-41fe-8161-a7bec0e648af\", \"key\": \"/get-stock-quoteAPIServerResponse/200/Name\", \"type\": \"string\", \"order\": 9.0, \"title\": \"Name\", \"value\": {\"type\": \"string\", \"requiredFlag\": false}, \"isLeaf\": true, \"entityType\": \"componentConfig\", \"childrenSet\": false, \"hasChildren\": false, \"dataElementType\": \"string\", \"encryption_required\": false}, {\"id\": \"3940fbbc-776f-41fe-8161-a7bec0e648af\", \"key\": \"/get-stock-quoteAPIServerResponse/200/responseHeaders\", \"type\": \"object\", \"order\": 10.0, \"title\": \"responseHeaders\", \"value\": {\"type\": \"object\", \"requiredFlag\": false}, \"isLeaf\": false, \"children\": [{\"id\": \"3940fbbc-776f-41fe-8161-a7bec0e648af\", \"key\": \"/get-stock-quoteAPIServerResponse/200/responseHeaders/Transfer-Encoding\", \"type\": \"string\", \"order\": 11.0, \"title\": \"Transfer-Encoding\", \"value\": {\"type\": \"string\", \"requiredFlag\": false}, \"isLeaf\": true, \"entityType\": \"componentConfig\", \"childrenSet\": false, \"hasChildren\": false, \"dataElementType\": \"string\", \"encryption_required\": false}, {\"id\": \"3940fbbc-776f-41fe-8161-a7bec0e648af\", \"key\": \"/get-stock-quoteAPIServerResponse/200/responseHeaders/Retry-After\", \"type\": \"string\", \"order\": 12.0, \"title\": \"Retry-After\", \"value\": {\"type\": \"string\", \"requiredFlag\": false}, \"isLeaf\": true, \"entityType\": \"componentConfig\", \"childrenSet\": false, \"hasChildren\": false, \"dataElementType\": \"string\", \"encryption_required\": false}, {\"id\": \"3940fbbc-776f-41fe-8161-a7bec0e648af\", \"key\": \"/get-stock-quoteAPIServerResponse/200/responseHeaders/Access-Control-Allow-Origin\", \"type\": \"string\", \"order\": 13.0, \"title\": \"Access-Control-Allow-Origin\", \"value\": {\"type\": \"string\", \"requiredFlag\": false}, \"isLeaf\": true, \"entityType\": \"componentConfig\", \"childrenSet\": false, \"hasChildren\": false, \"dataElementType\": \"string\", \"encryption_required\": false}, {\"id\": \"3940fbbc-776f-41fe-8161-a7bec0e648af\", \"key\": \"/get-stock-quoteAPIServerResponse/200/responseHeaders/ETag\", \"type\": \"string\", \"order\": 14.0, \"title\": \"ETag\", \"value\": {\"type\": \"string\", \"requiredFlag\": false}, \"isLeaf\": true, \"entityType\": \"componentConfig\", \"childrenSet\": false, \"hasChildren\": false, \"dataElementType\": \"string\", \"encryption_required\": false}, {\"id\": \"3940fbbc-776f-41fe-8161-a7bec0e648af\", \"key\": \"/get-stock-quoteAPIServerResponse/200/responseHeaders/Content-Encoding\", \"type\": \"string\", \"order\": 15.0, \"title\": \"Content-Encoding\", \"value\": {\"type\": \"string\", \"requiredFlag\": false}, \"isLeaf\": true, \"entityType\": \"componentConfig\", \"childrenSet\": false, \"hasChildren\": false, \"dataElementType\": \"string\", \"encryption_required\": false}, {\"id\": \"3940fbbc-776f-41fe-8161-a7bec0e648af\", \"key\": \"/get-stock-quoteAPIServerResponse/200/responseHeaders/content-type\", \"type\": \"string\", \"order\": 16.0, \"title\": \"content-type\", \"value\": {\"type\": \"string\", \"requiredFlag\": false}, \"isLeaf\": true, \"entityType\": \"componentConfig\", \"childrenSet\": false, \"hasChildren\": false, \"dataElementType\": \"string\", \"encryption_required\": false}, {\"id\": \"3940fbbc-776f-41fe-8161-a7bec0e648af\", \"key\": \"/get-stock-quoteAPIServerResponse/200/responseHeaders/Set-Cookie\", \"type\": \"string\", \"order\": 17.0, \"title\": \"Set-Cookie\", \"value\": {\"type\": \"string\", \"requiredFlag\": false}, \"isLeaf\": true, \"entityType\": \"componentConfig\", \"childrenSet\": false, \"hasChildren\": false, \"dataElementType\": \"string\", \"encryption_required\": false}, {\"id\": \"3940fbbc-776f-41fe-8161-a7bec0e648af\", \"key\": \"/get-stock-quoteAPIServerResponse/200/responseHeaders/Expires\", \"type\": \"string\", \"order\": 18.0, \"title\": \"Expires\", \"value\": {\"type\": \"string\", \"requiredFlag\": false}, \"isLeaf\": true, \"entityType\": \"componentConfig\", \"childrenSet\": false, \"hasChildren\": false, \"dataElementType\": \"string\", \"encryption_required\": false}, {\"id\": \"3940fbbc-776f-41fe-8161-a7bec0e648af\", \"key\": \"/get-stock-quoteAPIServerResponse/200/responseHeaders/Last-Modified\", \"type\": \"string\", \"order\": 19.0, \"title\": \"Last-Modified\", \"value\": {\"type\": \"string\", \"requiredFlag\": false}, \"isLeaf\": true, \"entityType\": \"componentConfig\", \"childrenSet\": false, \"hasChildren\": false, \"dataElementType\": \"string\", \"encryption_required\": false}, {\"id\": \"3940fbbc-776f-41fe-8161-a7bec0e648af\", \"key\": \"/get-stock-quoteAPIServerResponse/200/responseHeaders/Content-Language\", \"type\": \"string\", \"order\": 20.0, \"title\": \"Content-Language\", \"value\": {\"type\": \"string\", \"requiredFlag\": false}, \"isLeaf\": true, \"entityType\": \"componentConfig\", \"childrenSet\": false, \"hasChildren\": false, \"dataElementType\": \"string\", \"encryption_required\": false}, {\"id\": \"3940fbbc-776f-41fe-8161-a7bec0e648af\", \"key\": \"/get-stock-quoteAPIServerResponse/200/responseHeaders/Allow\", \"type\": \"string\", \"order\": 21.0, \"title\": \"Allow\", \"value\": {\"type\": \"string\", \"requiredFlag\": false}, \"isLeaf\": true, \"entityType\": \"componentConfig\", \"childrenSet\": false, \"hasChildren\": false, \"dataElementType\": \"string\", \"encryption_required\": false}, {\"id\": \"3940fbbc-776f-41fe-8161-a7bec0e648af\", \"key\": \"/get-stock-quoteAPIServerResponse/200/responseHeaders/Location\", \"type\": \"string\", \"order\": 22.0, \"title\": \"Location\", \"value\": {\"type\": \"string\", \"requiredFlag\": false}, \"isLeaf\": true, \"entityType\": \"componentConfig\", \"childrenSet\": false, \"hasChildren\": false, \"dataElementType\": \"string\", \"encryption_required\": false}], \"entityType\": \"componentConfig\", \"childrenSet\": false, \"hasChildren\": false, \"dataElementType\": \"document\", \"encryption_required\": false}], \"entityType\": \"componentConfig\", \"childrenSet\": false, \"hasChildren\": false, \"dataElementType\": \"document\", \"encryption_required\": false}, {\"key\": \"/get-stock-quoteAPIServerResponse/204\", \"type\": \"object\", \"order\": 1.0, \"title\": \"204\", \"value\": {\"type\": \"object\"}, \"children\": [{\"id\": \"3940fbbc-776f-41fe-8161-a7bec0e648af\", \"key\": \"/get-stock-quoteAPIServerResponse/204/message\", \"type\": \"string\", \"order\": 1.0, \"title\": \"message\", \"value\": {\"type\": \"string\", \"requiredFlag\": false}, \"isLeaf\": true, \"entityType\": \"componentConfig\", \"childrenSet\": false, \"hasChildren\": false, \"dataElementType\": \"string\", \"encryption_required\": false}, {\"id\": \"3940fbbc-776f-41fe-8161-a7bec0e648af\", \"key\": \"/get-stock-quoteAPIServerResponse/204/responseHeaders\", \"type\": \"object\", \"order\": 2.0, \"title\": \"responseHeaders\", \"value\": {\"type\": \"object\", \"requiredFlag\": false}, \"isLeaf\": false, \"children\": [{\"id\": \"3940fbbc-776f-41fe-8161-a7bec0e648af\", \"key\": \"/get-stock-quoteAPIServerResponse/204/responseHeaders/Transfer-Encoding\", \"type\": \"string\", \"order\": 3.0, \"title\": \"Transfer-Encoding\", \"value\": {\"type\": \"string\", \"requiredFlag\": false}, \"isLeaf\": true, \"entityType\": \"componentConfig\", \"childrenSet\": false, \"hasChildren\": false, \"dataElementType\": \"string\", \"encryption_required\": false}, {\"id\": \"3940fbbc-776f-41fe-8161-a7bec0e648af\", \"key\": \"/get-stock-quoteAPIServerResponse/204/responseHeaders/Retry-After\", \"type\": \"string\", \"order\": 4.0, \"title\": \"Retry-After\", \"value\": {\"type\": \"string\", \"requiredFlag\": false}, \"isLeaf\": true, \"entityType\": \"componentConfig\", \"childrenSet\": false, \"hasChildren\": false, \"dataElementType\": \"string\", \"encryption_required\": false}, {\"id\": \"3940fbbc-776f-41fe-8161-a7bec0e648af\", \"key\": \"/get-stock-quoteAPIServerResponse/204/responseHeaders/Access-Control-Allow-Origin\", \"type\": \"string\", \"order\": 5.0, \"title\": \"Access-Control-Allow-Origin\", \"value\": {\"type\": \"string\", \"requiredFlag\": false}, \"isLeaf\": true, \"entityType\": \"componentConfig\", \"childrenSet\": false, \"hasChildren\": false, \"dataElementType\": \"string\", \"encryption_required\": false}, {\"id\": \"3940fbbc-776f-41fe-8161-a7bec0e648af\", \"key\": \"/get-stock-quoteAPIServerResponse/204/responseHeaders/ETag\", \"type\": \"string\", \"order\": 6.0, \"title\": \"ETag\", \"value\": {\"type\": \"string\", \"requiredFlag\": false}, \"isLeaf\": true, \"entityType\": \"componentConfig\", \"childrenSet\": false, \"hasChildren\": false, \"dataElementType\": \"string\", \"encryption_required\": false}, {\"id\": \"3940fbbc-776f-41fe-8161-a7bec0e648af\", \"key\": \"/get-stock-quoteAPIServerResponse/204/responseHeaders/Content-Encoding\", \"type\": \"string\", \"order\": 7.0, \"title\": \"Content-Encoding\", \"value\": {\"type\": \"string\", \"requiredFlag\": false}, \"isLeaf\": true, \"entityType\": \"componentConfig\", \"childrenSet\": false, \"hasChildren\": false, \"dataElementType\": \"string\", \"encryption_required\": false}, {\"id\": \"3940fbbc-776f-41fe-8161-a7bec0e648af\", \"key\": \"/get-stock-quoteAPIServerResponse/204/responseHeaders/content-type\", \"type\": \"string\", \"order\": 8.0, \"title\": \"content-type\", \"value\": {\"type\": \"string\", \"requiredFlag\": false}, \"isLeaf\": true, \"entityType\": \"componentConfig\", \"childrenSet\": false, \"hasChildren\": false, \"dataElementType\": \"string\", \"encryption_required\": false}, {\"id\": \"3940fbbc-776f-41fe-8161-a7bec0e648af\", \"key\": \"/get-stock-quoteAPIServerResponse/204/responseHeaders/Set-Cookie\", \"type\": \"string\", \"order\": 9.0, \"title\": \"Set-Cookie\", \"value\": {\"type\": \"string\", \"requiredFlag\": false}, \"isLeaf\": true, \"entityType\": \"componentConfig\", \"childrenSet\": false, \"hasChildren\": false, \"dataElementType\": \"string\", \"encryption_required\": false}, {\"id\": \"3940fbbc-776f-41fe-8161-a7bec0e648af\", \"key\": \"/get-stock-quoteAPIServerResponse/204/responseHeaders/Expires\", \"type\": \"string\", \"order\": 10.0, \"title\": \"Expires\", \"value\": {\"type\": \"string\", \"requiredFlag\": false}, \"isLeaf\": true, \"entityType\": \"componentConfig\", \"childrenSet\": false, \"hasChildren\": false, \"dataElementType\": \"string\", \"encryption_required\": false}, {\"id\": \"3940fbbc-776f-41fe-8161-a7bec0e648af\", \"key\": \"/get-stock-quoteAPIServerResponse/204/responseHeaders/Last-Modified\", \"type\": \"string\", \"order\": 11.0, \"title\": \"Last-Modified\", \"value\": {\"type\": \"string\", \"requiredFlag\": false}, \"isLeaf\": true, \"entityType\": \"componentConfig\", \"childrenSet\": false, \"hasChildren\": false, \"dataElementType\": \"string\", \"encryption_required\": false}, {\"id\": \"3940fbbc-776f-41fe-8161-a7bec0e648af\", \"key\": \"/get-stock-quoteAPIServerResponse/204/responseHeaders/Content-Language\", \"type\": \"string\", \"order\": 12.0, \"title\": \"Content-Language\", \"value\": {\"type\": \"string\", \"requiredFlag\": false}, \"isLeaf\": true, \"entityType\": \"componentConfig\", \"childrenSet\": false, \"hasChildren\": false, \"dataElementType\": \"string\", \"encryption_required\": false}, {\"id\": \"3940fbbc-776f-41fe-8161-a7bec0e648af\", \"key\": \"/get-stock-quoteAPIServerResponse/204/responseHeaders/Allow\", \"type\": \"string\", \"order\": 13.0, \"title\": \"Allow\", \"value\": {\"type\": \"string\", \"requiredFlag\": false}, \"isLeaf\": true, \"entityType\": \"componentConfig\", \"childrenSet\": false, \"hasChildren\": false, \"dataElementType\": \"string\", \"encryption_required\": false}, {\"id\": \"3940fbbc-776f-41fe-8161-a7bec0e648af\", \"key\": \"/get-stock-quoteAPIServerResponse/204/responseHeaders/Location\", \"type\": \"string\", \"order\": 14.0, \"title\": \"Location\", \"value\": {\"type\": \"string\", \"requiredFlag\": false}, \"isLeaf\": true, \"entityType\": \"componentConfig\", \"childrenSet\": false, \"hasChildren\": false, \"dataElementType\": \"string\", \"encryption_required\": false}], \"entityType\": \"componentConfig\", \"childrenSet\": false, \"hasChildren\": false, \"dataElementType\": \"document\", \"encryption_required\": false}], \"entityType\": \"componentConfig\", \"childrenSet\": false, \"hasChildren\": false, \"dataElementType\": \"document\", \"encryption_required\": false}, {\"key\": \"/get-stock-quoteAPIServerResponse/500\", \"type\": \"object\", \"order\": 1.0, \"title\": \"500\", \"value\": {\"type\": \"object\"}, \"children\": [{\"id\": \"3940fbbc-776f-41fe-8161-a7bec0e648af\", \"key\": \"/get-stock-quoteAPIServerResponse/500/message\", \"type\": \"string\", \"order\": 1.0, \"title\": \"message\", \"value\": {\"type\": \"string\", \"requiredFlag\": false}, \"isLeaf\": true, \"entityType\": \"componentConfig\", \"childrenSet\": false, \"hasChildren\": false, \"dataElementType\": \"string\", \"encryption_required\": false}, {\"id\": \"3940fbbc-776f-41fe-8161-a7bec0e648af\", \"key\": \"/get-stock-quoteAPIServerResponse/500/responseHeaders\", \"type\": \"object\", \"order\": 2.0, \"title\": \"responseHeaders\", \"value\": {\"type\": \"object\", \"requiredFlag\": false}, \"isLeaf\": false, \"children\": [{\"id\": \"3940fbbc-776f-41fe-8161-a7bec0e648af\", \"key\": \"/get-stock-quoteAPIServerResponse/500/responseHeaders/Transfer-Encoding\", \"type\": \"string\", \"order\": 3.0, \"title\": \"Transfer-Encoding\", \"value\": {\"type\": \"string\", \"requiredFlag\": false}, \"isLeaf\": true, \"entityType\": \"componentConfig\", \"childrenSet\": false, \"hasChildren\": false, \"dataElementType\": \"string\", \"encryption_required\": false}, {\"id\": \"3940fbbc-776f-41fe-8161-a7bec0e648af\", \"key\": \"/get-stock-quoteAPIServerResponse/500/responseHeaders/Retry-After\", \"type\": \"string\", \"order\": 4.0, \"title\": \"Retry-After\", \"value\": {\"type\": \"string\", \"requiredFlag\": false}, \"isLeaf\": true, \"entityType\": \"componentConfig\", \"childrenSet\": false, \"hasChildren\": false, \"dataElementType\": \"string\", \"encryption_required\": false}, {\"id\": \"3940fbbc-776f-41fe-8161-a7bec0e648af\", \"key\": \"/get-stock-quoteAPIServerResponse/500/responseHeaders/Access-Control-Allow-Origin\", \"type\": \"string\", \"order\": 5.0, \"title\": \"Access-Control-Allow-Origin\", \"value\": {\"type\": \"string\", \"requiredFlag\": false}, \"isLeaf\": true, \"entityType\": \"componentConfig\", \"childrenSet\": false, \"hasChildren\": false, \"dataElementType\": \"string\", \"encryption_required\": false}, {\"id\": \"3940fbbc-776f-41fe-8161-a7bec0e648af\", \"key\": \"/get-stock-quoteAPIServerResponse/500/responseHeaders/ETag\", \"type\": \"string\", \"order\": 6.0, \"title\": \"ETag\", \"value\": {\"type\": \"string\", \"requiredFlag\": false}, \"isLeaf\": true, \"entityType\": \"componentConfig\", \"childrenSet\": false, \"hasChildren\": false, \"dataElementType\": \"string\", \"encryption_required\": false}, {\"id\": \"3940fbbc-776f-41fe-8161-a7bec0e648af\", \"key\": \"/get-stock-quoteAPIServerResponse/500/responseHeaders/Content-Encoding\", \"type\": \"string\", \"order\": 7.0, \"title\": \"Content-Encoding\", \"value\": {\"type\": \"string\", \"requiredFlag\": false}, \"isLeaf\": true, \"entityType\": \"componentConfig\", \"childrenSet\": false, \"hasChildren\": false, \"dataElementType\": \"string\", \"encryption_required\": false}, {\"id\": \"3940fbbc-776f-41fe-8161-a7bec0e648af\", \"key\": \"/get-stock-quoteAPIServerResponse/500/responseHeaders/content-type\", \"type\": \"string\", \"order\": 8.0, \"title\": \"content-type\", \"value\": {\"type\": \"string\", \"requiredFlag\": false}, \"isLeaf\": true, \"entityType\": \"componentConfig\", \"childrenSet\": false, \"hasChildren\": false, \"dataElementType\": \"string\", \"encryption_required\": false}, {\"id\": \"3940fbbc-776f-41fe-8161-a7bec0e648af\", \"key\": \"/get-stock-quoteAPIServerResponse/500/responseHeaders/Set-Cookie\", \"type\": \"string\", \"order\": 9.0, \"title\": \"Set-Cookie\", \"value\": {\"type\": \"string\", \"requiredFlag\": false}, \"isLeaf\": true, \"entityType\": \"componentConfig\", \"childrenSet\": false, \"hasChildren\": false, \"dataElementType\": \"string\", \"encryption_required\": false}, {\"id\": \"3940fbbc-776f-41fe-8161-a7bec0e648af\", \"key\": \"/get-stock-quoteAPIServerResponse/500/responseHeaders/Expires\", \"type\": \"string\", \"order\": 10.0, \"title\": \"Expires\", \"value\": {\"type\": \"string\", \"requiredFlag\": false}, \"isLeaf\": true, \"entityType\": \"componentConfig\", \"childrenSet\": false, \"hasChildren\": false, \"dataElementType\": \"string\", \"encryption_required\": false}, {\"id\": \"3940fbbc-776f-41fe-8161-a7bec0e648af\", \"key\": \"/get-stock-quoteAPIServerResponse/500/responseHeaders/Last-Modified\", \"type\": \"string\", \"order\": 11.0, \"title\": \"Last-Modified\", \"value\": {\"type\": \"string\", \"requiredFlag\": false}, \"isLeaf\": true, \"entityType\": \"componentConfig\", \"childrenSet\": false, \"hasChildren\": false, \"dataElementType\": \"string\", \"encryption_required\": false}, {\"id\": \"3940fbbc-776f-41fe-8161-a7bec0e648af\", \"key\": \"/get-stock-quoteAPIServerResponse/500/responseHeaders/Content-Language\", \"type\": \"string\", \"order\": 12.0, \"title\": \"Content-Language\", \"value\": {\"type\": \"string\", \"requiredFlag\": false}, \"isLeaf\": true, \"entityType\": \"componentConfig\", \"childrenSet\": false, \"hasChildren\": false, \"dataElementType\": \"string\", \"encryption_required\": false}, {\"id\": \"3940fbbc-776f-41fe-8161-a7bec0e648af\", \"key\": \"/get-stock-quoteAPIServerResponse/500/responseHeaders/Allow\", \"type\": \"string\", \"order\": 13.0, \"title\": \"Allow\", \"value\": {\"type\": \"string\", \"requiredFlag\": false}, \"isLeaf\": true, \"entityType\": \"componentConfig\", \"childrenSet\": false, \"hasChildren\": false, \"dataElementType\": \"string\", \"encryption_required\": false}, {\"id\": \"3940fbbc-776f-41fe-8161-a7bec0e648af\", \"key\": \"/get-stock-quoteAPIServerResponse/500/responseHeaders/Location\", \"type\": \"string\", \"order\": 14.0, \"title\": \"Location\", \"value\": {\"type\": \"string\", \"requiredFlag\": false}, \"isLeaf\": true, \"entityType\": \"componentConfig\", \"childrenSet\": false, \"hasChildren\": false, \"dataElementType\": \"string\", \"encryption_required\": false}], \"entityType\": \"componentConfig\", \"childrenSet\": false, \"hasChildren\": false, \"dataElementType\": \"document\", \"encryption_required\": false}], \"entityType\": \"componentConfig\", \"childrenSet\": false, \"hasChildren\": false, \"dataElementType\": \"document\", \"encryption_required\": false}, {\"key\": \"/get-stock-quoteAPIServerResponse/default\", \"type\": \"object\", \"order\": 1.0, \"title\": \"default\", \"value\": {\"type\": \"object\"}, \"children\": [{\"id\": \"3940fbbc-776f-41fe-8161-a7bec0e648af\", \"key\": \"/get-stock-quoteAPIServerResponse/default/responseHeaders\", \"type\": \"object\", \"order\": 1.0, \"title\": \"responseHeaders\", \"value\": {\"type\": \"object\", \"requiredFlag\": false}, \"isLeaf\": false, \"children\": [{\"id\": \"3940fbbc-776f-41fe-8161-a7bec0e648af\", \"key\": \"/get-stock-quoteAPIServerResponse/default/responseHeaders/Transfer-Encoding\", \"type\": \"string\", \"order\": 2.0, \"title\": \"Transfer-Encoding\", \"value\": {\"type\": \"string\", \"requiredFlag\": false}, \"isLeaf\": true, \"entityType\": \"componentConfig\", \"childrenSet\": false, \"hasChildren\": false, \"dataElementType\": \"string\", \"encryption_required\": false}, {\"id\": \"3940fbbc-776f-41fe-8161-a7bec0e648af\", \"key\": \"/get-stock-quoteAPIServerResponse/default/responseHeaders/Retry-After\", \"type\": \"string\", \"order\": 3.0, \"title\": \"Retry-After\", \"value\": {\"type\": \"string\", \"requiredFlag\": false}, \"isLeaf\": true, \"entityType\": \"componentConfig\", \"childrenSet\": false, \"hasChildren\": false, \"dataElementType\": \"string\", \"encryption_required\": false}, {\"id\": \"3940fbbc-776f-41fe-8161-a7bec0e648af\", \"key\": \"/get-stock-quoteAPIServerResponse/default/responseHeaders/Access-Control-Allow-Origin\", \"type\": \"string\", \"order\": 4.0, \"title\": \"Access-Control-Allow-Origin\", \"value\": {\"type\": \"string\", \"requiredFlag\": false}, \"isLeaf\": true, \"entityType\": \"componentConfig\", \"childrenSet\": false, \"hasChildren\": false, \"dataElementType\": \"string\", \"encryption_required\": false}, {\"id\": \"3940fbbc-776f-41fe-8161-a7bec0e648af\", \"key\": \"/get-stock-quoteAPIServerResponse/default/responseHeaders/ETag\", \"type\": \"string\", \"order\": 5.0, \"title\": \"ETag\", \"value\": {\"type\": \"string\", \"requiredFlag\": false}, \"isLeaf\": true, \"entityType\": \"componentConfig\", \"childrenSet\": false, \"hasChildren\": false, \"dataElementType\": \"string\", \"encryption_required\": false}, {\"id\": \"3940fbbc-776f-41fe-8161-a7bec0e648af\", \"key\": \"/get-stock-quoteAPIServerResponse/default/responseHeaders/Content-Encoding\", \"type\": \"string\", \"order\": 6.0, \"title\": \"Content-Encoding\", \"value\": {\"type\": \"string\", \"requiredFlag\": false}, \"isLeaf\": true, \"entityType\": \"componentConfig\", \"childrenSet\": false, \"hasChildren\": false, \"dataElementType\": \"string\", \"encryption_required\": false}, {\"id\": \"3940fbbc-776f-41fe-8161-a7bec0e648af\", \"key\": \"/get-stock-quoteAPIServerResponse/default/responseHeaders/Set-Cookie\", \"type\": \"string\", \"order\": 7.0, \"title\": \"Set-Cookie\", \"value\": {\"type\": \"string\", \"requiredFlag\": false}, \"isLeaf\": true, \"entityType\": \"componentConfig\", \"childrenSet\": false, \"hasChildren\": false, \"dataElementType\": \"string\", \"encryption_required\": false}, {\"id\": \"3940fbbc-776f-41fe-8161-a7bec0e648af\", \"key\": \"/get-stock-quoteAPIServerResponse/default/responseHeaders/Expires\", \"type\": \"string\", \"order\": 8.0, \"title\": \"Expires\", \"value\": {\"type\": \"string\", \"requiredFlag\": false}, \"isLeaf\": true, \"entityType\": \"componentConfig\", \"childrenSet\": false, \"hasChildren\": false, \"dataElementType\": \"string\", \"encryption_required\": false}, {\"id\": \"3940fbbc-776f-41fe-8161-a7bec0e648af\", \"key\": \"/get-stock-quoteAPIServerResponse/default/responseHeaders/Last-Modified\", \"type\": \"string\", \"order\": 9.0, \"title\": \"Last-Modified\", \"value\": {\"type\": \"string\", \"requiredFlag\": false}, \"isLeaf\": true, \"entityType\": \"componentConfig\", \"childrenSet\": false, \"hasChildren\": false, \"dataElementType\": \"string\", \"encryption_required\": false}, {\"id\": \"3940fbbc-776f-41fe-8161-a7bec0e648af\", \"key\": \"/get-stock-quoteAPIServerResponse/default/responseHeaders/Content-Language\", \"type\": \"string\", \"order\": 10.0, \"title\": \"Content-Language\", \"value\": {\"type\": \"string\", \"requiredFlag\": false}, \"isLeaf\": true, \"entityType\": \"componentConfig\", \"childrenSet\": false, \"hasChildren\": false, \"dataElementType\": \"string\", \"encryption_required\": false}, {\"id\": \"3940fbbc-776f-41fe-8161-a7bec0e648af\", \"key\": \"/get-stock-quoteAPIServerResponse/default/responseHeaders/Allow\", \"type\": \"string\", \"order\": 11.0, \"title\": \"Allow\", \"value\": {\"type\": \"string\", \"requiredFlag\": false}, \"isLeaf\": true, \"entityType\": \"componentConfig\", \"childrenSet\": false, \"hasChildren\": false, \"dataElementType\": \"string\", \"encryption_required\": false}, {\"id\": \"3940fbbc-776f-41fe-8161-a7bec0e648af\", \"key\": \"/get-stock-quoteAPIServerResponse/default/responseHeaders/Content-Type\", \"type\": \"string\", \"order\": 12.0, \"title\": \"Content-Type\", \"value\": {\"type\": \"string\", \"requiredFlag\": false}, \"isLeaf\": true, \"entityType\": \"componentConfig\", \"childrenSet\": false, \"hasChildren\": false, \"dataElementType\": \"string\", \"encryption_required\": false}, {\"id\": \"3940fbbc-776f-41fe-8161-a7bec0e648af\", \"key\": \"/get-stock-quoteAPIServerResponse/default/responseHeaders/Location\", \"type\": \"string\", \"order\": 13.0, \"title\": \"Location\", \"value\": {\"type\": \"string\", \"requiredFlag\": false}, \"isLeaf\": true, \"entityType\": \"componentConfig\", \"childrenSet\": false, \"hasChildren\": false, \"dataElementType\": \"string\", \"encryption_required\": false}], \"entityType\": \"componentConfig\", \"childrenSet\": false, \"hasChildren\": false, \"dataElementType\": \"document\", \"encryption_required\": false}, {\"id\": \"3940fbbc-776f-41fe-8161-a7bec0e648af\", \"key\": \"/get-stock-quoteAPIServerResponse/default/content\", \"type\": \"object\", \"order\": 14.0, \"title\": \"content\", \"value\": {\"type\": \"object\", \"requiredFlag\": false}, \"isLeaf\": false, \"entityType\": \"componentConfig\", \"childrenSet\": false, \"hasChildren\": false, \"dataElementType\": \"object\", \"encryption_required\": false}], \"entityType\": \"componentConfig\", \"childrenSet\": false, \"hasChildren\": false, \"dataElementType\": \"document\", \"encryption_required\": false}], \"entityType\": \"componentConfig\", \"childrenSet\": false, \"hasChildren\": false, \"dataElementType\": \"document\", \"encryption_required\": false}]",
    "null" : false
  },
  "config_plug_id" : null,
  "override_plug" : false,
  "config_java_service_id" : null,
  "service_tag" : "V27",
  "endpoint_tag" : "EMPTY",
  "config_service_tag" : "EMPTY",
  "config_imap_tag" : "EMPTY",
  "config_b2b_document_type_tag" : "EMPTY",
  "active" : false,
  "parent_component_config_service_tag" : "V27",
  "service_project_id" : "94afffa5-622e-4445-9e23-5019119fbd0b",
  "service_project_tag" : "V27",
  "config_service_project_id" : null,
  "config_service_project_tag" : "EMPTY",
  "config_imap_project_id" : null,
  "config_imap_project_tag" : "EMPTY",
  "config_b2b_document_type_project_id" : null,
  "config_b2b_document_type_project_tag" : "EMPTY",
  "endpoint_project_id" : null,
  "endpoint_project_tag" : "EMPTY",
  "config_plug_tag" : "EMPTY",
  "config_plug_project_id" : null,
  "config_plug_project_tag" : "EMPTY",
  "config_java_service_tag" : "EMPTY",
  "config_java_service_project_id" : null,
  "config_java_service_project_tag" : "EMPTY",
  "disabled" : false,
  "config" : {
    "type" : "json",
    "value" : "{\"api\":{\"id\":\"429a764a-2d51-40ac-abb4-254a6eb8f911\",\"name\":\"Finance\",\"projectId\":\"94afffa5-622e-4445-9e23-5019119fbd0b\",\"projectName\":\"GettingStarted\",\"integrationId\":\"8ae626cc-3540-46f0-bffe-03127a5232d5\",\"entityId\":\"d6a3425f-c94a-4fb5-ba17-3b319d114411\",\"apiServiceId\":\"9eb18d8d-0098-4760-ad87-38dd7aa6c88e\"},\"operations\":[{\"id\":\"ef3b2c54-9852-4a33-a708-72e7d321edd5\",\"method\":\"GET\",\"path\":\"/quote\",\"operationId\":\"Finance-1.0 get-stock-quote\"}]}",
    "null" : false
  },
  "config_b2b_document_type_project_mode_id" : "112c1cb8-4b9e-4d1a-a042-0bd031dc7d05",
  "config_imap_project_mode_id" : "112c1cb8-4b9e-4d1a-a042-0bd031dc7d05",
  "config_java_service_project_mode_id" : "112c1cb8-4b9e-4d1a-a042-0bd031dc7d05",
  "config_plug_project_mode_id" : "112c1cb8-4b9e-4d1a-a042-0bd031dc7d05",
  "config_service_project_mode_id" : "112c1cb8-4b9e-4d1a-a042-0bd031dc7d05",
  "endpoint_project_mode_id" : "112c1cb8-4b9e-4d1a-a042-0bd031dc7d05",
  "service_project_mode_id" : "112c1cb8-4b9e-4d1a-a042-0bd031dc7d05",
  "parent_component_config_service_project_mode_id" : "112c1cb8-4b9e-4d1a-a042-0bd031dc7d05",
  "is_audit" : true,
  "keys_with_order" : null
}