{
  "component_config_id" : "51d8bdfa-9cb7-4850-ac06-3754bb1fe0de",
  "endpoint_config_json" : {
    "type" : "jsonb",
    "value" : "{\"crossRef\": [], \"services\": [], \"multistep\": [], \"operations\": []}",
    "null" : false
  },
  "input_config_json" : {
    "type" : "jsonb",
    "value" : "{\"crossRef\": [], \"services\": [], \"multistep\": [], \"operations\": [{\"map\": {\"id\": \"0bc3bf34-29ba-416e-97ca-1fb24a0fcb45\", \"root\": true, \"type\": \"list\", \"cached\": false, \"source\": \"/customers_orders/customers[]\", \"target\": \"/Document/customers[]\", \"mapNull\": false, \"disabled\": false, \"extractXml\": false, \"extractJson\": false, \"targetOrder\": 1.0, \"mapEmptyString\": false}}]}",
    "null" : false
  },
  "output_config_json" : {
    "type" : "jsonb",
    "value" : "{\"crossRef\": [], \"services\": [], \"multistep\": [], \"operations\": [{\"map\": {\"id\": \"9461512f-4c0d-49e1-aa7a-5d4696e7db9d\", \"root\": true, \"type\": \"map\", \"cached\": false, \"source\": \"/Document\", \"target\": \"/Document\", \"mapNull\": false, \"disabled\": false, \"extractXml\": false, \"extractJson\": false, \"targetOrder\": 0.0, \"mapEmptyString\": false}}, {\"map\": {\"id\": \"0a373411-d229-4eb2-ba4e-29a2b53616f1\", \"root\": true, \"type\": \"list\", \"cached\": false, \"source\": \"/Document/clients[]\", \"target\": \"/mapped_customer_orders_complex/clients[]\", \"mapNull\": false, \"disabled\": false, \"extractXml\": false, \"extractJson\": false, \"targetOrder\": 1.0, \"mapEmptyString\": false}}]}",
    "null" : false
  },
  "component_id" : "90735c80-e705-4013-97e0-33884f9ae03c",
  "service_id" : "f07704c1-7a99-44f2-8c00-e4ed767c7f08",
  "endpoint_id" : null,
  "parent_component_config_id" : null,
  "component_config_order" : 7.0,
  "action_id" : "6f28f47b-8add-4b97-ae10-78cc7fd3c250",
  "name" : "",
  "description" : "",
  "override_endpoint" : false,
  "input_structure_json" : {
    "type" : "jsonb",
    "value" : "{\"maps\": [{\"/Document/customers[]\": [{\"type\": \"list\", \"source\": {\"path\": \"/customers_orders/customers[]\", \"title\": \"customers\", \"dataElementType\": \"documentArray\"}, \"target\": {\"path\": \"/Document/customers[]\", \"order\": 1, \"title\": \"customers\", \"dataElementType\": \"documentArray\"}, \"mapCondition\": {\"isConditionSet\": false, \"sourceTreeIndex\": [{\"key\": 1, \"title\": \"customers_orders\", \"isLeaf\": false, \"isArray\": false, \"children\": [{\"key\": 2, \"title\": \"customers[]\", \"isLeaf\": false, \"isArray\": true, \"parentKey\": 1, \"arrayIndex\": null}], \"parentKey\": 0}], \"targetTreeIndex\": [{\"key\": 1, \"title\": \"Document\", \"isLeaf\": false, \"isArray\": false, \"children\": [{\"key\": 2, \"title\": \"customers[]\", \"isLeaf\": false, \"isArray\": true, \"parentKey\": 1, \"arrayIndex\": null}], \"parentKey\": 0}], \"mapConditionFormValue\": {}}}]}], \"mappedNodes\": [\"/DocumentactionOut\", \"/DocumentpipeOut\", \"/customers_orders/customers[] pipeIn\", \"/Document/customers[] actionIn\", \"/Document/clients[]\", \"/mapped_customer_orders_complex/clients[]pipeOut\"]}",
    "null" : false
  },
  "output_structure_json" : {
    "type" : "jsonb",
    "value" : "{\"maps\": [{\"/Document\": [{\"type\": \"map\", \"source\": {\"path\": \"/Document\", \"title\": \"Document\", \"dataElementType\": \"document\"}, \"target\": {\"path\": \"/Document\", \"order\": 0, \"title\": \"Document\", \"dataElementType\": \"document\"}, \"mapCondition\": {\"isConditionSet\": false, \"sourceTreeIndex\": [], \"targetTreeIndex\": [], \"mapConditionFormValue\": {}}}]}, {\"/mapped_customer_orders_complex/clients[]\": [{\"type\": \"list\", \"source\": {\"path\": \"/Document/clients[]\", \"title\": \"clients\", \"dataElementType\": \"documentArray\"}, \"target\": {\"path\": \"/mapped_customer_orders_complex/clients[]\", \"order\": 1, \"title\": \"clients\", \"dataElementType\": \"documentArray\"}, \"mapCondition\": {\"isConditionSet\": false, \"sourceTreeIndex\": [{\"key\": 1, \"title\": \"Document\", \"isLeaf\": false, \"isArray\": false, \"children\": [{\"key\": 2, \"title\": \"clients\", \"isLeaf\": false, \"isArray\": true, \"parentKey\": 1, \"arrayIndex\": null}], \"parentKey\": 0}], \"targetTreeIndex\": [{\"key\": 1, \"title\": \"mapped_customer_orders_complex\", \"isLeaf\": false, \"isArray\": false, \"children\": [{\"key\": 2, \"title\": \"clients[]\", \"isLeaf\": false, \"isArray\": true, \"parentKey\": 1, \"arrayIndex\": null}], \"parentKey\": 0}], \"mapConditionFormValue\": {}}}]}], \"tracks\": {}, \"transformer\": []}",
    "null" : false
  },
  "endpoint_structure_json" : {
    "type" : "jsonb",
    "value" : "{\"maps\": []}",
    "null" : false
  },
  "is_error" : false,
  "no_of_errors" : 0,
  "action_input_type" : null,
  "config_service_id" : null,
  "config_imap_id" : "abc75962-7334-4eaf-aba6-2a3825e9d91d",
  "config_b2b_document_type_id" : null,
  "config_document_id" : null,
  "add_variables" : {
    "type" : "jsonb",
    "value" : "[]",
    "null" : false
  },
  "drop_variables" : {
    "type" : "jsonb",
    "value" : "[]",
    "null" : false
  },
  "plug_input_structure" : null,
  "plug_output_structure" : null,
  "config_plug_id" : null,
  "override_plug" : false,
  "config_java_service_id" : null,
  "service_tag" : "V27",
  "endpoint_tag" : null,
  "config_service_tag" : "",
  "config_imap_tag" : "EMPTY",
  "config_b2b_document_type_tag" : "",
  "active" : false,
  "parent_component_config_service_tag" : "V27",
  "service_project_id" : "94afffa5-622e-4445-9e23-5019119fbd0b",
  "service_project_tag" : "V27",
  "config_service_project_id" : null,
  "config_service_project_tag" : "",
  "config_imap_project_id" : "94afffa5-622e-4445-9e23-5019119fbd0b",
  "config_imap_project_tag" : "EMPTY",
  "config_b2b_document_type_project_id" : null,
  "config_b2b_document_type_project_tag" : "",
  "endpoint_project_id" : null,
  "endpoint_project_tag" : null,
  "config_plug_tag" : null,
  "config_plug_project_id" : null,
  "config_plug_project_tag" : null,
  "config_java_service_tag" : "",
  "config_java_service_project_id" : null,
  "config_java_service_project_tag" : "",
  "disabled" : false,
  "config" : {
    "type" : "json",
    "value" : "{\"iMapProjectName\":\"GettingStarted(current project)\"}",
    "null" : false
  },
  "config_b2b_document_type_project_mode_id" : "112c1cb8-4b9e-4d1a-a042-0bd031dc7d05",
  "config_imap_project_mode_id" : "112c1cb8-4b9e-4d1a-a042-0bd031dc7d05",
  "config_java_service_project_mode_id" : "112c1cb8-4b9e-4d1a-a042-0bd031dc7d05",
  "config_plug_project_mode_id" : "112c1cb8-4b9e-4d1a-a042-0bd031dc7d05",
  "config_service_project_mode_id" : "112c1cb8-4b9e-4d1a-a042-0bd031dc7d05",
  "endpoint_project_mode_id" : "112c1cb8-4b9e-4d1a-a042-0bd031dc7d05",
  "service_project_mode_id" : "112c1cb8-4b9e-4d1a-a042-0bd031dc7d05",
  "parent_component_config_service_project_mode_id" : "112c1cb8-4b9e-4d1a-a042-0bd031dc7d05",
  "is_audit" : true,
  "keys_with_order" : null
}