{
  "component_config_id" : "5596710c-4fca-4dfd-a195-a1347150b005",
  "endpoint_config_json" : {
    "type" : "jsonb",
    "value" : "{\"crossRef\": [], \"services\": [], \"multistep\": [], \"operations\": []}",
    "null" : false
  },
  "input_config_json" : {
    "type" : "jsonb",
    "value" : "{\"crossRef\": [], \"services\": [], \"multistep\": [], \"operations\": [{\"map\": {\"id\": \"11d84b82-79df-4e2d-9be4-afb392aad58f\", \"root\": false, \"type\": \"setValue\", \"cached\": false, \"target\": \"/AmazonSQSSendMessageInput/queueUrl\", \"mapNull\": false, \"disabled\": false, \"extractXml\": false, \"extractJson\": false, \"targetOrder\": 2.0, \"targetValue\": \"TestQueue\", \"mapEmptyString\": false, \"targetJavaType\": \"java.lang.String\", \"variableSubstitution\": false}}, {\"map\": {\"id\": \"69422af4-be36-4a5f-8502-09ef9cda058e\", \"root\": false, \"type\": \"setValue\", \"cached\": false, \"target\": \"/AmazonSQSSendMessageInput/messageBody\", \"mapNull\": false, \"disabled\": false, \"extractXml\": false, \"extractJson\": false, \"targetOrder\": 3.0, \"targetValue\": \"[{\\n  \\\"id\\\": 1,\\n  \\\"first_name\\\": \\\"Paule\\\",\\n  \\\"last_name\\\": \\\"Weiner\\\",\\n  \\\"email\\\": \\\"pweiner0@gnu.org\\\"\\n}, {\\n  \\\"id\\\": 2,\\n  \\\"first_name\\\": \\\"Worthy\\\",\\n  \\\"last_name\\\": \\\"Portail\\\",\\n  \\\"email\\\": \\\"wportail1@ucsd.edu\\\"\\n}, {\\n  \\\"id\\\": 3,\\n  \\\"first_name\\\": \\\"Joey\\\",\\n  \\\"last_name\\\": \\\"Nockalls\\\",\\n  \\\"email\\\": \\\"jnockalls2@rambler.ru\\\"\\n}, {\\n  \\\"id\\\": 4,\\n  \\\"first_name\\\": \\\"Terza\\\",\\n  \\\"last_name\\\": \\\"Siward\\\",\\n  \\\"email\\\": \\\"tsiward3@com.com\\\"\\n}, {\\n  \\\"id\\\": 5,\\n  \\\"first_name\\\": \\\"Arlina\\\",\\n  \\\"last_name\\\": \\\"Lineham\\\",\\n  \\\"email\\\": \\\"alineham4@hao123.com\\\"\\n}]\\n\", \"mapEmptyString\": false, \"targetJavaType\": \"java.lang.String\", \"variableSubstitution\": false}}]}",
    "null" : false
  },
  "output_config_json" : {
    "type" : "jsonb",
    "value" : "{\"crossRef\": [], \"services\": [], \"multistep\": [], \"operations\": [{\"map\": {\"id\": \"7f72f427-ede7-417f-a06d-93aadbf72d31\", \"root\": true, \"type\": \"map\", \"cached\": false, \"source\": \"/AmazonSQSSendMessageOutput\", \"target\": \"/AmazonSQSSendMessageOutput\", \"mapNull\": false, \"disabled\": false, \"extractXml\": false, \"extractJson\": false, \"mapEmptyString\": false}}]}",
    "null" : false
  },
  "component_id" : "c9c1bc73-453f-46d0-a76e-9e7642916d6b",
  "service_id" : "29bda16a-3411-415c-8169-6ca31d157e71",
  "endpoint_id" : "4bef37cc-d950-4634-aef1-d9393f651724",
  "parent_component_config_id" : null,
  "component_config_order" : 2.0,
  "action_id" : "e27e27bd-b8e6-4632-9a31-2556dca89e5b",
  "name" : null,
  "description" : "",
  "override_endpoint" : false,
  "input_structure_json" : {
    "type" : "jsonb",
    "value" : "{\"maps\": [{\"/AmazonSQSSendMessageInput/queueUrl\": [{\"type\": \"setValue\", \"target\": {\"path\": \"/AmazonSQSSendMessageInput/queueUrl\", \"order\": 2, \"title\": \"queueUrl\", \"dataElementType\": \"string\"}, \"values\": [{\"id\": \"b4d81798-d774-4d17-a95c-e4a6952b15fa\", \"key\": \"/AmazonSQSSendMessageInput/queueUrl\", \"type\": \"string\", \"order\": 2, \"title\": \"queueUrl\", \"isLeaf\": true, \"children\": [], \"setValue\": null, \"isDynamic\": true, \"uiElement\": \"TestQueue\", \"actionName\": \"ListQueues\", \"dependents\": [], \"isSetValue\": false, \"childrenSet\": false, \"hasChildren\": false, \"dataElementType\": \"string\", \"encryption_required\": false}], \"mapCondition\": {\"isConditionSet\": false, \"sourceTreeIndex\": [], \"targetTreeIndex\": [], \"mapConditionFormValue\": {}}, \"variableSubstitution\": false, \"overwritePipelineValue\": false}]}, {\"/AmazonSQSSendMessageInput/messageBody\": [{\"type\": \"setValue\", \"target\": {\"path\": \"/AmazonSQSSendMessageInput/messageBody\", \"order\": 3, \"title\": \"messageBody\", \"dataElementType\": \"string\"}, \"values\": [{\"id\": \"323df191-b5e9-4fc8-87ba-e52b18273bfc\", \"key\": \"/AmazonSQSSendMessageInput/messageBody\", \"type\": \"string\", \"order\": 3, \"title\": \"messageBody\", \"isLeaf\": true, \"children\": [], \"setValue\": null, \"uiElement\": \"[{\\n  \\\"id\\\": 1,\\n  \\\"first_name\\\": \\\"Paule\\\",\\n  \\\"last_name\\\": \\\"Weiner\\\",\\n  \\\"email\\\": \\\"pweiner0@gnu.org\\\"\\n}, {\\n  \\\"id\\\": 2,\\n  \\\"first_name\\\": \\\"Worthy\\\",\\n  \\\"last_name\\\": \\\"Portail\\\",\\n  \\\"email\\\": \\\"wportail1@ucsd.edu\\\"\\n}, {\\n  \\\"id\\\": 3,\\n  \\\"first_name\\\": \\\"Joey\\\",\\n  \\\"last_name\\\": \\\"Nockalls\\\",\\n  \\\"email\\\": \\\"jnockalls2@rambler.ru\\\"\\n}, {\\n  \\\"id\\\": 4,\\n  \\\"first_name\\\": \\\"Terza\\\",\\n  \\\"last_name\\\": \\\"Siward\\\",\\n  \\\"email\\\": \\\"tsiward3@com.com\\\"\\n}, {\\n  \\\"id\\\": 5,\\n  \\\"first_name\\\": \\\"Arlina\\\",\\n  \\\"last_name\\\": \\\"Lineham\\\",\\n  \\\"email\\\": \\\"alineham4@hao123.com\\\"\\n}]\\n\", \"isSetValue\": false, \"childrenSet\": false, \"hasChildren\": false, \"dataElementType\": \"string\", \"encryption_required\": false}], \"mapCondition\": {\"isConditionSet\": false, \"sourceTreeIndex\": [], \"targetTreeIndex\": [], \"mapConditionFormValue\": {}}, \"variableSubstitution\": false, \"overwritePipelineValue\": false}]}], \"mappedNodes\": [\"/AmazonSQSSendMessageOutput\", \"/AmazonSQSSendMessageOutputpipeOut\", \"/AmazonSQSSendMessageInput/queueUrl actionIn\", \"/AmazonSQSSendMessageInput actionIn\", \"/AmazonSQSSendMessageInput/messageBody actionIn\", \"/AmazonSQSSendMessageInput actionIn\"]}",
    "null" : false
  },
  "output_structure_json" : {
    "type" : "jsonb",
    "value" : "{\"maps\": [{\"/AmazonSQSSendMessageOutput\": [{\"type\": \"map\", \"source\": {\"path\": \"/AmazonSQSSendMessageOutput\", \"title\": \"AmazonSQSSendMessageOutput\", \"dataElementType\": \"document\"}, \"target\": {\"path\": \"/AmazonSQSSendMessageOutput\", \"alias\": null, \"order\": null, \"title\": \"AmazonSQSSendMessageOutput\", \"dataElementType\": \"document\"}, \"mapCondition\": {\"mapNull\": null, \"defaultValue\": null, \"isConditionSet\": false, \"mapEmptyString\": null, \"sourceTreeIndex\": [], \"targetTreeIndex\": [], \"mapConditionFormValue\": {\"fields\": null}}}]}], \"tracks\": {}, \"transformer\": []}",
    "null" : false
  },
  "endpoint_structure_json" : {
    "type" : "jsonb",
    "value" : "{\"maps\": []}",
    "null" : false
  },
  "is_error" : false,
  "no_of_errors" : 0,
  "action_input_type" : null,
  "config_service_id" : null,
  "config_imap_id" : null,
  "config_b2b_document_type_id" : null,
  "config_document_id" : null,
  "add_variables" : {
    "type" : "jsonb",
    "value" : "[]",
    "null" : false
  },
  "drop_variables" : {
    "type" : "jsonb",
    "value" : "[]",
    "null" : false
  },
  "plug_input_structure" : null,
  "plug_output_structure" : null,
  "config_plug_id" : null,
  "override_plug" : false,
  "config_java_service_id" : null,
  "service_tag" : "V27",
  "endpoint_tag" : "EMPTY",
  "config_service_tag" : "EMPTY",
  "config_imap_tag" : "EMPTY",
  "config_b2b_document_type_tag" : "EMPTY",
  "active" : false,
  "parent_component_config_service_tag" : "V27",
  "service_project_id" : "94afffa5-622e-4445-9e23-5019119fbd0b",
  "service_project_tag" : "V27",
  "config_service_project_id" : null,
  "config_service_project_tag" : "EMPTY",
  "config_imap_project_id" : null,
  "config_imap_project_tag" : "EMPTY",
  "config_b2b_document_type_project_id" : null,
  "config_b2b_document_type_project_tag" : "EMPTY",
  "endpoint_project_id" : "94afffa5-622e-4445-9e23-5019119fbd0b",
  "endpoint_project_tag" : "EMPTY",
  "config_plug_tag" : "EMPTY",
  "config_plug_project_id" : null,
  "config_plug_project_tag" : "EMPTY",
  "config_java_service_tag" : "EMPTY",
  "config_java_service_project_id" : null,
  "config_java_service_project_tag" : "EMPTY",
  "disabled" : false,
  "config" : null,
  "config_b2b_document_type_project_mode_id" : "112c1cb8-4b9e-4d1a-a042-0bd031dc7d05",
  "config_imap_project_mode_id" : "112c1cb8-4b9e-4d1a-a042-0bd031dc7d05",
  "config_java_service_project_mode_id" : "112c1cb8-4b9e-4d1a-a042-0bd031dc7d05",
  "config_plug_project_mode_id" : "112c1cb8-4b9e-4d1a-a042-0bd031dc7d05",
  "config_service_project_mode_id" : "112c1cb8-4b9e-4d1a-a042-0bd031dc7d05",
  "endpoint_project_mode_id" : "112c1cb8-4b9e-4d1a-a042-0bd031dc7d05",
  "service_project_mode_id" : "112c1cb8-4b9e-4d1a-a042-0bd031dc7d05",
  "parent_component_config_service_project_mode_id" : "112c1cb8-4b9e-4d1a-a042-0bd031dc7d05",
  "is_audit" : true,
  "keys_with_order" : null
}