{
  "component_config_id" : "6f09082e-0d19-4136-bbec-32f9d9627001",
  "endpoint_config_json" : {
    "type" : "jsonb",
    "value" : "{\"crossRef\": [], \"services\": [], \"multistep\": [], \"operations\": []}",
    "null" : false
  },
  "input_config_json" : {
    "type" : "jsonb",
    "value" : "{\"crossRef\": [], \"services\": [], \"multistep\": [], \"operations\": []}",
    "null" : false
  },
  "output_config_json" : {
    "type" : "jsonb",
    "value" : "{\"crossRef\": [], \"services\": [], \"multistep\": [], \"operations\": [{\"transformer\": {\"id\": \"e91ef2e0-56de-4c8c-bcde-ad35cd0e8497\", \"name\": \"LIST_APPEND\", \"type\": \"List\", \"query\": null, \"inputs\": [{\"id\": \"93ca6e0e-ee67-4fe5-9ed4-a2e7053220ff\", \"root\": true, \"type\": \"list\", \"cached\": false, \"source\": \"/MyFormData[]\", \"target\": \"/LIST_APPEND_INPUT/docList[]\", \"mapNull\": false, \"disabled\": false, \"extractXml\": false, \"extractJson\": false, \"mapEmptyString\": false}, {\"id\": \"d971beb4-d5a1-4c9f-94dc-d7a97bffcffc\", \"root\": true, \"type\": \"map\", \"cached\": false, \"source\": \"/MyFormData1\", \"target\": \"/LIST_APPEND_INPUT/docIn\", \"mapNull\": false, \"disabled\": false, \"extractXml\": false, \"extractJson\": false, \"mapEmptyString\": false}], \"outputs\": [{\"id\": \"51791cbd-f096-4ba6-a95a-86352f92a671\", \"root\": true, \"type\": \"list\", \"cached\": false, \"source\": \"/LIST_APPEND_OUTPUT/docList[]\", \"target\": \"/MyFormData[]\", \"mapNull\": false, \"disabled\": false, \"extractXml\": false, \"extractJson\": false, \"targetOrder\": 1.0, \"mapEmptyString\": false}], \"tableId\": null, \"configId\": null, \"disabled\": false, \"serviceId\": null, \"expression\": null}}]}",
    "null" : false
  },
  "component_id" : "8ac5fe03-27a2-4e6a-a449-6a8893818223",
  "service_id" : "936a8905-a3a4-419d-9588-1389b9c15a10",
  "endpoint_id" : null,
  "parent_component_config_id" : null,
  "component_config_order" : 1.75,
  "action_id" : "06843b78-eab0-45da-afab-8c8277d7553f",
  "name" : null,
  "description" : "",
  "override_endpoint" : false,
  "input_structure_json" : {
    "type" : "jsonb",
    "value" : "{\"maps\": [], \"mappedNodes\": [\"/MyFormData[] pipeIn\", \"/LIST_APPEND_INPUT/docList[]0\", \"/LIST_APPEND_OUTPUT/docList[]0\", \"/MyFormData[]pipeOut\", \"/MyFormData1 pipeIn\", \"/LIST_APPEND_INPUT/docIn0\"]}",
    "null" : false
  },
  "output_structure_json" : {
    "type" : "jsonb",
    "value" : "{\"maps\": [], \"tracks\": {}, \"transformer\": [{\"inputs\": {\"/LIST_APPEND_INPUT/docIn\": [{\"type\": \"map\", \"source\": {\"path\": \"/MyFormData1\", \"title\": \"MyFormData1\", \"dataElementType\": \"document\"}, \"target\": {\"path\": \"/LIST_APPEND_INPUT/docIn\", \"title\": \"docIn\", \"dataElementType\": \"document\"}, \"mapCondition\": {\"isConditionSet\": false, \"sourceTreeIndex\": [], \"targetTreeIndex\": [], \"mapConditionFormValue\": {}}}], \"/LIST_APPEND_INPUT/docList[]\": [{\"type\": \"list\", \"source\": {\"path\": \"/MyFormData[]\", \"title\": \"MyFormData\", \"dataElementType\": \"documentArray\"}, \"target\": {\"path\": \"/LIST_APPEND_INPUT/docList[]\", \"title\": \"docList\", \"dataElementType\": \"documentArray\"}, \"mapCondition\": {\"isConditionSet\": false, \"sourceTreeIndex\": [{\"key\": 1, \"title\": \"MyFormData[]\", \"isLeaf\": false, \"isArray\": true, \"parentKey\": 0, \"arrayIndex\": null}], \"targetTreeIndex\": [{\"key\": 1, \"title\": \"LIST_APPEND_INPUT\", \"isLeaf\": false, \"isArray\": false, \"children\": [{\"key\": 2, \"title\": \"docList\", \"isLeaf\": false, \"isArray\": true, \"parentKey\": 1, \"arrayIndex\": null}], \"parentKey\": 0}], \"mapConditionFormValue\": {}}}]}, \"outputs\": {\"/MyFormData[]\": [{\"type\": \"list\", \"source\": {\"path\": \"/LIST_APPEND_OUTPUT/docList[]\", \"title\": \"docList\", \"dataElementType\": \"documentArray\"}, \"target\": {\"path\": \"/MyFormData[]\", \"order\": 1, \"title\": \"MyFormData\", \"dataElementType\": \"documentArray\"}, \"mapCondition\": {\"isConditionSet\": false, \"sourceTreeIndex\": [{\"key\": 1, \"title\": \"LIST_APPEND_OUTPUT\", \"isLeaf\": false, \"isArray\": false, \"children\": [{\"key\": 2, \"title\": \"docList\", \"isLeaf\": false, \"isArray\": true, \"parentKey\": 1, \"arrayIndex\": null}], \"parentKey\": 0}], \"targetTreeIndex\": [{\"key\": 1, \"title\": \"MyFormData[]\", \"isLeaf\": false, \"isArray\": true, \"parentKey\": 0, \"arrayIndex\": null}], \"mapConditionFormValue\": {}}}]}, \"functionInfo\": {\"id\": \"f5437179-0ea3-46c8-af0c-12576afcff42\", \"name\": \"AppendList\", \"category\": {\"id\": \"41a97f98-22ec-4738-9b60-e2e3bd2bc1f9\"}, \"internalName\": \"LIST_APPEND\"}}]}",
    "null" : false
  },
  "endpoint_structure_json" : {
    "type" : "jsonb",
    "value" : "{\"maps\": []}",
    "null" : false
  },
  "is_error" : false,
  "no_of_errors" : 0,
  "action_input_type" : null,
  "config_service_id" : null,
  "config_imap_id" : null,
  "config_b2b_document_type_id" : null,
  "config_document_id" : null,
  "add_variables" : {
    "type" : "jsonb",
    "value" : "[]",
    "null" : false
  },
  "drop_variables" : {
    "type" : "jsonb",
    "value" : "[]",
    "null" : false
  },
  "plug_input_structure" : null,
  "plug_output_structure" : null,
  "config_plug_id" : null,
  "override_plug" : false,
  "config_java_service_id" : null,
  "service_tag" : "V27",
  "endpoint_tag" : "EMPTY",
  "config_service_tag" : "EMPTY",
  "config_imap_tag" : "EMPTY",
  "config_b2b_document_type_tag" : "EMPTY",
  "active" : false,
  "parent_component_config_service_tag" : "V27",
  "service_project_id" : "94afffa5-622e-4445-9e23-5019119fbd0b",
  "service_project_tag" : "V27",
  "config_service_project_id" : null,
  "config_service_project_tag" : "EMPTY",
  "config_imap_project_id" : null,
  "config_imap_project_tag" : "EMPTY",
  "config_b2b_document_type_project_id" : null,
  "config_b2b_document_type_project_tag" : "EMPTY",
  "endpoint_project_id" : null,
  "endpoint_project_tag" : "EMPTY",
  "config_plug_tag" : "EMPTY",
  "config_plug_project_id" : null,
  "config_plug_project_tag" : "EMPTY",
  "config_java_service_tag" : "EMPTY",
  "config_java_service_project_id" : null,
  "config_java_service_project_tag" : "EMPTY",
  "disabled" : false,
  "config" : null,
  "config_b2b_document_type_project_mode_id" : "112c1cb8-4b9e-4d1a-a042-0bd031dc7d05",
  "config_imap_project_mode_id" : "112c1cb8-4b9e-4d1a-a042-0bd031dc7d05",
  "config_java_service_project_mode_id" : "112c1cb8-4b9e-4d1a-a042-0bd031dc7d05",
  "config_plug_project_mode_id" : "112c1cb8-4b9e-4d1a-a042-0bd031dc7d05",
  "config_service_project_mode_id" : "112c1cb8-4b9e-4d1a-a042-0bd031dc7d05",
  "endpoint_project_mode_id" : "112c1cb8-4b9e-4d1a-a042-0bd031dc7d05",
  "service_project_mode_id" : "112c1cb8-4b9e-4d1a-a042-0bd031dc7d05",
  "parent_component_config_service_project_mode_id" : "112c1cb8-4b9e-4d1a-a042-0bd031dc7d05",
  "is_audit" : true,
  "keys_with_order" : null
}