{
  "component_config_id" : "9c38c7dc-73d6-4444-9d75-4dc9e301c275",
  "endpoint_config_json" : {
    "type" : "jsonb",
    "value" : "{\"crossRef\": [], \"services\": [], \"multistep\": [], \"operations\": []}",
    "null" : false
  },
  "input_config_json" : {
    "type" : "jsonb",
    "value" : "{\"crossRef\": [], \"services\": [], \"multistep\": [], \"operations\": [{\"map\": {\"id\": \"7e22a0a7-f2cc-445d-9326-4076103057ca\", \"root\": false, \"type\": \"map\", \"cached\": false, \"source\": \"/ffString\", \"target\": \"/AmazonS3CreateObjectInput/content\", \"mapNull\": false, \"disabled\": false, \"extractXml\": false, \"extractJson\": false, \"targetOrder\": 4.0, \"mapEmptyString\": false, \"sourceJavaType\": \"java.lang.String\", \"targetJavaType\": \"java.lang.String\"}}, {\"map\": {\"id\": \"f6a62c61-d3bf-4b6f-8ca8-f8abe14a9434\", \"root\": false, \"type\": \"setValue\", \"cached\": false, \"target\": \"/AmazonS3CreateObjectInput/bucketName\", \"mapNull\": false, \"disabled\": false, \"extractXml\": false, \"extractJson\": false, \"targetOrder\": 2.0, \"targetValue\": \"lbfiletest\", \"mapEmptyString\": false, \"targetJavaType\": \"java.lang.String\", \"variableSubstitution\": false}}, {\"map\": {\"id\": \"09782b8d-e974-43ab-81b9-5cab231934f1\", \"root\": false, \"type\": \"setValue\", \"cached\": false, \"target\": \"/AmazonS3CreateObjectInput/key\", \"mapNull\": false, \"disabled\": false, \"extractXml\": false, \"extractJson\": false, \"targetOrder\": 3.0, \"targetValue\": \"Test/%{/SFTPServerPollOutput/files[]/fileName}%\", \"mapEmptyString\": false, \"targetJavaType\": \"java.lang.String\", \"variableSubstitution\": true}}, {\"map\": {\"id\": \"61c1a519-49bc-44d3-b1b0-1ac86a06982a\", \"root\": false, \"type\": \"setValue\", \"cached\": false, \"target\": \"/AmazonS3CreateObjectInput/inputType\", \"mapNull\": false, \"disabled\": false, \"extractXml\": false, \"extractJson\": false, \"targetOrder\": 5.0, \"targetValue\": \"String\", \"mapEmptyString\": false, \"targetJavaType\": \"java.lang.String\", \"variableSubstitution\": false}}, {\"map\": {\"id\": \"7240e798-2c20-44c4-b727-11c976ed4ee9\", \"root\": false, \"type\": \"setValue\", \"cached\": false, \"target\": \"/AmazonS3CreateObjectInput/contentType\", \"mapNull\": false, \"disabled\": false, \"extractXml\": false, \"extractJson\": false, \"targetOrder\": 6.0, \"targetValue\": \"text/csv\", \"mapEmptyString\": false, \"targetJavaType\": \"java.lang.String\", \"variableSubstitution\": false}}]}",
    "null" : false
  },
  "output_config_json" : {
    "type" : "jsonb",
    "value" : "{\"crossRef\": [], \"services\": [], \"multistep\": [], \"operations\": [{\"map\": {\"id\": \"2f64f874-4627-4bcc-b5e3-6fde6648f8a3\", \"root\": true, \"type\": \"map\", \"cached\": false, \"source\": \"/AmazonS3CreateObjectOutput\", \"target\": \"/AmazonS3CreateObjectOutput\", \"mapNull\": false, \"disabled\": false, \"extractXml\": false, \"extractJson\": false, \"mapEmptyString\": false}}]}",
    "null" : false
  },
  "component_id" : "e91d1785-bfa5-473b-a37f-be1745a4484d",
  "service_id" : "83479d72-c85a-482e-bf14-107e2274afa9",
  "endpoint_id" : "56229130-8881-417d-8bda-3dcef070b454",
  "parent_component_config_id" : null,
  "component_config_order" : 4.0,
  "action_id" : "7fff23b8-bd84-4f9d-bbf4-28d78d6086df",
  "name" : null,
  "description" : "",
  "override_endpoint" : false,
  "input_structure_json" : {
    "type" : "jsonb",
    "value" : "{\"maps\": [{\"/AmazonS3CreateObjectInput/bucketName\": [{\"type\": \"setValue\", \"target\": {\"path\": \"/AmazonS3CreateObjectInput/bucketName\", \"order\": 2, \"title\": \"bucketName\", \"dataElementType\": \"string\"}, \"values\": [{\"id\": \"ba15a9c7-fbab-4c22-98e0-a499a7fe22c5\", \"key\": \"/AmazonS3CreateObjectInput/bucketName\", \"type\": \"string\", \"order\": 2, \"title\": \"bucketName\", \"isLeaf\": true, \"children\": [], \"setValue\": null, \"isDynamic\": true, \"uiElement\": \"lbfiletest\", \"actionName\": \"GetAllBuckets\", \"dependents\": [], \"isSetValue\": false, \"childrenSet\": false, \"hasChildren\": false, \"dataElementType\": \"string\", \"encryption_required\": false}], \"mapCondition\": {\"isConditionSet\": false, \"sourceTreeIndex\": [], \"targetTreeIndex\": [], \"mapConditionFormValue\": {}}, \"variableSubstitution\": false, \"overwritePipelineValue\": false}]}, {\"/AmazonS3CreateObjectInput/key\": [{\"type\": \"setValue\", \"target\": {\"path\": \"/AmazonS3CreateObjectInput/key\", \"order\": 3, \"title\": \"key\", \"dataElementType\": \"string\"}, \"values\": [{\"id\": \"37082f9c-f0de-45c5-bba1-50a794e961b5\", \"key\": \"/AmazonS3CreateObjectInput/key\", \"type\": \"string\", \"order\": 3, \"title\": \"key\", \"isLeaf\": true, \"children\": [], \"setValue\": null, \"uiElement\": \"Test/<input _ngcontent-ng-c3455819434=\\\"\\\" class=\\\"chip\\\" title=\\\"/SFTPServerPollOutput/files[]/fileName\\\" readonly=\\\"true\\\" disabled=\\\"true\\\" type=\\\"button\\\" value=\\\"fileName\\\">\", \"isSetValue\": false, \"childrenSet\": false, \"hasChildren\": false, \"dataElementType\": \"string\", \"encryption_required\": false}], \"mapCondition\": {\"isConditionSet\": false, \"sourceTreeIndex\": [], \"targetTreeIndex\": [], \"mapConditionFormValue\": {}}, \"variableSubstitution\": true, \"overwritePipelineValue\": false}]}, {\"/AmazonS3CreateObjectInput/content\": [{\"type\": \"map\", \"source\": {\"path\": \"/ffString\", \"title\": \"ffString\", \"dataElementType\": \"string\"}, \"target\": {\"path\": \"/AmazonS3CreateObjectInput/content\", \"order\": 4, \"title\": \"content\", \"dataElementType\": \"string\"}, \"mapCondition\": {\"isConditionSet\": false, \"sourceTreeIndex\": [], \"targetTreeIndex\": [], \"mapConditionFormValue\": {}}}]}, {\"/AmazonS3CreateObjectInput/inputType\": [{\"type\": \"setValue\", \"target\": {\"path\": \"/AmazonS3CreateObjectInput/inputType\", \"order\": 5, \"title\": \"inputType\", \"dataElementType\": \"string\"}, \"values\": [{\"id\": \"1fa9bfb2-720b-479f-8ef8-84450c9ea04c\", \"key\": \"/AmazonS3CreateObjectInput/inputType\", \"type\": \"string\", \"order\": 5, \"title\": \"inputType\", \"isLeaf\": true, \"children\": [], \"setValue\": \"String\", \"isSetValue\": false, \"childrenSet\": false, \"hasChildren\": false, \"dataElementType\": \"string\", \"encryption_required\": false}], \"mapCondition\": {\"isConditionSet\": false, \"sourceTreeIndex\": [], \"targetTreeIndex\": [], \"mapConditionFormValue\": {}}, \"variableSubstitution\": false, \"overwritePipelineValue\": false}]}, {\"/AmazonS3CreateObjectInput/contentType\": [{\"type\": \"setValue\", \"target\": {\"path\": \"/AmazonS3CreateObjectInput/contentType\", \"order\": 6, \"title\": \"contentType\", \"dataElementType\": \"string\"}, \"values\": [{\"id\": \"0b0e3fed-8147-42b7-bab7-15fe34a3c3da\", \"key\": \"/AmazonS3CreateObjectInput/contentType\", \"type\": \"string\", \"order\": 6, \"title\": \"contentType\", \"isLeaf\": true, \"children\": [], \"setValue\": null, \"uiElement\": \"text/csv\", \"isSetValue\": false, \"childrenSet\": false, \"hasChildren\": false, \"dataElementType\": \"string\", \"encryption_required\": false}], \"mapCondition\": {\"isConditionSet\": false, \"sourceTreeIndex\": [], \"targetTreeIndex\": [], \"mapConditionFormValue\": {}}, \"variableSubstitution\": false, \"overwritePipelineValue\": false}]}], \"mappedNodes\": [\"/AmazonS3CreateObjectOutput\", \"/AmazonS3CreateObjectOutputpipeOut\", \"/AmazonS3CreateObjectInput/bucketName actionIn\", \"/AmazonS3CreateObjectInput actionIn\", \"/AmazonS3CreateObjectInput/key actionIn\", \"/AmazonS3CreateObjectInput actionIn\", \"/ffString pipeIn\", \"/AmazonS3CreateObjectInput/content actionIn\", \"/AmazonS3CreateObjectInput/inputType actionIn\", \"/AmazonS3CreateObjectInput actionIn\", \"/AmazonS3CreateObjectInput/contentType actionIn\", \"/AmazonS3CreateObjectInput actionIn\"]}",
    "null" : false
  },
  "output_structure_json" : {
    "type" : "jsonb",
    "value" : "{\"maps\": [{\"/AmazonS3CreateObjectOutput\": [{\"type\": \"map\", \"source\": {\"path\": \"/AmazonS3CreateObjectOutput\", \"title\": \"AmazonS3CreateObjectOutput\", \"dataElementType\": \"document\"}, \"target\": {\"path\": \"/AmazonS3CreateObjectOutput\", \"alias\": null, \"order\": null, \"title\": \"AmazonS3CreateObjectOutput\", \"dataElementType\": \"document\"}, \"mapCondition\": {\"mapNull\": null, \"defaultValue\": null, \"isConditionSet\": false, \"mapEmptyString\": null, \"sourceTreeIndex\": [], \"targetTreeIndex\": [], \"mapConditionFormValue\": {\"fields\": null}}}]}], \"tracks\": {}, \"transformer\": []}",
    "null" : false
  },
  "endpoint_structure_json" : {
    "type" : "jsonb",
    "value" : "{\"maps\": []}",
    "null" : false
  },
  "is_error" : false,
  "no_of_errors" : 0,
  "action_input_type" : null,
  "config_service_id" : null,
  "config_imap_id" : null,
  "config_b2b_document_type_id" : null,
  "config_document_id" : null,
  "add_variables" : {
    "type" : "jsonb",
    "value" : "[]",
    "null" : false
  },
  "drop_variables" : {
    "type" : "jsonb",
    "value" : "[]",
    "null" : false
  },
  "plug_input_structure" : null,
  "plug_output_structure" : null,
  "config_plug_id" : null,
  "override_plug" : false,
  "config_java_service_id" : null,
  "service_tag" : "V27",
  "endpoint_tag" : "EMPTY",
  "config_service_tag" : "EMPTY",
  "config_imap_tag" : "EMPTY",
  "config_b2b_document_type_tag" : "EMPTY",
  "active" : false,
  "parent_component_config_service_tag" : "V27",
  "service_project_id" : "94afffa5-622e-4445-9e23-5019119fbd0b",
  "service_project_tag" : "V27",
  "config_service_project_id" : null,
  "config_service_project_tag" : "EMPTY",
  "config_imap_project_id" : null,
  "config_imap_project_tag" : "EMPTY",
  "config_b2b_document_type_project_id" : null,
  "config_b2b_document_type_project_tag" : "EMPTY",
  "endpoint_project_id" : "94afffa5-622e-4445-9e23-5019119fbd0b",
  "endpoint_project_tag" : "EMPTY",
  "config_plug_tag" : "EMPTY",
  "config_plug_project_id" : null,
  "config_plug_project_tag" : "EMPTY",
  "config_java_service_tag" : "EMPTY",
  "config_java_service_project_id" : null,
  "config_java_service_project_tag" : "EMPTY",
  "disabled" : false,
  "config" : null,
  "config_b2b_document_type_project_mode_id" : "112c1cb8-4b9e-4d1a-a042-0bd031dc7d05",
  "config_imap_project_mode_id" : "112c1cb8-4b9e-4d1a-a042-0bd031dc7d05",
  "config_java_service_project_mode_id" : "112c1cb8-4b9e-4d1a-a042-0bd031dc7d05",
  "config_plug_project_mode_id" : "112c1cb8-4b9e-4d1a-a042-0bd031dc7d05",
  "config_service_project_mode_id" : "112c1cb8-4b9e-4d1a-a042-0bd031dc7d05",
  "endpoint_project_mode_id" : "112c1cb8-4b9e-4d1a-a042-0bd031dc7d05",
  "service_project_mode_id" : "112c1cb8-4b9e-4d1a-a042-0bd031dc7d05",
  "parent_component_config_service_project_mode_id" : "112c1cb8-4b9e-4d1a-a042-0bd031dc7d05",
  "is_audit" : true,
  "keys_with_order" : null
}