{
  "component_config_id" : "a9c77c64-0897-4dcc-98e6-f0a1e872fded",
  "endpoint_config_json" : {
    "type" : "jsonb",
    "value" : "{\"crossRef\": [], \"services\": [], \"multistep\": [], \"operations\": []}",
    "null" : false
  },
  "input_config_json" : {
    "type" : "jsonb",
    "value" : "{\"crossRef\": [], \"services\": [], \"multistep\": [], \"operations\": []}",
    "null" : false
  },
  "output_config_json" : {
    "type" : "jsonb",
    "value" : "{\"crossRef\": [], \"services\": [], \"multistep\": [], \"operations\": [{\"map\": {\"id\": \"89fcbd36-0cc1-4d7e-bfe5-fb4ee7486140\", \"root\": false, \"type\": \"setValue\", \"cached\": false, \"target\": \"/user/firstName\", \"mapNull\": false, \"disabled\": false, \"extractXml\": false, \"extractJson\": false, \"targetOrder\": 1.0, \"targetValue\": \"John\", \"mapEmptyString\": false, \"targetJavaType\": \"java.lang.String\", \"variableSubstitution\": false}}, {\"map\": {\"id\": \"c47bf575-20c6-43e0-a7ea-350161913985\", \"root\": false, \"type\": \"setValue\", \"cached\": false, \"target\": \"/user/lastName\", \"mapNull\": false, \"disabled\": false, \"extractXml\": false, \"extractJson\": false, \"targetOrder\": 1.0, \"targetValue\": \"Doe\", \"mapEmptyString\": false, \"targetJavaType\": \"java.lang.String\", \"variableSubstitution\": false}}, {\"map\": {\"id\": \"3ac666bb-c172-4016-bd53-fc9f3f95a02a\", \"root\": false, \"type\": \"setValue\", \"cached\": false, \"target\": \"/user/email\", \"mapNull\": false, \"disabled\": false, \"extractXml\": false, \"extractJson\": false, \"targetOrder\": 1.0, \"targetValue\": \"jdoe@gmail.com\", \"mapEmptyString\": false, \"targetJavaType\": \"java.lang.String\", \"variableSubstitution\": false}}, {\"map\": {\"id\": \"09d71246-da68-4b5a-bd0e-f332a453141d\", \"root\": false, \"type\": \"setValue\", \"cached\": false, \"target\": \"/value\", \"mapNull\": false, \"disabled\": false, \"extractXml\": false, \"extractJson\": false, \"targetOrder\": 1.0, \"targetValue\": \"%{/HTTPSServerGetOutput/queryParams/userStatus}%, %{/HTTPSServerGetOutput/pathParams/userId}%, %{/HTTPSServerGetOutput/headers/x-custom-header}%\", \"mapEmptyString\": false, \"targetJavaType\": \"java.lang.String\", \"variableSubstitution\": true}}]}",
    "null" : false
  },
  "component_id" : "8ac5fe03-27a2-4e6a-a449-6a8893818223",
  "service_id" : "00cdf69d-d5c3-4078-a322-35c5b426a46b",
  "endpoint_id" : null,
  "parent_component_config_id" : null,
  "component_config_order" : 2.0,
  "action_id" : "06843b78-eab0-45da-afab-8c8277d7553f",
  "name" : null,
  "description" : "",
  "override_endpoint" : false,
  "input_structure_json" : {
    "type" : "jsonb",
    "value" : "{\"maps\": [], \"mappedNodes\": [\"/user/firstNamepipeOut\", \"/userpipeOut\", \"/user/lastNamepipeOut\", \"/userpipeOut\", \"/user/emailpipeOut\", \"/userpipeOut\", \"/valuepipeOut\"]}",
    "null" : false
  },
  "output_structure_json" : {
    "type" : "jsonb",
    "value" : "{\"maps\": [{\"/user/firstName\": [{\"type\": \"setValue\", \"order\": 1, \"target\": {\"path\": \"/user/firstName\", \"order\": 1, \"title\": \"firstName\", \"dataElementType\": \"string\"}, \"values\": [{\"id\": \"c6b62c10-31e3-4027-b716-785596b35921\", \"key\": \"/user/firstName\", \"type\": \"node\", \"order\": 1, \"title\": \"firstName\", \"children\": [], \"setValue\": null, \"editAllow\": true, \"uiElement\": \"John\", \"isSetValue\": false, \"dataElementType\": \"string\", \"componentConfigId\": \"a9c77c64-0897-4dcc-98e6-f0a1e872fded\", \"componentConfigName\": \"Map\"}], \"mapCondition\": {\"isConditionSet\": false, \"sourceTreeIndex\": [], \"targetTreeIndex\": [], \"mapConditionFormValue\": {}}, \"dataElementType\": \"string\", \"variableSubstitution\": false, \"overwritePipelineValue\": false}]}, {\"/user/lastName\": [{\"type\": \"setValue\", \"order\": 1, \"target\": {\"path\": \"/user/lastName\", \"order\": 1, \"title\": \"lastName\", \"dataElementType\": \"string\"}, \"values\": [{\"id\": \"0f7fbd41-036d-4969-9fde-e90d6c19c401\", \"key\": \"/user/lastName\", \"type\": \"node\", \"order\": 1, \"title\": \"lastName\", \"children\": [], \"setValue\": null, \"editAllow\": true, \"uiElement\": \"Doe\", \"isSetValue\": false, \"dataElementType\": \"string\", \"componentConfigId\": \"a9c77c64-0897-4dcc-98e6-f0a1e872fded\", \"componentConfigName\": \"Map\"}], \"mapCondition\": {\"isConditionSet\": false, \"sourceTreeIndex\": [], \"targetTreeIndex\": [], \"mapConditionFormValue\": {}}, \"dataElementType\": \"string\", \"variableSubstitution\": false, \"overwritePipelineValue\": false}]}, {\"/user/email\": [{\"type\": \"setValue\", \"order\": 1, \"target\": {\"path\": \"/user/email\", \"order\": 1, \"title\": \"email\", \"dataElementType\": \"string\"}, \"values\": [{\"id\": \"b393901b-6422-4bdc-95c5-3dbe8a7b9cfb\", \"key\": \"/user/email\", \"type\": \"node\", \"order\": 1, \"title\": \"email\", \"children\": [], \"setValue\": null, \"editAllow\": true, \"uiElement\": \"jdoe@gmail.com\", \"isSetValue\": false, \"dataElementType\": \"string\", \"componentConfigId\": \"a9c77c64-0897-4dcc-98e6-f0a1e872fded\", \"componentConfigName\": \"Map\"}], \"mapCondition\": {\"isConditionSet\": false, \"sourceTreeIndex\": [], \"targetTreeIndex\": [], \"mapConditionFormValue\": {}}, \"dataElementType\": \"string\", \"variableSubstitution\": false, \"overwritePipelineValue\": false}]}, {\"/value\": [{\"type\": \"setValue\", \"order\": 1, \"target\": {\"path\": \"/value\", \"order\": 1, \"title\": \"value\", \"dataElementType\": \"string\"}, \"values\": [{\"id\": \"bbe35745-6e6b-4804-9bcf-2f793f34f8f3\", \"key\": \"/value\", \"type\": \"node\", \"order\": 1, \"title\": \"value\", \"children\": [], \"setValue\": null, \"editAllow\": true, \"uiElement\": \"<input _ngcontent-ng-c3455819434=\\\"\\\" class=\\\"chip\\\" title=\\\"/HTTPSServerGetOutput/queryParams/userStatus\\\" readonly=\\\"true\\\" disabled=\\\"true\\\" type=\\\"button\\\" value=\\\"userStatus\\\">, <input _ngcontent-ng-c3455819434=\\\"\\\" class=\\\"chip\\\" title=\\\"/HTTPSServerGetOutput/pathParams/userId\\\" readonly=\\\"true\\\" disabled=\\\"true\\\" type=\\\"button\\\" value=\\\"userId\\\">, <input _ngcontent-ng-c3455819434=\\\"\\\" class=\\\"chip\\\" title=\\\"/HTTPSServerGetOutput/headers/x-custom-header\\\" readonly=\\\"true\\\" disabled=\\\"true\\\" type=\\\"button\\\" value=\\\"x-custom-header\\\">\", \"isSetValue\": false, \"dataElementType\": \"string\", \"componentConfigId\": \"a9c77c64-0897-4dcc-98e6-f0a1e872fded\", \"componentConfigName\": \"Map\"}], \"mapCondition\": {\"isConditionSet\": false, \"sourceTreeIndex\": [], \"targetTreeIndex\": [], \"mapConditionFormValue\": {}}, \"dataElementType\": \"string\", \"variableSubstitution\": true, \"overwritePipelineValue\": false}]}], \"tracks\": {}, \"transformer\": []}",
    "null" : false
  },
  "endpoint_structure_json" : {
    "type" : "jsonb",
    "value" : "{\"maps\": []}",
    "null" : false
  },
  "is_error" : false,
  "no_of_errors" : 0,
  "action_input_type" : null,
  "config_service_id" : null,
  "config_imap_id" : null,
  "config_b2b_document_type_id" : null,
  "config_document_id" : null,
  "add_variables" : {
    "type" : "jsonb",
    "value" : "[{\"id\": \"be154af7-9fe5-48a2-a725-219b7e4c9f3b\", \"key\": \"/user\", \"type\": \"node\", \"order\": 1, \"title\": \"user\", \"value\": {\"type\": \"array\"}, \"children\": [{\"id\": \"b4d1b571-e0a2-46d2-9936-ea0435418131\", \"key\": \"/user/firstName\", \"type\": \"node\", \"order\": 1, \"title\": \"firstName\", \"value\": {\"type\": \"string\"}, \"children\": [], \"editAllow\": true, \"dataElementType\": \"string\", \"componentConfigId\": \"a9c77c64-0897-4dcc-98e6-f0a1e872fded\", \"componentConfigName\": \"Map\"}, {\"id\": \"26ab042b-134d-42e5-bcee-c7ac6e159e6e\", \"key\": \"/user/lastName\", \"type\": \"node\", \"order\": 1, \"title\": \"lastName\", \"value\": {\"type\": \"string\"}, \"children\": [], \"editAllow\": true, \"dataElementType\": \"string\", \"componentConfigId\": \"a9c77c64-0897-4dcc-98e6-f0a1e872fded\", \"componentConfigName\": \"Map\"}, {\"id\": \"ef0d638a-cbee-4e56-ae2c-7ebafa3c2f65\", \"key\": \"/user/email\", \"type\": \"node\", \"order\": 1, \"title\": \"email\", \"value\": {\"type\": \"string\"}, \"children\": [], \"editAllow\": true, \"dataElementType\": \"string\", \"componentConfigId\": \"a9c77c64-0897-4dcc-98e6-f0a1e872fded\", \"componentConfigName\": \"Map\"}], \"editAllow\": true, \"dataElementType\": \"document\", \"componentConfigId\": \"a9c77c64-0897-4dcc-98e6-f0a1e872fded\", \"componentConfigName\": \"Map\"}, {\"id\": \"104d0f91-4578-4d43-aef3-ad62f31294e7\", \"key\": \"/value\", \"type\": \"node\", \"order\": 1, \"title\": \"value\", \"value\": {\"type\": \"string\"}, \"children\": [], \"editAllow\": true, \"dataElementType\": \"string\", \"componentConfigId\": \"a9c77c64-0897-4dcc-98e6-f0a1e872fded\", \"componentConfigName\": \"Map\"}]",
    "null" : false
  },
  "drop_variables" : {
    "type" : "jsonb",
    "value" : "[]",
    "null" : false
  },
  "plug_input_structure" : null,
  "plug_output_structure" : null,
  "config_plug_id" : null,
  "override_plug" : false,
  "config_java_service_id" : null,
  "service_tag" : "V27",
  "endpoint_tag" : null,
  "config_service_tag" : "",
  "config_imap_tag" : "",
  "config_b2b_document_type_tag" : "",
  "active" : false,
  "parent_component_config_service_tag" : "V27",
  "service_project_id" : "94afffa5-622e-4445-9e23-5019119fbd0b",
  "service_project_tag" : "V27",
  "config_service_project_id" : null,
  "config_service_project_tag" : "",
  "config_imap_project_id" : null,
  "config_imap_project_tag" : "",
  "config_b2b_document_type_project_id" : null,
  "config_b2b_document_type_project_tag" : "",
  "endpoint_project_id" : null,
  "endpoint_project_tag" : null,
  "config_plug_tag" : null,
  "config_plug_project_id" : null,
  "config_plug_project_tag" : null,
  "config_java_service_tag" : "",
  "config_java_service_project_id" : null,
  "config_java_service_project_tag" : "",
  "disabled" : false,
  "config" : null,
  "config_b2b_document_type_project_mode_id" : "112c1cb8-4b9e-4d1a-a042-0bd031dc7d05",
  "config_imap_project_mode_id" : "112c1cb8-4b9e-4d1a-a042-0bd031dc7d05",
  "config_java_service_project_mode_id" : "112c1cb8-4b9e-4d1a-a042-0bd031dc7d05",
  "config_plug_project_mode_id" : "112c1cb8-4b9e-4d1a-a042-0bd031dc7d05",
  "config_service_project_mode_id" : "112c1cb8-4b9e-4d1a-a042-0bd031dc7d05",
  "endpoint_project_mode_id" : "112c1cb8-4b9e-4d1a-a042-0bd031dc7d05",
  "service_project_mode_id" : "112c1cb8-4b9e-4d1a-a042-0bd031dc7d05",
  "parent_component_config_service_project_mode_id" : "112c1cb8-4b9e-4d1a-a042-0bd031dc7d05",
  "is_audit" : true,
  "keys_with_order" : null
}