{
  "component_config_id" : "ae97b515-e1dc-414c-ad3c-d00bd9886641",
  "endpoint_config_json" : {
    "type" : "jsonb",
    "value" : "{\"crossRef\": [], \"services\": [], \"multistep\": [], \"operations\": []}",
    "null" : false
  },
  "input_config_json" : {
    "type" : "jsonb",
    "value" : "{\"crossRef\": [], \"services\": [], \"multistep\": [], \"operations\": [{\"map\": {\"id\": \"6edaddd5-f7a5-422d-ae64-2b61564b75a6\", \"root\": false, \"type\": \"setValue\", \"cached\": false, \"target\": \"/SMTPSendInput/general/from\", \"mapNull\": false, \"disabled\": false, \"extractXml\": false, \"extractJson\": false, \"targetOrder\": 4.0, \"targetValue\": \"leor.brenman@gmail.com\", \"mapEmptyString\": false, \"targetJavaType\": \"java.lang.String\", \"variableSubstitution\": false}}, {\"map\": {\"id\": \"0e1defd8-fa98-4def-8df1-0d9059f155a0\", \"root\": false, \"type\": \"setValue\", \"cached\": false, \"target\": \"/SMTPSendInput/general/subject\", \"mapNull\": false, \"disabled\": false, \"extractXml\": false, \"extractJson\": false, \"targetOrder\": 5.0, \"targetValue\": \"Amplify Fusion Email Test\", \"mapEmptyString\": false, \"targetJavaType\": \"java.lang.String\", \"variableSubstitution\": false}}, {\"map\": {\"id\": \"1d9de900-e962-4c66-8672-cece34917f85\", \"root\": false, \"type\": \"setValue\", \"cached\": false, \"target\": \"/SMTPSendInput/general/body\", \"mapNull\": false, \"disabled\": false, \"extractXml\": false, \"extractJson\": false, \"targetOrder\": 7.0, \"targetValue\": \"Amplify Fusion Email Test\", \"mapEmptyString\": false, \"targetJavaType\": \"java.lang.String\", \"variableSubstitution\": false}}, {\"map\": {\"id\": \"d0bc608e-7468-4be6-a9f7-cbb33b5a0500\", \"root\": false, \"type\": \"setValue\", \"cached\": false, \"target\": \"/SMTPSendInput/general/to\", \"mapNull\": false, \"disabled\": false, \"extractXml\": false, \"extractJson\": false, \"targetOrder\": 3.0, \"targetValue\": \"devihi9131@dawhe.com\", \"mapEmptyString\": false, \"targetJavaType\": \"java.lang.String\", \"variableSubstitution\": false}}]}",
    "null" : false
  },
  "output_config_json" : {
    "type" : "jsonb",
    "value" : "{\"crossRef\": [], \"services\": [], \"multistep\": [], \"operations\": [{\"map\": {\"id\": \"905e27cb-4246-4df3-841d-b0437f75272d\", \"root\": true, \"type\": \"map\", \"cached\": false, \"source\": \"/SMTPSendOutput\", \"target\": \"/SMTPSendOutput\", \"mapNull\": false, \"disabled\": false, \"extractXml\": false, \"extractJson\": false, \"mapEmptyString\": false}}]}",
    "null" : false
  },
  "component_id" : "bde19364-08a0-478a-b166-29465288da2e",
  "service_id" : "f2c6563e-5fa5-43d1-8fd1-69ea5f8c01c4",
  "endpoint_id" : "9326967d-f05a-46e5-9f3d-12c31cb4c4c6",
  "parent_component_config_id" : null,
  "component_config_order" : 2.0,
  "action_id" : "402e090b-f34c-40a7-979f-9840c2a700bc",
  "name" : null,
  "description" : "",
  "override_endpoint" : false,
  "input_structure_json" : {
    "type" : "jsonb",
    "value" : "{\"maps\": [{\"/SMTPSendInput/general/from\": [{\"type\": \"setValue\", \"target\": {\"path\": \"/SMTPSendInput/general/from\", \"order\": 4, \"title\": \"from\", \"dataElementType\": \"string\"}, \"values\": [{\"id\": \"c8fe82da-07af-4412-b0e9-aa52503dfa6f\", \"key\": \"/SMTPSendInput/general/from\", \"type\": \"string\", \"order\": 4, \"title\": \"from\", \"setValue\": null, \"uiElement\": \"leor.brenman@gmail.com\", \"isSetValue\": false, \"childrenSet\": false, \"hasChildren\": false, \"dataElementType\": \"string\", \"encryption_required\": false}], \"mapCondition\": {\"isConditionSet\": false, \"sourceTreeIndex\": [], \"targetTreeIndex\": [], \"mapConditionFormValue\": {}}, \"variableSubstitution\": false, \"overwritePipelineValue\": false}]}, {\"/SMTPSendInput/general/subject\": [{\"type\": \"setValue\", \"target\": {\"path\": \"/SMTPSendInput/general/subject\", \"order\": 5, \"title\": \"subject\", \"dataElementType\": \"string\"}, \"values\": [{\"id\": \"f07b7427-057d-4e32-916c-8cbb2f1ca898\", \"key\": \"/SMTPSendInput/general/subject\", \"type\": \"string\", \"order\": 5, \"title\": \"subject\", \"setValue\": null, \"uiElement\": \"Amplify Fusion Email Test\", \"isSetValue\": false, \"childrenSet\": false, \"hasChildren\": false, \"dataElementType\": \"string\", \"encryption_required\": false}], \"mapCondition\": {\"isConditionSet\": false, \"sourceTreeIndex\": [], \"targetTreeIndex\": [], \"mapConditionFormValue\": {}}, \"variableSubstitution\": false, \"overwritePipelineValue\": false}]}, {\"/SMTPSendInput/general/body\": [{\"type\": \"setValue\", \"target\": {\"path\": \"/SMTPSendInput/general/body\", \"order\": 7, \"title\": \"body\", \"dataElementType\": \"string\"}, \"values\": [{\"id\": \"ef7983fd-dad6-4002-94a6-599c4930337d\", \"key\": \"/SMTPSendInput/general/body\", \"type\": \"string\", \"order\": 7, \"title\": \"body\", \"setValue\": null, \"uiElement\": \"Amplify Fusion Email Test\", \"isSetValue\": false, \"childrenSet\": false, \"hasChildren\": false, \"dataElementType\": \"string\", \"encryption_required\": false}], \"mapCondition\": {\"isConditionSet\": false, \"sourceTreeIndex\": [], \"targetTreeIndex\": [], \"mapConditionFormValue\": {}}, \"variableSubstitution\": false, \"overwritePipelineValue\": false}]}, {\"/SMTPSendInput/general/to\": [{\"type\": \"setValue\", \"target\": {\"path\": \"/SMTPSendInput/general/to\", \"order\": 3, \"title\": \"to\", \"dataElementType\": \"string\"}, \"values\": [{\"id\": \"2c645017-4f21-4dc9-92d4-f435fcf7aeb3\", \"key\": \"/SMTPSendInput/general/to\", \"type\": \"string\", \"order\": 3, \"title\": \"to\", \"setValue\": null, \"uiElement\": \"devihi9131@dawhe.com\", \"isSetValue\": false, \"childrenSet\": false, \"hasChildren\": false, \"dataElementType\": \"string\", \"encryption_required\": false}], \"mapCondition\": {\"isConditionSet\": false, \"sourceTreeIndex\": [], \"targetTreeIndex\": [], \"mapConditionFormValue\": {}}, \"variableSubstitution\": false, \"overwritePipelineValue\": false}]}], \"mappedNodes\": [\"/SMTPSendOutput\", \"/SMTPSendOutputpipeOut\", \"/SMTPSendInput/general/from actionIn\", \"/SMTPSendInput/general actionIn\", \"/SMTPSendInput actionIn\", \"/SMTPSendInput/general/subject actionIn\", \"/SMTPSendInput/general actionIn\", \"/SMTPSendInput actionIn\", \"/SMTPSendInput/general/body actionIn\", \"/SMTPSendInput/general actionIn\", \"/SMTPSendInput actionIn\", \"/SMTPSendInput/general/to actionIn\", \"/SMTPSendInput/general actionIn\", \"/SMTPSendInput actionIn\"]}",
    "null" : false
  },
  "output_structure_json" : {
    "type" : "jsonb",
    "value" : "{\"maps\": [{\"/SMTPSendOutput\": [{\"type\": \"map\", \"source\": {\"path\": \"/SMTPSendOutput\", \"title\": \"SMTPSendOutput\", \"dataElementType\": \"document\"}, \"target\": {\"path\": \"/SMTPSendOutput\", \"alias\": null, \"order\": null, \"title\": \"SMTPSendOutput\", \"dataElementType\": \"document\"}, \"mapCondition\": {\"mapNull\": null, \"defaultValue\": null, \"isConditionSet\": false, \"mapEmptyString\": null, \"sourceTreeIndex\": [], \"targetTreeIndex\": [], \"mapConditionFormValue\": {\"fields\": null}}}]}], \"tracks\": {}, \"transformer\": []}",
    "null" : false
  },
  "endpoint_structure_json" : {
    "type" : "jsonb",
    "value" : "{\"maps\": []}",
    "null" : false
  },
  "is_error" : false,
  "no_of_errors" : 0,
  "action_input_type" : null,
  "config_service_id" : null,
  "config_imap_id" : null,
  "config_b2b_document_type_id" : null,
  "config_document_id" : null,
  "add_variables" : {
    "type" : "jsonb",
    "value" : "[]",
    "null" : false
  },
  "drop_variables" : {
    "type" : "jsonb",
    "value" : "[]",
    "null" : false
  },
  "plug_input_structure" : null,
  "plug_output_structure" : null,
  "config_plug_id" : null,
  "override_plug" : false,
  "config_java_service_id" : null,
  "service_tag" : "V27",
  "endpoint_tag" : "EMPTY",
  "config_service_tag" : "",
  "config_imap_tag" : "",
  "config_b2b_document_type_tag" : "",
  "active" : false,
  "parent_component_config_service_tag" : "V27",
  "service_project_id" : "94afffa5-622e-4445-9e23-5019119fbd0b",
  "service_project_tag" : "V27",
  "config_service_project_id" : null,
  "config_service_project_tag" : "",
  "config_imap_project_id" : null,
  "config_imap_project_tag" : "",
  "config_b2b_document_type_project_id" : null,
  "config_b2b_document_type_project_tag" : "",
  "endpoint_project_id" : "94afffa5-622e-4445-9e23-5019119fbd0b",
  "endpoint_project_tag" : "EMPTY",
  "config_plug_tag" : null,
  "config_plug_project_id" : null,
  "config_plug_project_tag" : null,
  "config_java_service_tag" : "",
  "config_java_service_project_id" : null,
  "config_java_service_project_tag" : "",
  "disabled" : false,
  "config" : null,
  "config_b2b_document_type_project_mode_id" : "112c1cb8-4b9e-4d1a-a042-0bd031dc7d05",
  "config_imap_project_mode_id" : "112c1cb8-4b9e-4d1a-a042-0bd031dc7d05",
  "config_java_service_project_mode_id" : "112c1cb8-4b9e-4d1a-a042-0bd031dc7d05",
  "config_plug_project_mode_id" : "112c1cb8-4b9e-4d1a-a042-0bd031dc7d05",
  "config_service_project_mode_id" : "112c1cb8-4b9e-4d1a-a042-0bd031dc7d05",
  "endpoint_project_mode_id" : "112c1cb8-4b9e-4d1a-a042-0bd031dc7d05",
  "service_project_mode_id" : "112c1cb8-4b9e-4d1a-a042-0bd031dc7d05",
  "parent_component_config_service_project_mode_id" : "112c1cb8-4b9e-4d1a-a042-0bd031dc7d05",
  "is_audit" : true,
  "keys_with_order" : null
}