{
  "component_config_id" : "c9437bae-885b-4b31-a1c3-7ce57216109c",
  "endpoint_config_json" : {
    "type" : "jsonb",
    "value" : "{\"crossRef\": [], \"services\": [], \"multistep\": [], \"operations\": []}",
    "null" : false
  },
  "input_config_json" : {
    "type" : "jsonb",
    "value" : "{\"crossRef\": [], \"services\": [], \"multistep\": [], \"operations\": [{\"map\": {\"id\": \"2d0d0243-7d48-4837-aa81-a743e0ffe149\", \"root\": false, \"type\": \"map\", \"cached\": false, \"source\": \"/user\", \"target\": \"/HttpResponseInput/body\", \"mapNull\": false, \"disabled\": false, \"extractXml\": false, \"extractJson\": false, \"targetOrder\": 2.0, \"mapEmptyString\": false, \"targetJavaType\": \"java.lang.String\"}}, {\"map\": {\"id\": \"de75345c-a74c-474e-81c0-24961da1e0f7\", \"root\": false, \"type\": \"map\", \"cached\": false, \"source\": \"/value\", \"target\": \"/HttpResponseInput/headers/x-customer-response-header\", \"mapNull\": false, \"disabled\": false, \"extractXml\": false, \"extractJson\": false, \"targetOrder\": 1.0, \"mapEmptyString\": false, \"sourceJavaType\": \"java.lang.String\", \"targetJavaType\": \"java.lang.String\"}}, {\"map\": {\"id\": \"f5abedaa-c663-4dd6-ba33-d9dd0652dd23\", \"root\": false, \"type\": \"setValue\", \"cached\": false, \"target\": \"/HttpResponseInput/status\", \"mapNull\": false, \"disabled\": false, \"extractXml\": false, \"extractJson\": false, \"targetOrder\": 5.0, \"targetValue\": \"200\", \"mapEmptyString\": false, \"targetJavaType\": \"java.lang.Integer\", \"variableSubstitution\": false}}, {\"map\": {\"id\": \"4c066e33-ae70-4a9e-a22d-72aa6ba30c15\", \"root\": false, \"type\": \"setValue\", \"cached\": false, \"target\": \"/HttpResponseInput/headers/Content-Type\", \"mapNull\": false, \"disabled\": false, \"extractXml\": false, \"extractJson\": false, \"targetOrder\": 4.0, \"targetValue\": \"application/json\", \"mapEmptyString\": false, \"targetJavaType\": \"java.lang.String\", \"variableSubstitution\": false}}]}",
    "null" : false
  },
  "output_config_json" : {
    "type" : "jsonb",
    "value" : "{\"crossRef\": [], \"services\": [], \"multistep\": [], \"operations\": []}",
    "null" : false
  },
  "component_id" : "6116e8c7-9c67-4086-a4e5-5b0fa60d9070",
  "service_id" : "00cdf69d-d5c3-4078-a322-35c5b426a46b",
  "endpoint_id" : "d8c551ec-89e0-4781-91b7-9bd86dbaa9bf",
  "parent_component_config_id" : null,
  "component_config_order" : 1.0,
  "action_id" : "3c8179e3-0fd6-4fcb-a638-2417e4ca6eb8",
  "name" : "",
  "description" : "",
  "override_endpoint" : false,
  "input_structure_json" : {
    "type" : "jsonb",
    "value" : "{\"maps\": [{\"/HttpResponseInput/status\": [{\"type\": \"setValue\", \"target\": {\"path\": \"/HttpResponseInput/status\", \"order\": 5, \"title\": \"status\", \"dataElementType\": \"integer\"}, \"values\": [{\"id\": \"b5771855-3659-4a46-814f-88ba89cdb560\", \"key\": \"/HttpResponseInput/status\", \"type\": \"integer\", \"order\": 5, \"title\": \"status\", \"isLeaf\": true, \"children\": [], \"setValue\": null, \"uiElement\": \"200\", \"isSetValue\": false, \"dataElementType\": \"integer\"}], \"mapCondition\": {\"isConditionSet\": false, \"sourceTreeIndex\": [], \"targetTreeIndex\": [], \"mapConditionFormValue\": {}}, \"variableSubstitution\": false, \"overwritePipelineValue\": false}]}, {\"/HttpResponseInput/body\": [{\"type\": \"map\", \"source\": {\"path\": \"/user\", \"title\": \"user\", \"dataElementType\": \"document\"}, \"target\": {\"path\": \"/HttpResponseInput/body\", \"order\": 2, \"title\": \"body\", \"dataElementType\": \"string\"}, \"mapCondition\": {\"isConditionSet\": false, \"sourceTreeIndex\": [], \"targetTreeIndex\": [], \"mapConditionFormValue\": {}}}]}, {\"/HttpResponseInput/headers/Content-Type\": [{\"type\": \"setValue\", \"target\": {\"path\": \"/HttpResponseInput/headers/Content-Type\", \"order\": 4, \"title\": \"Content-Type\", \"dataElementType\": \"string\"}, \"values\": [{\"id\": \"f88e0b0e-7300-4fe6-b525-365ad100d4a5\", \"key\": \"/HttpResponseInput/headers/Content-Type\", \"type\": \"string\", \"order\": 4, \"title\": \"Content-Type\", \"isLeaf\": true, \"children\": [], \"setValue\": null, \"uiElement\": \"application/json\", \"isSetValue\": false, \"dataElementType\": \"string\"}], \"mapCondition\": {\"isConditionSet\": false, \"sourceTreeIndex\": [], \"targetTreeIndex\": [], \"mapConditionFormValue\": {}}, \"variableSubstitution\": false, \"overwritePipelineValue\": false}]}, {\"/HttpResponseInput/headers/x-customer-response-header\": [{\"type\": \"map\", \"source\": {\"path\": \"/value\", \"title\": \"value\", \"dataElementType\": \"string\"}, \"target\": {\"path\": \"/HttpResponseInput/headers/x-customer-response-header\", \"order\": 1, \"title\": \"x-customer-response-header\", \"dataElementType\": \"string\"}, \"mapCondition\": {\"isConditionSet\": false, \"sourceTreeIndex\": [], \"targetTreeIndex\": [], \"mapConditionFormValue\": {}}}]}], \"mappedNodes\": [\"/HttpResponseInput/status actionIn\", \"/HttpResponseInput actionIn\", \"/user pipeIn\", \"/HttpResponseInput/body actionIn\", \"/HttpResponseInput/headers/Content-Type actionIn\", \"/HttpResponseInput/headers actionIn\", \"/HttpResponseInput actionIn\", \"/value pipeIn\", \"/HttpResponseInput/headers/x-customer-response-header actionIn\"], \"addVariables\": [{\"id\": \"33274b4a-45a7-4a26-baf7-b44a697cc42c\", \"key\": \"/HttpResponseInput/headers/x-customer-response-header\", \"type\": \"node\", \"order\": 1, \"title\": \"x-customer-response-header\", \"value\": {\"type\": \"string\"}, \"children\": [], \"editAllow\": true, \"componentName\": \"\", \"dataElementType\": \"string\", \"componentConfigId\": \"c9437bae-885b-4b31-a1c3-7ce57216109c\", \"componentConfigName\": \"HTTPSServer\"}]}",
    "null" : false
  },
  "output_structure_json" : {
    "type" : "jsonb",
    "value" : "{\"maps\": [], \"tracks\": {}, \"transformer\": []}",
    "null" : false
  },
  "endpoint_structure_json" : {
    "type" : "jsonb",
    "value" : "{\"maps\": []}",
    "null" : false
  },
  "is_error" : false,
  "no_of_errors" : 0,
  "action_input_type" : null,
  "config_service_id" : null,
  "config_imap_id" : null,
  "config_b2b_document_type_id" : null,
  "config_document_id" : null,
  "add_variables" : {
    "type" : "jsonb",
    "value" : "[{\"id\": \"55897425-2564-48ef-80ac-f23dadf9f51e\", \"key\": \"/HTTPSServerGetOutput\", \"type\": \"object\", \"title\": \"HTTPSServerGetOutput\", \"children\": [{\"id\": \"7addccdd-6126-46e0-80b2-2e1cd3947743\", \"key\": \"/HTTPSServerGetOutput/pathParams\", \"type\": \"object\", \"title\": \"pathParams\", \"children\": [{\"key\": \"/HTTPSServerGetOutput/pathParams/userId\", \"type\": \"node\", \"order\": 1.0, \"title\": \"userId\", \"children\": [], \"editAllow\": false, \"childrenSet\": false, \"hasChildren\": false, \"dataElementType\": \"string\", \"encryption_required\": false}], \"editAllow\": false, \"childrenSet\": false, \"hasChildren\": true, \"dataElementType\": \"document\", \"encryption_required\": false}, {\"id\": \"43ecf4e6-f05f-4356-b727-90b0188d4820\", \"key\": \"/HTTPSServerGetOutput/queryParams\", \"type\": \"object\", \"title\": \"queryParams\", \"children\": [{\"key\": \"/HTTPSServerGetOutput/queryParams/userStatus\", \"type\": \"node\", \"order\": 1.0, \"title\": \"userStatus\", \"children\": [], \"editAllow\": false, \"childrenSet\": false, \"hasChildren\": false, \"dataElementType\": \"string\", \"encryption_required\": false}], \"editAllow\": false, \"childrenSet\": false, \"hasChildren\": true, \"dataElementType\": \"document\", \"encryption_required\": false}, {\"id\": \"34ef2afc-9465-48ab-9148-6cdc15085e5f\", \"key\": \"/HTTPSServerGetOutput/headers\", \"type\": \"object\", \"title\": \"headers\", \"children\": [{\"key\": \"/HTTPSServerGetOutput/headers/x-custom-header\", \"type\": \"node\", \"order\": 1.0, \"title\": \"x-custom-header\", \"children\": [], \"editAllow\": false, \"childrenSet\": false, \"hasChildren\": false, \"dataElementType\": \"string\", \"encryption_required\": false}], \"editAllow\": false, \"childrenSet\": false, \"hasChildren\": true, \"dataElementType\": \"document\", \"encryption_required\": false}], \"editAllow\": false, \"childrenSet\": false, \"hasChildren\": true, \"dataElementType\": \"document\", \"encryption_required\": false}]",
    "null" : false
  },
  "drop_variables" : {
    "type" : "jsonb",
    "value" : "[]",
    "null" : false
  },
  "plug_input_structure" : null,
  "plug_output_structure" : null,
  "config_plug_id" : null,
  "override_plug" : false,
  "config_java_service_id" : null,
  "service_tag" : "V27",
  "endpoint_tag" : "EMPTY",
  "config_service_tag" : "",
  "config_imap_tag" : "",
  "config_b2b_document_type_tag" : "",
  "active" : false,
  "parent_component_config_service_tag" : "V27",
  "service_project_id" : "94afffa5-622e-4445-9e23-5019119fbd0b",
  "service_project_tag" : "V27",
  "config_service_project_id" : null,
  "config_service_project_tag" : "",
  "config_imap_project_id" : null,
  "config_imap_project_tag" : "",
  "config_b2b_document_type_project_id" : null,
  "config_b2b_document_type_project_tag" : "",
  "endpoint_project_id" : "94afffa5-622e-4445-9e23-5019119fbd0b",
  "endpoint_project_tag" : "EMPTY",
  "config_plug_tag" : null,
  "config_plug_project_id" : null,
  "config_plug_project_tag" : null,
  "config_java_service_tag" : "",
  "config_java_service_project_id" : null,
  "config_java_service_project_tag" : "",
  "disabled" : false,
  "config" : {
    "type" : "json",
    "value" : "{\"resourceParams\":[{\"type\":\"resourceParams\",\"id\":\"bedaf59d-567a-4c93-a7d2-a5db47002c55\",\"value\":\"user\",\"order\":6}],\"pathListParams\":[{\"type\":\"pathListParams\",\"id\":\"e1592019-aaac-4505-a347-55da54fe5449\",\"value\":\"userId\",\"order\":7}],\"queryParams\":[\"userStatus\"],\"headers\":[\"x-custom-header\"],\"url\":\"https://axway-marketplace-design.prod.integration.us.axway.com:9443/user/{userId}?userStatus=\",\"resourcePath\":\"/user/{userId}?userStatus=\",\"body\":null,\"status\":null,\"isAsync\":null,\"contentType\":null,\"pathParams\":[\"userId\"]}",
    "null" : false
  },
  "config_b2b_document_type_project_mode_id" : "112c1cb8-4b9e-4d1a-a042-0bd031dc7d05",
  "config_imap_project_mode_id" : "112c1cb8-4b9e-4d1a-a042-0bd031dc7d05",
  "config_java_service_project_mode_id" : "112c1cb8-4b9e-4d1a-a042-0bd031dc7d05",
  "config_plug_project_mode_id" : "112c1cb8-4b9e-4d1a-a042-0bd031dc7d05",
  "config_service_project_mode_id" : "112c1cb8-4b9e-4d1a-a042-0bd031dc7d05",
  "endpoint_project_mode_id" : "112c1cb8-4b9e-4d1a-a042-0bd031dc7d05",
  "service_project_mode_id" : "112c1cb8-4b9e-4d1a-a042-0bd031dc7d05",
  "parent_component_config_service_project_mode_id" : "112c1cb8-4b9e-4d1a-a042-0bd031dc7d05",
  "is_audit" : true,
  "keys_with_order" : null
}