{
  "component_config_id" : "ca33f776-47e0-4e93-92c8-7f80345323dc",
  "endpoint_config_json" : {
    "type" : "jsonb",
    "value" : "{\"crossRef\": [], \"services\": [], \"multistep\": [], \"operations\": []}",
    "null" : false
  },
  "input_config_json" : {
    "type" : "jsonb",
    "value" : "{\"crossRef\": [], \"services\": [], \"multistep\": [], \"operations\": []}",
    "null" : false
  },
  "output_config_json" : {
    "type" : "jsonb",
    "value" : "{\"crossRef\": [], \"services\": [], \"multistep\": [], \"operations\": [{\"transformer\": {\"id\": \"4c6c9ba2-a279-4108-9a1f-b056c46defbb\", \"name\": \"STRING_MULTIPLE_CONCAT\", \"type\": \"String\", \"query\": null, \"inputs\": [{\"id\": \"57372379-67e7-4cc9-a76e-f5468bca1ec6\", \"root\": false, \"type\": \"list\", \"cached\": false, \"source\": \"/Names[]\", \"target\": \"/STRING_MULTIPLE_CONCAT_INPUT/inStringList[]\", \"mapNull\": false, \"disabled\": false, \"extractXml\": false, \"extractJson\": false, \"mapEmptyString\": false, \"sourceJavaType\": \"java.lang.String\", \"targetJavaType\": \"java.lang.String\"}, {\"id\": \"dd49cf21-99da-4bde-9413-a3a761d6b709\", \"root\": false, \"type\": \"setValue\", \"cached\": false, \"target\": \"/STRING_MULTIPLE_CONCAT_INPUT/delimiter\", \"mapNull\": false, \"disabled\": false, \"extractXml\": false, \"extractJson\": false, \"targetValue\": \",\", \"mapEmptyString\": false, \"targetJavaType\": \"java.lang.String\", \"variableSubstitution\": false}], \"outputs\": [{\"id\": \"03e3cb8b-edda-44dd-a333-696051f029c0\", \"root\": false, \"type\": \"map\", \"cached\": false, \"source\": \"/STRING_MULTIPLE_CONCAT_OUTPUT/outString\", \"target\": \"/NamesString\", \"mapNull\": false, \"disabled\": false, \"extractXml\": false, \"extractJson\": false, \"targetOrder\": 1.0, \"mapEmptyString\": false, \"sourceJavaType\": \"java.lang.String\", \"targetJavaType\": \"java.lang.String\"}], \"tableId\": null, \"configId\": null, \"disabled\": false, \"serviceId\": null, \"expression\": null}}]}",
    "null" : false
  },
  "component_id" : "8ac5fe03-27a2-4e6a-a449-6a8893818223",
  "service_id" : "2734ed1b-9c00-4c27-a236-3bcd3c9b6046",
  "endpoint_id" : null,
  "parent_component_config_id" : null,
  "component_config_order" : 5.0,
  "action_id" : "06843b78-eab0-45da-afab-8c8277d7553f",
  "name" : null,
  "description" : "",
  "override_endpoint" : false,
  "input_structure_json" : {
    "type" : "jsonb",
    "value" : "{\"maps\": [], \"mappedNodes\": [\"/Names[] pipeIn\", \"/STRING_MULTIPLE_CONCAT_INPUT/inStringList[]0\", \"/STRING_MULTIPLE_CONCAT_INPUT/delimiter\", \"/STRING_MULTIPLE_CONCAT_INPUT\", \"/STRING_MULTIPLE_CONCAT_OUTPUT/outString0\", \"/NamesStringpipeOut\"]}",
    "null" : false
  },
  "output_structure_json" : {
    "type" : "jsonb",
    "value" : "{\"maps\": [], \"transformer\": [{\"inputs\": {\"/STRING_MULTIPLE_CONCAT_INPUT/delimiter\": [{\"type\": \"setValue\", \"target\": {\"path\": \"/STRING_MULTIPLE_CONCAT_INPUT/delimiter\", \"order\": \"\", \"title\": \"delimiter\", \"dataElementType\": \"string\"}, \"values\": [{\"id\": \"e13db935-9bec-4606-ba0e-4416f88e970a\", \"key\": \"/STRING_MULTIPLE_CONCAT_INPUT/delimiter\", \"type\": \"string\", \"title\": \"delimiter\", \"isLeaf\": false, \"secret\": false, \"children\": [], \"setValue\": null, \"uiElement\": \",\", \"isSetValue\": false, \"dataElementType\": \"string\"}], \"mapCondition\": {\"isConditionSet\": false, \"sourceTreeIndex\": [], \"targetTreeIndex\": [], \"mapConditionFormValue\": {}}, \"variableSubstitution\": false, \"overwritePipelineValue\": false}], \"/STRING_MULTIPLE_CONCAT_INPUT/inStringList[]\": [{\"type\": \"list\", \"source\": {\"path\": \"/Names[]\", \"title\": \"Names\", \"dataElementType\": \"stringArray\"}, \"target\": {\"path\": \"/STRING_MULTIPLE_CONCAT_INPUT/inStringList[]\", \"title\": \"inStringList\", \"dataElementType\": \"stringArray\"}, \"mapCondition\": {\"isConditionSet\": false, \"sourceTreeIndex\": [{\"key\": 1, \"title\": \"Names[]\", \"isLeaf\": false, \"isArray\": true, \"parentKey\": 0, \"arrayIndex\": null}], \"targetTreeIndex\": [{\"key\": 1, \"title\": \"STRING_MULTIPLE_CONCAT_INPUT\", \"isLeaf\": false, \"isArray\": false, \"children\": [{\"key\": 2, \"title\": \"inStringList\", \"isLeaf\": false, \"isArray\": true, \"parentKey\": 1, \"arrayIndex\": null}], \"parentKey\": 0}], \"mapConditionFormValue\": {}}}]}, \"outputs\": {\"/NamesString\": [{\"type\": \"map\", \"source\": {\"path\": \"/STRING_MULTIPLE_CONCAT_OUTPUT/outString\", \"title\": \"outString\", \"dataElementType\": \"string\"}, \"target\": {\"path\": \"/NamesString\", \"order\": 1, \"title\": \"NamesString\", \"dataElementType\": \"string\"}, \"mapCondition\": {\"isConditionSet\": false, \"sourceTreeIndex\": [], \"targetTreeIndex\": [], \"mapConditionFormValue\": {}}}]}, \"functionInfo\": {\"id\": \"c9bdfebb-8b11-4357-86b7-64acea28e458\", \"name\": \"MultipleConcat\", \"category\": {\"id\": \"7e335ebf-c122-41de-a87f-8e4cb8f39ff6\"}, \"internalName\": \"STRING_MULTIPLE_CONCAT\"}}]}",
    "null" : false
  },
  "endpoint_structure_json" : {
    "type" : "jsonb",
    "value" : "{\"maps\": []}",
    "null" : false
  },
  "is_error" : false,
  "no_of_errors" : 0,
  "action_input_type" : null,
  "config_service_id" : null,
  "config_imap_id" : null,
  "config_b2b_document_type_id" : null,
  "config_document_id" : null,
  "add_variables" : {
    "type" : "jsonb",
    "value" : "[{\"id\": \"cc0d9ab5-2cab-433e-8e80-95cb9aad5ed1\", \"key\": \"/NamesString\", \"type\": \"node\", \"order\": 1, \"title\": \"NamesString\", \"value\": {\"type\": \"string\"}, \"children\": [], \"editAllow\": true, \"dataElementType\": \"string\", \"componentConfigId\": \"ca33f776-47e0-4e93-92c8-7f80345323dc\", \"componentConfigName\": \"Map\"}]",
    "null" : false
  },
  "drop_variables" : {
    "type" : "jsonb",
    "value" : "[]",
    "null" : false
  },
  "plug_input_structure" : null,
  "plug_output_structure" : null,
  "config_plug_id" : null,
  "override_plug" : false,
  "config_java_service_id" : null,
  "service_tag" : "V27",
  "endpoint_tag" : "EMPTY",
  "config_service_tag" : "EMPTY",
  "config_imap_tag" : "EMPTY",
  "config_b2b_document_type_tag" : "EMPTY",
  "active" : false,
  "parent_component_config_service_tag" : "V27",
  "service_project_id" : "94afffa5-622e-4445-9e23-5019119fbd0b",
  "service_project_tag" : "V27",
  "config_service_project_id" : null,
  "config_service_project_tag" : "EMPTY",
  "config_imap_project_id" : null,
  "config_imap_project_tag" : "EMPTY",
  "config_b2b_document_type_project_id" : null,
  "config_b2b_document_type_project_tag" : "EMPTY",
  "endpoint_project_id" : null,
  "endpoint_project_tag" : "EMPTY",
  "config_plug_tag" : "EMPTY",
  "config_plug_project_id" : null,
  "config_plug_project_tag" : "EMPTY",
  "config_java_service_tag" : "EMPTY",
  "config_java_service_project_id" : null,
  "config_java_service_project_tag" : "EMPTY",
  "disabled" : false,
  "config" : null,
  "config_b2b_document_type_project_mode_id" : "112c1cb8-4b9e-4d1a-a042-0bd031dc7d05",
  "config_imap_project_mode_id" : "112c1cb8-4b9e-4d1a-a042-0bd031dc7d05",
  "config_java_service_project_mode_id" : "112c1cb8-4b9e-4d1a-a042-0bd031dc7d05",
  "config_plug_project_mode_id" : "112c1cb8-4b9e-4d1a-a042-0bd031dc7d05",
  "config_service_project_mode_id" : "112c1cb8-4b9e-4d1a-a042-0bd031dc7d05",
  "endpoint_project_mode_id" : "112c1cb8-4b9e-4d1a-a042-0bd031dc7d05",
  "service_project_mode_id" : "112c1cb8-4b9e-4d1a-a042-0bd031dc7d05",
  "parent_component_config_service_project_mode_id" : "112c1cb8-4b9e-4d1a-a042-0bd031dc7d05",
  "is_audit" : true,
  "keys_with_order" : null
}