{
  "component_config_id" : "f86aa075-063c-4473-b00d-66ddf161b548",
  "endpoint_config_json" : {
    "type" : "jsonb",
    "value" : "{\"crossRef\": [], \"services\": [], \"multistep\": [], \"operations\": []}",
    "null" : false
  },
  "input_config_json" : {
    "type" : "jsonb",
    "value" : "{\"crossRef\": [], \"services\": [], \"multistep\": [], \"operations\": [{\"map\": {\"id\": \"e4cca465-781f-42a9-aa6a-4003b73d612b\", \"root\": false, \"type\": \"list\", \"cached\": false, \"source\": \"/AList[]/firstname\", \"target\": \"/postgres_employee2_insertInput/insert[]/first_name\", \"mapNull\": false, \"disabled\": false, \"extractXml\": false, \"extractJson\": false, \"targetOrder\": 3.0, \"mapEmptyString\": false, \"sourceJavaType\": \"java.lang.String\", \"targetJavaType\": \"java.lang.String\"}}, {\"map\": {\"id\": \"bee4a528-473f-4149-86eb-b135c70a14ea\", \"root\": false, \"type\": \"list\", \"cached\": false, \"source\": \"/AList[]/lastname\", \"target\": \"/postgres_employee2_insertInput/insert[]/last_name\", \"mapNull\": false, \"disabled\": false, \"extractXml\": false, \"extractJson\": false, \"targetOrder\": 4.0, \"mapEmptyString\": false, \"sourceJavaType\": \"java.lang.String\", \"targetJavaType\": \"java.lang.String\"}}, {\"map\": {\"id\": \"77c4508a-5afb-462e-9f59-3f23a57fb22e\", \"root\": false, \"type\": \"list\", \"cached\": false, \"source\": \"/AList[]/email\", \"target\": \"/postgres_employee2_insertInput/insert[]/email\", \"mapNull\": false, \"disabled\": false, \"extractXml\": false, \"extractJson\": false, \"targetOrder\": 5.0, \"mapEmptyString\": false, \"sourceJavaType\": \"java.lang.String\", \"targetJavaType\": \"java.lang.String\"}}, {\"map\": {\"id\": \"74afa229-49dd-463e-9555-b75fb6413a45\", \"root\": false, \"type\": \"list\", \"cached\": false, \"source\": \"/AList[]/gender\", \"target\": \"/postgres_employee2_insertInput/insert[]/gender\", \"mapNull\": false, \"disabled\": false, \"extractXml\": false, \"extractJson\": false, \"targetOrder\": 6.0, \"mapEmptyString\": false, \"sourceJavaType\": \"java.lang.String\", \"targetJavaType\": \"java.lang.String\"}}, {\"map\": {\"id\": \"44547669-54e3-4997-b79c-a228f527b2b7\", \"root\": false, \"type\": \"list\", \"cached\": false, \"source\": \"/AList[]/jobtitle\", \"target\": \"/postgres_employee2_insertInput/insert[]/job_title\", \"mapNull\": false, \"disabled\": false, \"extractXml\": false, \"extractJson\": false, \"targetOrder\": 7.0, \"mapEmptyString\": false, \"sourceJavaType\": \"java.lang.String\", \"targetJavaType\": \"java.lang.String\"}}, {\"map\": {\"id\": \"bdbf968d-09bc-4bde-bb69-068040458c79\", \"root\": false, \"type\": \"list\", \"cached\": false, \"source\": \"/AList[]/state\", \"target\": \"/postgres_employee2_insertInput/insert[]/state\", \"mapNull\": false, \"disabled\": false, \"extractXml\": false, \"extractJson\": false, \"targetOrder\": 8.0, \"mapEmptyString\": false, \"sourceJavaType\": \"java.lang.String\", \"targetJavaType\": \"java.lang.String\"}}, {\"map\": {\"id\": \"f4a804fe-65a5-458d-86bd-3d095c4119e7\", \"root\": false, \"type\": \"list\", \"cached\": false, \"source\": \"/AList[]/city\", \"target\": \"/postgres_employee2_insertInput/insert[]/city\", \"mapNull\": false, \"disabled\": false, \"extractXml\": false, \"extractJson\": false, \"targetOrder\": 9.0, \"mapEmptyString\": false, \"sourceJavaType\": \"java.lang.String\", \"targetJavaType\": \"java.lang.String\"}}]}",
    "null" : false
  },
  "output_config_json" : {
    "type" : "jsonb",
    "value" : "{\"crossRef\": [], \"services\": [], \"multistep\": [], \"operations\": [{\"map\": {\"id\": \"ab72363c-3327-463a-adb0-57754c38613f\", \"root\": true, \"type\": \"map\", \"cached\": false, \"source\": \"/postgres_employee2_insertOutput\", \"target\": \"/postgres_employee2_insertOutput\", \"mapNull\": false, \"disabled\": false, \"extractXml\": false, \"extractJson\": false, \"targetOrder\": 1.0, \"mapEmptyString\": false}}]}",
    "null" : false
  },
  "component_id" : "dc16ccf6-67f4-4135-95ca-42e055af53c4",
  "service_id" : "230d12c4-4148-4ca7-aa9f-44f7e937c127",
  "endpoint_id" : "1e8d07f9-a7d4-4f73-852d-51303ea74a6d",
  "parent_component_config_id" : "07c37677-a3af-4369-a47e-3411f97592e5",
  "component_config_order" : 2.0,
  "action_id" : "6cdeb30f-78b6-4b81-a7c0-661b2a023904",
  "name" : null,
  "description" : "",
  "override_endpoint" : false,
  "input_structure_json" : {
    "type" : "jsonb",
    "value" : "{\"maps\": [{\"/postgres_employee2_insertInput/insert[]/first_name\": [{\"type\": \"list\", \"source\": {\"path\": \"/AList[]/firstname\", \"title\": \"firstname\", \"dataElementType\": \"string\"}, \"target\": {\"path\": \"/postgres_employee2_insertInput/insert[]/first_name\", \"order\": 3, \"title\": \"first_name\", \"dataElementType\": \"string\"}, \"mapCondition\": {\"isConditionSet\": false, \"sourceTreeIndex\": [{\"key\": 1, \"title\": \"AList\", \"isLeaf\": false, \"isArray\": true, \"children\": [{\"key\": 2, \"title\": \"firstname\", \"isLeaf\": false, \"isArray\": false, \"parentKey\": 1}], \"parentKey\": 0, \"arrayIndex\": null}], \"targetTreeIndex\": [{\"key\": 1, \"title\": \"postgres_employee2_insertInput\", \"isLeaf\": false, \"isArray\": false, \"children\": [{\"key\": 2, \"title\": \"insert\", \"isLeaf\": false, \"isArray\": true, \"children\": [{\"key\": 3, \"title\": \"first_name\", \"isLeaf\": false, \"isArray\": false, \"parentKey\": 2}], \"parentKey\": 1, \"arrayIndex\": null}], \"parentKey\": 0}], \"mapConditionFormValue\": {}}}]}, {\"/postgres_employee2_insertInput/insert[]/last_name\": [{\"type\": \"list\", \"source\": {\"path\": \"/AList[]/lastname\", \"title\": \"lastname\", \"dataElementType\": \"string\"}, \"target\": {\"path\": \"/postgres_employee2_insertInput/insert[]/last_name\", \"order\": 4, \"title\": \"last_name\", \"dataElementType\": \"string\"}, \"mapCondition\": {\"isConditionSet\": false, \"sourceTreeIndex\": [{\"key\": 1, \"title\": \"AList\", \"isLeaf\": false, \"isArray\": true, \"children\": [{\"key\": 2, \"title\": \"lastname\", \"isLeaf\": false, \"isArray\": false, \"parentKey\": 1}], \"parentKey\": 0, \"arrayIndex\": null}], \"targetTreeIndex\": [{\"key\": 1, \"title\": \"postgres_employee2_insertInput\", \"isLeaf\": false, \"isArray\": false, \"children\": [{\"key\": 2, \"title\": \"insert\", \"isLeaf\": false, \"isArray\": true, \"children\": [{\"key\": 3, \"title\": \"last_name\", \"isLeaf\": false, \"isArray\": false, \"parentKey\": 2}], \"parentKey\": 1, \"arrayIndex\": null}], \"parentKey\": 0}], \"mapConditionFormValue\": {}}}]}, {\"/postgres_employee2_insertInput/insert[]/email\": [{\"type\": \"list\", \"source\": {\"path\": \"/AList[]/email\", \"title\": \"email\", \"dataElementType\": \"string\"}, \"target\": {\"path\": \"/postgres_employee2_insertInput/insert[]/email\", \"order\": 5, \"title\": \"email\", \"dataElementType\": \"string\"}, \"mapCondition\": {\"isConditionSet\": false, \"sourceTreeIndex\": [{\"key\": 1, \"title\": \"AList\", \"isLeaf\": false, \"isArray\": true, \"children\": [{\"key\": 2, \"title\": \"email\", \"isLeaf\": false, \"isArray\": false, \"parentKey\": 1}], \"parentKey\": 0, \"arrayIndex\": null}], \"targetTreeIndex\": [{\"key\": 1, \"title\": \"postgres_employee2_insertInput\", \"isLeaf\": false, \"isArray\": false, \"children\": [{\"key\": 2, \"title\": \"insert\", \"isLeaf\": false, \"isArray\": true, \"children\": [{\"key\": 3, \"title\": \"email\", \"isLeaf\": false, \"isArray\": false, \"parentKey\": 2}], \"parentKey\": 1, \"arrayIndex\": null}], \"parentKey\": 0}], \"mapConditionFormValue\": {}}}]}, {\"/postgres_employee2_insertInput/insert[]/gender\": [{\"type\": \"list\", \"source\": {\"path\": \"/AList[]/gender\", \"title\": \"gender\", \"dataElementType\": \"string\"}, \"target\": {\"path\": \"/postgres_employee2_insertInput/insert[]/gender\", \"order\": 6, \"title\": \"gender\", \"dataElementType\": \"string\"}, \"mapCondition\": {\"isConditionSet\": false, \"sourceTreeIndex\": [{\"key\": 1, \"title\": \"AList\", \"isLeaf\": false, \"isArray\": true, \"children\": [{\"key\": 2, \"title\": \"gender\", \"isLeaf\": false, \"isArray\": false, \"parentKey\": 1}], \"parentKey\": 0, \"arrayIndex\": null}], \"targetTreeIndex\": [{\"key\": 1, \"title\": \"postgres_employee2_insertInput\", \"isLeaf\": false, \"isArray\": false, \"children\": [{\"key\": 2, \"title\": \"insert\", \"isLeaf\": false, \"isArray\": true, \"children\": [{\"key\": 3, \"title\": \"gender\", \"isLeaf\": false, \"isArray\": false, \"parentKey\": 2}], \"parentKey\": 1, \"arrayIndex\": null}], \"parentKey\": 0}], \"mapConditionFormValue\": {}}}]}, {\"/postgres_employee2_insertInput/insert[]/job_title\": [{\"type\": \"list\", \"source\": {\"path\": \"/AList[]/jobtitle\", \"title\": \"jobtitle\", \"dataElementType\": \"string\"}, \"target\": {\"path\": \"/postgres_employee2_insertInput/insert[]/job_title\", \"order\": 7, \"title\": \"job_title\", \"dataElementType\": \"string\"}, \"mapCondition\": {\"isConditionSet\": false, \"sourceTreeIndex\": [{\"key\": 1, \"title\": \"AList\", \"isLeaf\": false, \"isArray\": true, \"children\": [{\"key\": 2, \"title\": \"jobtitle\", \"isLeaf\": false, \"isArray\": false, \"parentKey\": 1}], \"parentKey\": 0, \"arrayIndex\": null}], \"targetTreeIndex\": [{\"key\": 1, \"title\": \"postgres_employee2_insertInput\", \"isLeaf\": false, \"isArray\": false, \"children\": [{\"key\": 2, \"title\": \"insert\", \"isLeaf\": false, \"isArray\": true, \"children\": [{\"key\": 3, \"title\": \"job_title\", \"isLeaf\": false, \"isArray\": false, \"parentKey\": 2}], \"parentKey\": 1, \"arrayIndex\": null}], \"parentKey\": 0}], \"mapConditionFormValue\": {}}}]}, {\"/postgres_employee2_insertInput/insert[]/state\": [{\"type\": \"list\", \"source\": {\"path\": \"/AList[]/state\", \"title\": \"state\", \"dataElementType\": \"string\"}, \"target\": {\"path\": \"/postgres_employee2_insertInput/insert[]/state\", \"order\": 8, \"title\": \"state\", \"dataElementType\": \"string\"}, \"mapCondition\": {\"isConditionSet\": false, \"sourceTreeIndex\": [{\"key\": 1, \"title\": \"AList\", \"isLeaf\": false, \"isArray\": true, \"children\": [{\"key\": 2, \"title\": \"state\", \"isLeaf\": false, \"isArray\": false, \"parentKey\": 1}], \"parentKey\": 0, \"arrayIndex\": null}], \"targetTreeIndex\": [{\"key\": 1, \"title\": \"postgres_employee2_insertInput\", \"isLeaf\": false, \"isArray\": false, \"children\": [{\"key\": 2, \"title\": \"insert\", \"isLeaf\": false, \"isArray\": true, \"children\": [{\"key\": 3, \"title\": \"state\", \"isLeaf\": false, \"isArray\": false, \"parentKey\": 2}], \"parentKey\": 1, \"arrayIndex\": null}], \"parentKey\": 0}], \"mapConditionFormValue\": {}}}]}, {\"/postgres_employee2_insertInput/insert[]/city\": [{\"type\": \"list\", \"source\": {\"path\": \"/AList[]/city\", \"title\": \"city\", \"dataElementType\": \"string\"}, \"target\": {\"path\": \"/postgres_employee2_insertInput/insert[]/city\", \"order\": 9, \"title\": \"city\", \"dataElementType\": \"string\"}, \"mapCondition\": {\"isConditionSet\": false, \"sourceTreeIndex\": [{\"key\": 1, \"title\": \"AList\", \"isLeaf\": false, \"isArray\": true, \"children\": [{\"key\": 2, \"title\": \"city\", \"isLeaf\": false, \"isArray\": false, \"parentKey\": 1}], \"parentKey\": 0, \"arrayIndex\": null}], \"targetTreeIndex\": [{\"key\": 1, \"title\": \"postgres_employee2_insertInput\", \"isLeaf\": false, \"isArray\": false, \"children\": [{\"key\": 2, \"title\": \"insert\", \"isLeaf\": false, \"isArray\": true, \"children\": [{\"key\": 3, \"title\": \"city\", \"isLeaf\": false, \"isArray\": false, \"parentKey\": 2}], \"parentKey\": 1, \"arrayIndex\": null}], \"parentKey\": 0}], \"mapConditionFormValue\": {}}}]}], \"mappedNodes\": [\"/postgres_employee2_insertOutputactionOut\", \"/postgres_employee2_insertOutputpipeOut\", \"/AList[]/firstname pipeIn\", \"/postgres_employee2_insertInput/insert[]/first_name actionIn\", \"/AList[]/lastname pipeIn\", \"/postgres_employee2_insertInput/insert[]/last_name actionIn\", \"/AList[]/email pipeIn\", \"/postgres_employee2_insertInput/insert[]/email actionIn\", \"/AList[]/gender pipeIn\", \"/postgres_employee2_insertInput/insert[]/gender actionIn\", \"/AList[]/jobtitle pipeIn\", \"/postgres_employee2_insertInput/insert[]/job_title actionIn\", \"/AList[]/state pipeIn\", \"/postgres_employee2_insertInput/insert[]/state actionIn\", \"/AList[]/city pipeIn\", \"/postgres_employee2_insertInput/insert[]/city actionIn\"]}",
    "null" : false
  },
  "output_structure_json" : {
    "type" : "jsonb",
    "value" : "{\"maps\": [{\"/postgres_employee2_insertOutput\": [{\"type\": \"map\", \"source\": {\"path\": \"/postgres_employee2_insertOutput\", \"title\": \"postgres_employee2_insertOutput\", \"dataElementType\": \"document\"}, \"target\": {\"path\": \"/postgres_employee2_insertOutput\", \"order\": 1, \"title\": \"postgres_employee2_insertOutput\", \"dataElementType\": \"document\"}, \"mapCondition\": {\"isConditionSet\": false, \"sourceTreeIndex\": [], \"targetTreeIndex\": [], \"mapConditionFormValue\": {}}}]}], \"tracks\": {}, \"transformer\": []}",
    "null" : false
  },
  "endpoint_structure_json" : {
    "type" : "jsonb",
    "value" : "{\"maps\": []}",
    "null" : false
  },
  "is_error" : false,
  "no_of_errors" : 0,
  "action_input_type" : null,
  "config_service_id" : null,
  "config_imap_id" : null,
  "config_b2b_document_type_id" : null,
  "config_document_id" : null,
  "add_variables" : {
    "type" : "jsonb",
    "value" : "[]",
    "null" : false
  },
  "drop_variables" : {
    "type" : "jsonb",
    "value" : "[]",
    "null" : false
  },
  "plug_input_structure" : null,
  "plug_output_structure" : null,
  "config_plug_id" : "1305cc65-171e-46ce-9e5a-61fc5d8064a2",
  "override_plug" : false,
  "config_java_service_id" : null,
  "service_tag" : "V27",
  "endpoint_tag" : "EMPTY",
  "config_service_tag" : "EMPTY",
  "config_imap_tag" : "EMPTY",
  "config_b2b_document_type_tag" : "EMPTY",
  "active" : false,
  "parent_component_config_service_tag" : "V27",
  "service_project_id" : "94afffa5-622e-4445-9e23-5019119fbd0b",
  "service_project_tag" : "V27",
  "config_service_project_id" : null,
  "config_service_project_tag" : "EMPTY",
  "config_imap_project_id" : null,
  "config_imap_project_tag" : "EMPTY",
  "config_b2b_document_type_project_id" : null,
  "config_b2b_document_type_project_tag" : "EMPTY",
  "endpoint_project_id" : "94afffa5-622e-4445-9e23-5019119fbd0b",
  "endpoint_project_tag" : "EMPTY",
  "config_plug_tag" : "EMPTY",
  "config_plug_project_id" : "94afffa5-622e-4445-9e23-5019119fbd0b",
  "config_plug_project_tag" : "EMPTY",
  "config_java_service_tag" : "EMPTY",
  "config_java_service_project_id" : null,
  "config_java_service_project_tag" : "EMPTY",
  "disabled" : false,
  "config" : {
    "type" : "json",
    "value" : "{\"objectId\":null,\"version\":null,\"objectApiId\":null}",
    "null" : false
  },
  "config_b2b_document_type_project_mode_id" : "112c1cb8-4b9e-4d1a-a042-0bd031dc7d05",
  "config_imap_project_mode_id" : "112c1cb8-4b9e-4d1a-a042-0bd031dc7d05",
  "config_java_service_project_mode_id" : "112c1cb8-4b9e-4d1a-a042-0bd031dc7d05",
  "config_plug_project_mode_id" : "112c1cb8-4b9e-4d1a-a042-0bd031dc7d05",
  "config_service_project_mode_id" : "112c1cb8-4b9e-4d1a-a042-0bd031dc7d05",
  "endpoint_project_mode_id" : "112c1cb8-4b9e-4d1a-a042-0bd031dc7d05",
  "service_project_mode_id" : "112c1cb8-4b9e-4d1a-a042-0bd031dc7d05",
  "parent_component_config_service_project_mode_id" : "112c1cb8-4b9e-4d1a-a042-0bd031dc7d05",
  "is_audit" : true,
  "keys_with_order" : null
}