{
  "component_config_id" : "f422942b-0fd9-407b-b755-e9e0bc5152eb",
  "endpoint_config_json" : {
    "type" : "jsonb",
    "value" : "{\"crossRef\": [], \"services\": [], \"multistep\": [], \"operations\": []}",
    "null" : false
  },
  "input_config_json" : {
    "type" : "jsonb",
    "value" : "{\"crossRef\": [], \"services\": [], \"multistep\": [], \"operations\": []}",
    "null" : false
  },
  "output_config_json" : {
    "type" : "jsonb",
    "value" : "{\"crossRef\": [], \"services\": [], \"multistep\": [], \"operations\": [{\"ifElseBlock\": {\"root\": false, \"cached\": false, \"target\": \"/limit\", \"disabled\": false, \"actualPath\": \"/limit\", \"operations\": [{\"map\": {\"id\": \"e902ef81-b36c-4cbc-b797-ad25984c2e44\", \"root\": false, \"type\": \"setValue\", \"cached\": false, \"mapNull\": false, \"disabled\": false, \"expression\": \"%{/getemployeesInput/limit}% != null \", \"extractXml\": false, \"extractJson\": false, \"targetValue\": \"%{/getemployeesInput/limit}%\", \"mapEmptyString\": false, \"targetJavaType\": \"java.lang.Integer\", \"variableSubstitution\": true}}, {\"map\": {\"id\": \"85a271da-3746-4273-8ec4-b771c1d34e57\", \"root\": false, \"type\": \"setValue\", \"cached\": false, \"mapNull\": false, \"disabled\": false, \"expression\": \"%{/getemployeesInput/limit}% == null \", \"extractXml\": false, \"extractJson\": false, \"targetValue\": \"%{/limitDefault}%\", \"mapEmptyString\": false, \"targetJavaType\": \"java.lang.Integer\", \"variableSubstitution\": true}}], \"targetOrder\": 1.0}}, {\"ifElseBlock\": {\"root\": false, \"cached\": false, \"target\": \"/offset\", \"disabled\": false, \"actualPath\": \"/offset\", \"operations\": [{\"map\": {\"id\": \"74baba48-95e6-4311-a296-125c285adc05\", \"root\": false, \"type\": \"setValue\", \"cached\": false, \"mapNull\": false, \"disabled\": false, \"expression\": \"%{/getemployeesInput/offset}% != null \", \"extractXml\": false, \"extractJson\": false, \"targetValue\": \"%{/getemployeesInput/offset}%\", \"mapEmptyString\": false, \"targetJavaType\": \"java.lang.Integer\", \"variableSubstitution\": true}}, {\"map\": {\"id\": \"a3c98318-5b1b-49fe-b1de-51af98dd95c7\", \"root\": false, \"type\": \"setValue\", \"cached\": false, \"mapNull\": false, \"disabled\": false, \"expression\": \"%{/getemployeesInput/offset}% == null \", \"extractXml\": false, \"extractJson\": false, \"targetValue\": \"%{/offsetDefault}%\", \"mapEmptyString\": false, \"targetJavaType\": \"java.lang.Integer\", \"variableSubstitution\": true}}], \"targetOrder\": 1.0}}]}",
    "null" : false
  },
  "component_id" : "8ac5fe03-27a2-4e6a-a449-6a8893818223",
  "service_id" : "007ac044-426d-4041-b892-9fb8d951619a",
  "endpoint_id" : null,
  "parent_component_config_id" : null,
  "component_config_order" : 0.75,
  "action_id" : "06843b78-eab0-45da-afab-8c8277d7553f",
  "name" : "Set limit and offset",
  "description" : "",
  "override_endpoint" : false,
  "input_structure_json" : {
    "type" : "jsonb",
    "value" : "{\"maps\": [], \"mappedNodes\": []}",
    "null" : false
  },
  "output_structure_json" : {
    "type" : "jsonb",
    "value" : "{\"maps\": [{\"/limit\": [{\"type\": \"conditionalMap\", \"target\": {\"path\": \"/limit\", \"order\": 1, \"title\": \"limit\", \"dataElementType\": \"integer\"}, \"actualPath\": \"/limit\", \"conditions\": [{\"id\": \"3130d282-cf43-4c9a-ada7-27751342a964\", \"type\": \"setValue\", \"fields\": [{\"id\": 1, \"path\": \"%{/getemployeesInput/limit}%\", \"field\": \"/getemployeesInput/limit\", \"value\": null, \"isGroup\": false, \"children\": null, \"operator\": \"!= null\", \"uniqueId\": \"5c1c3831-d2dc-4c55-9077-b9c1a843f97c\", \"operation\": \"&&\", \"isTreeChecked\": false, \"dataElementType\": \"integer\"}], \"mapNull\": false, \"setValue\": \"\", \"uiElement\": \"<input _ngcontent-ng-c3455819434=\\\"\\\" class=\\\"chip\\\" title=\\\"/getemployeesInput/limit\\\" readonly=\\\"true\\\" disabled=\\\"true\\\" type=\\\"button\\\" value=\\\"limit\\\">\", \"conditionName\": \"if\", \"mapEmptyString\": false, \"variableSubstitution\": true}, {\"id\": \"3a47d020-debf-4191-a7f2-3eabf3418d42\", \"type\": \"setValue\", \"fields\": [{\"id\": 1, \"path\": \"%{/getemployeesInput/limit}%\", \"field\": \"/getemployeesInput/limit\", \"value\": null, \"isGroup\": false, \"children\": null, \"operator\": \"== null\", \"uniqueId\": \"dc04e975-9f5a-492b-85be-e457695e7f9d\", \"operation\": \"&&\", \"isTreeChecked\": false, \"dataElementType\": \"integer\"}], \"mapNull\": false, \"setValue\": \"\", \"uiElement\": \"<input _ngcontent-ng-c3455819434=\\\"\\\" class=\\\"chip\\\" title=\\\"/limitDefault\\\" readonly=\\\"true\\\" disabled=\\\"true\\\" type=\\\"button\\\" value=\\\"limitDefault\\\">\", \"conditionName\": \"else-if\", \"mapEmptyString\": false, \"variableSubstitution\": true}], \"mapCondition\": {\"isConditionSet\": false, \"sourceTreeIndex\": [], \"targetTreeIndex\": [], \"mapConditionFormValue\": {}}, \"variableSubstitution\": false, \"overwritePipelineValue\": false}]}, {\"/offset\": [{\"type\": \"conditionalMap\", \"target\": {\"path\": \"/offset\", \"order\": 1, \"title\": \"offset\", \"dataElementType\": \"integer\"}, \"actualPath\": \"/offset\", \"conditions\": [{\"id\": \"4a7ac879-4d9a-423b-a3e3-27ac886d7b69\", \"type\": \"setValue\", \"fields\": [{\"id\": 1, \"path\": \"%{/getemployeesInput/offset}%\", \"field\": \"/getemployeesInput/offset\", \"value\": null, \"isGroup\": false, \"children\": null, \"operator\": \"!= null\", \"uniqueId\": \"8b931ace-9b2d-408e-ab79-7ccfb820f147\", \"operation\": \"&&\", \"isTreeChecked\": false, \"dataElementType\": \"integer\"}], \"mapNull\": false, \"setValue\": \"\", \"uiElement\": \"<input _ngcontent-ng-c3455819434=\\\"\\\" class=\\\"chip\\\" title=\\\"/getemployeesInput/offset\\\" readonly=\\\"true\\\" disabled=\\\"true\\\" type=\\\"button\\\" value=\\\"offset\\\">\", \"conditionName\": \"if\", \"mapEmptyString\": false, \"variableSubstitution\": true}, {\"id\": \"0a7d4804-4746-4e85-abdd-52ae7792507e\", \"type\": \"setValue\", \"fields\": [{\"id\": 1, \"path\": \"%{/getemployeesInput/offset}%\", \"field\": \"/getemployeesInput/offset\", \"value\": null, \"isGroup\": false, \"children\": null, \"operator\": \"== null\", \"uniqueId\": \"1d69bbc1-e20e-4946-bd7d-c6ffdd5d0673\", \"operation\": \"&&\", \"isTreeChecked\": false, \"dataElementType\": \"integer\"}], \"mapNull\": false, \"setValue\": \"\", \"uiElement\": \"<input _ngcontent-ng-c3455819434=\\\"\\\" class=\\\"chip\\\" title=\\\"/offsetDefault\\\" readonly=\\\"true\\\" disabled=\\\"true\\\" type=\\\"button\\\" value=\\\"offsetDefault\\\">\", \"conditionName\": \"else-if\", \"mapEmptyString\": false, \"variableSubstitution\": true}], \"mapCondition\": {\"isConditionSet\": false, \"sourceTreeIndex\": [], \"targetTreeIndex\": [], \"mapConditionFormValue\": {}}, \"variableSubstitution\": false, \"overwritePipelineValue\": false}]}], \"transformer\": []}",
    "null" : false
  },
  "endpoint_structure_json" : {
    "type" : "jsonb",
    "value" : "{\"maps\": []}",
    "null" : false
  },
  "is_error" : false,
  "no_of_errors" : 0,
  "action_input_type" : null,
  "config_service_id" : null,
  "config_imap_id" : null,
  "config_b2b_document_type_id" : null,
  "config_document_id" : null,
  "add_variables" : {
    "type" : "jsonb",
    "value" : "[]",
    "null" : false
  },
  "drop_variables" : {
    "type" : "jsonb",
    "value" : "[]",
    "null" : false
  },
  "plug_input_structure" : null,
  "plug_output_structure" : null,
  "config_plug_id" : null,
  "override_plug" : false,
  "config_java_service_id" : null,
  "service_tag" : "V27",
  "endpoint_tag" : "EMPTY",
  "config_service_tag" : "EMPTY",
  "config_imap_tag" : "EMPTY",
  "config_b2b_document_type_tag" : "EMPTY",
  "active" : false,
  "parent_component_config_service_tag" : "V27",
  "service_project_id" : "94afffa5-622e-4445-9e23-5019119fbd0b",
  "service_project_tag" : "V27",
  "config_service_project_id" : null,
  "config_service_project_tag" : "EMPTY",
  "config_imap_project_id" : null,
  "config_imap_project_tag" : "EMPTY",
  "config_b2b_document_type_project_id" : null,
  "config_b2b_document_type_project_tag" : "EMPTY",
  "endpoint_project_id" : null,
  "endpoint_project_tag" : "EMPTY",
  "config_plug_tag" : "EMPTY",
  "config_plug_project_id" : null,
  "config_plug_project_tag" : "EMPTY",
  "config_java_service_tag" : "EMPTY",
  "config_java_service_project_id" : null,
  "config_java_service_project_tag" : "EMPTY",
  "disabled" : false,
  "config" : null,
  "config_b2b_document_type_project_mode_id" : "112c1cb8-4b9e-4d1a-a042-0bd031dc7d05",
  "config_imap_project_mode_id" : "112c1cb8-4b9e-4d1a-a042-0bd031dc7d05",
  "config_java_service_project_mode_id" : "112c1cb8-4b9e-4d1a-a042-0bd031dc7d05",
  "config_plug_project_mode_id" : "112c1cb8-4b9e-4d1a-a042-0bd031dc7d05",
  "config_service_project_mode_id" : "112c1cb8-4b9e-4d1a-a042-0bd031dc7d05",
  "endpoint_project_mode_id" : "112c1cb8-4b9e-4d1a-a042-0bd031dc7d05",
  "service_project_mode_id" : "112c1cb8-4b9e-4d1a-a042-0bd031dc7d05",
  "parent_component_config_service_project_mode_id" : "112c1cb8-4b9e-4d1a-a042-0bd031dc7d05",
  "is_audit" : true,
  "keys_with_order" : null
}