{
  "id" : "b2f5dc7a-bfde-40af-9ca8-461c2e2483c8",
  "name" : "HelloAWSS3",
  "description" : "HelloAWSS3",
  "iserror" : false,
  "no_of_errors" : 0,
  "service_input" : null,
  "service_output" : null,
  "service_input_json_schema" : null,
  "service_output_json_schema" : null,
  "type" : "EVENTDRIVEN",
  "error_handler" : false,
  "tag" : "V26",
  "active" : false,
  "is_changed" : false,
  "comment" : "Added Hello DocumentArrayMapper - Part 3",
  "base_tag" : "V25",
  "test_input" : {
    "type" : "jsonb",
    "value" : "[]",
    "null" : false
  },
  "test_input_structure" : {
    "type" : "jsonb",
    "value" : "[]",
    "null" : false
  }
}