{
  "id" : "670f7329-e468-4283-9423-525deb829c31",
  "name" : "HTTP Server2",
  "description" : "HTTP Server",
  "iserror" : false,
  "no_of_errors" : 0,
  "service_input" : null,
  "service_output" : null,
  "service_input_json_schema" : null,
  "service_output_json_schema" : null,
  "type" : "EVENTDRIVEN",
  "error_handler" : false,
  "tag" : "V26",
  "active" : false,
  "is_changed" : false,
  "comment" : "Added Hello DocumentArrayMapper - Part 3",
  "base_tag" : "V25",
  "test_input" : {
    "type" : "jsonb",
    "value" : "[]",
    "null" : false
  },
  "test_input_structure" : {
    "type" : "jsonb",
    "value" : "[]",
    "null" : false
  }
}