{
  "id" : "40ff559f-2a3d-4123-a774-495c33f818ab",
  "type" : "apikey",
  "project_tag" : "V26",
  "name" : "APIKey",
  "description" : "APIKey",
  "apikey_key_name" : "x-api-key",
  "entity_id" : "a2dc7617-fd99-427b-8cd0-02b7634e58db",
  "jwks_uri" : null,
  "jwks_timeout" : null,
  "cache_duration" : null,
  "clock_skew" : null,
  "client_id_key" : null,
  "issuer" : null,
  "audiences" : {
    "type" : "jsonb",
    "value" : "[]",
    "null" : false
  },
  "flows" : {
    "type" : "jsonb",
    "value" : "[]",
    "null" : false
  },
  "scopes" : {
    "type" : "jsonb",
    "value" : "{}",
    "null" : false
  },
  "scopes_claim" : "scp",
  "forward_credentials_on_success" : false,
  "forward_payload_header" : null,
  "identity_provider_id" : null,
  "apikey_location" : "HEADER"
}