{
  "id" : "529cf63e-8d67-412c-abc2-f6e42a28289a",
  "name" : "Petstore",
  "description" : "Petstore",
  "connection_config" : null,
  "endpoint_type_id" : "0a9d8996-f8e5-4d7d-8231-225a34233807",
  "enabled" : true,
  "bean_name" : "OpenAPIClient-529cf63e-8d67-412c-abc2-f6e42a28289a",
  "status" : {
    "type" : "jsonb",
    "value" : "{\"112c1cb8-4b9e-4d1a-a042-0bd031dc7d05\": true, \"81e359da-9454-40ba-b968-1273a3b8e37b\": true, \"bdf2e4f5-a195-40b5-a82a-1d76ab30e077\": true}",
    "null" : false
  },
  "auth_token_config" : {
    "type" : "jsonb",
    "value" : "{}",
    "null" : false
  },
  "avatar_id" : null,
  "tag" : "V15",
  "active" : false,
  "is_changed" : false,
  "comment" : "Fixed a missing connector in an integration",
  "is_error" : false,
  "base_tag" : "V14"
}