{
  "id" : "03cb8636-90d9-43e7-98fd-903941c27236",
  "name" : "HelloASWSQSListener",
  "description" : "HelloASWSQSListener",
  "iserror" : false,
  "no_of_errors" : 0,
  "service_input" : null,
  "service_output" : null,
  "service_input_json_schema" : null,
  "service_output_json_schema" : null,
  "type" : "EVENTDRIVEN",
  "error_handler" : false,
  "tag" : "V14",
  "active" : false,
  "is_changed" : false,
  "comment" : "Added HTTP Client Multipart Form Data binary file upload to uploadcare",
  "base_tag" : "V13",
  "test_input" : {
    "type" : "jsonb",
    "value" : "[]",
    "null" : false
  },
  "test_input_structure" : {
    "type" : "jsonb",
    "value" : "[]",
    "null" : false
  }
}