{
  "id" : "3583c287-2407-4c6a-9203-4c48644ac111",
  "name" : "HelloDocStore",
  "description" : "HelloDocStore",
  "iserror" : false,
  "no_of_errors" : 0,
  "service_input" : null,
  "service_output" : null,
  "service_input_json_schema" : null,
  "service_output_json_schema" : null,
  "type" : "EVENTDRIVEN",
  "error_handler" : false,
  "tag" : "V14",
  "active" : false,
  "is_changed" : false,
  "comment" : "Added HTTP Client Multipart Form Data binary file upload to uploadcare",
  "base_tag" : "V13",
  "test_input" : {
    "type" : "jsonb",
    "value" : "[]",
    "null" : false
  },
  "test_input_structure" : {
    "type" : "jsonb",
    "value" : "[]",
    "null" : false
  }
}