{
  "id" : "45c6a957-b6df-4292-b636-27fc9f4e0dea",
  "name" : "PetstoreTest",
  "description" : "PetstoreTest",
  "iserror" : false,
  "no_of_errors" : 0,
  "service_input" : null,
  "service_output" : null,
  "service_input_json_schema" : null,
  "service_output_json_schema" : null,
  "type" : "EVENTDRIVEN",
  "error_handler" : false,
  "tag" : "V14",
  "active" : false,
  "is_changed" : false,
  "comment" : "Added HTTP Client Multipart Form Data binary file upload to uploadcare",
  "base_tag" : "V13",
  "test_input" : {
    "type" : "jsonb",
    "value" : "[]",
    "null" : false
  },
  "test_input_structure" : {
    "type" : "jsonb",
    "value" : "[]",
    "null" : false
  }
}